2025-10-21 14:29:06,460 - Knowledge - INFO - Created shared MongoDB connection pool
2025-10-21 14:29:06,793 - Knowledge - INFO - Starting Knowledge Graph processing with 50 threads
2025-10-21 14:29:06,976 - Knowledge - INFO - Initial configuration: chunk_size=65536, max_cache_size=500
2025-10-21 14:29:08,583 - Knowledge - INFO - load persisted knowledge: begin
2025-10-21 14:29:08,742 - Knowledge - INFO - Loaded 0 files from persisted knowledge
2025-10-21 14:29:08,936 - Knowledge - INFO - load persisted knowledge: end
2025-10-21 14:29:09,124 - Knowledge - WARNING - No persisted knowledge found. Files will be queued during start()
2025-10-21 14:29:09,312 - Knowledge - INFO - Redis support added with prefix knowledge:b8996uu:
2025-10-21 14:29:10,329 - Knowledge - INFO - load persisted docinfo: begin
2025-10-21 14:29:10,512 - Knowledge - INFO - load persisted docinfo: end
2025-10-21 14:29:10,704 - Knowledge - INFO - Populating ingest queue with source files...
2025-10-21 14:29:11,239 - Knowledge - INFO - Added 1389 files from /app/data/kaviademo4200/6784/b8996uu/RDK to ingest queue
2025-10-21 14:29:11,409 - Knowledge - INFO - Worker kw1 created using shared MongoDB connection pool
2025-10-21 14:29:11,602 - Knowledge - INFO - knowledge worker kw1 start
2025-10-21 14:29:11,602 - Knowledge - INFO - Worker kw2 created using shared MongoDB connection pool
2025-10-21 14:29:11,760 - Knowledge - INFO - [kw1] Queue=1389, InProgress=0, PendingWorkers=0/1, Completed=0/1389 (0.0%)
2025-10-21 14:29:11,852 - Knowledge - INFO - knowledge worker kw2 start
2025-10-21 14:29:11,852 - Knowledge - INFO - Worker kw3 created using shared MongoDB connection pool
2025-10-21 14:29:11,946 - Knowledge - INFO - Dynamic batch size: 200 for queue=1389
2025-10-21 14:29:12,072 - Knowledge - INFO - [kw2] Queue=1389, InProgress=0, PendingWorkers=0/2, Completed=0/1389 (0.0%)
2025-10-21 14:29:12,166 - Knowledge - INFO - knowledge worker kw3 start
2025-10-21 14:29:12,166 - Knowledge - INFO - Worker kw4 created using shared MongoDB connection pool
2025-10-21 14:29:12,264 - Knowledge - INFO - Worker kw1 processing /app/data/kaviademo4200/6784/b8996uu/RDK/UserSettings/UserSettings.json
2025-10-21 14:29:12,361 - Knowledge - INFO - Dynamic batch size: 100 for queue=1389
2025-10-21 14:29:12,455 - Knowledge - INFO - [kw3] Queue=1189, InProgress=0, PendingWorkers=1/3, Completed=0/1389 (0.0%)
2025-10-21 14:29:12,543 - Knowledge - INFO - knowledge worker kw4 start
2025-10-21 14:29:12,543 - Knowledge - INFO - Worker kw5 created using shared MongoDB connection pool
2025-10-21 14:29:12,628 - Knowledge - INFO - Fast-tracked /app/data/kaviademo4200/6784/b8996uu/RDK/UserSettings/UserSettings.json (ext=.json, size=21963)
2025-10-21 14:29:12,713 - Knowledge - INFO - Worker kw2 processing /app/data/kaviademo4200/6784/b8996uu/RDK/SystemAudioPlayer/Module.cpp
2025-10-21 14:29:12,803 - Knowledge - INFO - Dynamic batch size: 100 for queue=1189
2025-10-21 14:29:12,883 - Knowledge - INFO - [kw4] Queue=1089, InProgress=0, PendingWorkers=2/4, Completed=0/1389 (0.0%)
2025-10-21 14:29:12,975 - Knowledge - INFO - knowledge worker kw5 start
2025-10-21 14:29:12,975 - Knowledge - INFO - Worker kw6 created using shared MongoDB connection pool
2025-10-21 14:29:13,086 - Knowledge - INFO - Worker kw1 processing /app/data/kaviademo4200/6784/b8996uu/RDK/UserSettings/Module.h
2025-10-21 14:29:13,200 - Knowledge - INFO - Fast-tracked /app/data/kaviademo4200/6784/b8996uu/RDK/SystemAudioPlayer/Module.cpp (ext=.cpp, size=765)
2025-10-21 14:29:13,297 - Knowledge - INFO - Worker kw3 processing /app/data/kaviademo4200/6784/b8996uu/RDK/HelloWorld/HelloWorld.h
2025-10-21 14:29:13,380 - Knowledge - INFO - Dynamic batch size: 100 for queue=1089
2025-10-21 14:29:13,483 - Knowledge - INFO - [kw5] Queue=989, InProgress=0, PendingWorkers=3/5, Completed=0/1389 (0.0%)
2025-10-21 14:29:13,605 - Knowledge - INFO - knowledge worker kw6 start
2025-10-21 14:29:13,605 - Knowledge - INFO - Worker kw7 created using shared MongoDB connection pool
2025-10-21 14:29:13,711 - Knowledge - INFO - Fast-tracked /app/data/kaviademo4200/6784/b8996uu/RDK/UserSettings/Module.h (ext=.h, size=874)
2025-10-21 14:29:13,789 - Knowledge - INFO - Worker kw2 processing /app/data/kaviademo4200/6784/b8996uu/RDK/SystemAudioPlayer/CHANGELOG.md
2025-10-21 14:29:13,930 - Knowledge - INFO - Worker kw3 processing /app/data/kaviademo4200/6784/b8996uu/RDK/HelloWorld/CMakeLists.txt
2025-10-21 14:29:14,029 - Knowledge - INFO - Worker kw4 processing /app/data/kaviademo4200/6784/b8996uu/RDK/DeviceIdentification/Implementation/Linux/Linux.cpp
2025-10-21 14:29:14,151 - Knowledge - INFO - Dynamic batch size: 75 for queue=989
2025-10-21 14:29:14,277 - Knowledge - INFO - [kw6] Queue=889, InProgress=0, PendingWorkers=4/6, Completed=0/1389 (0.0%)
2025-10-21 14:29:14,365 - Knowledge - INFO - knowledge worker kw7 start
2025-10-21 14:29:14,365 - Knowledge - INFO - Worker kw8 created using shared MongoDB connection pool
2025-10-21 14:29:14,458 - Knowledge - INFO - Worker kw1 processing /app/data/kaviademo4200/6784/b8996uu/RDK/UserSettings/UserSettingsImplementation.h
2025-10-21 14:29:14,544 - Knowledge - INFO - Fast-tracked /app/data/kaviademo4200/6784/b8996uu/RDK/SystemAudioPlayer/CHANGELOG.md (ext=.md, size=2118)
2025-10-21 14:29:14,664 - Knowledge - INFO - Fast-tracked /app/data/kaviademo4200/6784/b8996uu/RDK/HelloWorld/CMakeLists.txt (ext=.txt, size=2081)
2025-10-21 14:29:14,758 - Knowledge - INFO - Worker kw4 processing /app/data/kaviademo4200/6784/b8996uu/RDK/DeviceIdentification/Implementation/Realtek/Realtek.cpp
2025-10-21 14:29:14,883 - Knowledge - INFO - Worker kw5 processing /app/data/kaviademo4200/6784/b8996uu/RDK/SystemMode/SystemModeImplementation.cpp
2025-10-21 14:29:14,987 - Knowledge - INFO - Dynamic batch size: 75 for queue=889
2025-10-21 14:29:15,067 - Knowledge - INFO - [kw7] Queue=814, InProgress=0, PendingWorkers=5/7, Completed=0/1389 (0.0%)
2025-10-21 14:29:15,164 - Knowledge - INFO - knowledge worker kw8 start
2025-10-21 14:29:15,165 - Knowledge - INFO - Worker kw9 created using shared MongoDB connection pool
2025-10-21 14:29:15,261 - Knowledge - INFO - Worker kw1 processing /app/data/kaviademo4200/6784/b8996uu/RDK/UserSettings/UserSettings.h
2025-10-21 14:29:15,363 - Knowledge - INFO - Worker kw2 processing /app/data/kaviademo4200/6784/b8996uu/RDK/SystemAudioPlayer/ProxyStubs_SystemAudioPlayer.cpp
2025-10-21 14:29:15,446 - Knowledge - INFO - Worker kw3 processing /app/data/kaviademo4200/6784/b8996uu/RDK/HelloWorld/HelloWorld.cpp
2025-10-21 14:29:15,529 - Knowledge - INFO - Worker kw4 processing /app/data/kaviademo4200/6784/b8996uu/RDK/DeviceIdentification/Implementation/Amlogic/Amlogic.cpp
2025-10-21 14:29:15,611 - Knowledge - INFO - Worker kw5 processing /app/data/kaviademo4200/6784/b8996uu/RDK/SystemMode/SystemModePlugin.json
2025-10-21 14:29:15,699 - Knowledge - INFO - Worker kw6 processing /app/data/kaviademo4200/6784/b8996uu/RDK/LEDControl/LEDControl.json
2025-10-21 14:29:15,777 - Knowledge - INFO - Dynamic batch size: 75 for queue=814
2025-10-21 14:29:15,897 - Knowledge - INFO - [kw8] Queue=739, InProgress=0, PendingWorkers=6/8, Completed=0/1389 (0.0%)
2025-10-21 14:29:15,974 - Knowledge - INFO - knowledge worker kw9 start
2025-10-21 14:29:15,974 - Knowledge - INFO - Worker kw10 created using shared MongoDB connection pool
2025-10-21 14:29:16,054 - Knowledge - INFO - Worker kw1 processing /app/data/kaviademo4200/6784/b8996uu/RDK/UserSettings/CMakeLists.txt
2025-10-21 14:29:16,185 - Knowledge - INFO - Worker kw2 processing /app/data/kaviademo4200/6784/b8996uu/RDK/ScreenCapture/Module.h
2025-10-21 14:29:16,279 - Knowledge - INFO - Worker kw3 processing /app/data/kaviademo4200/6784/b8996uu/RDK/HelloWorld/README.md
2025-10-21 14:29:16,412 - Knowledge - INFO - Worker kw4 processing /app/data/kaviademo4200/6784/b8996uu/RDK/DeviceIdentification/Implementation/MFR/MFR.cpp
2025-10-21 14:29:16,524 - Knowledge - INFO - Fast-tracked /app/data/kaviademo4200/6784/b8996uu/RDK/SystemMode/SystemModePlugin.json (ext=.json, size=498)
2025-10-21 14:29:16,646 - Knowledge - INFO - Fast-tracked /app/data/kaviademo4200/6784/b8996uu/RDK/LEDControl/LEDControl.json (ext=.json, size=2742)
2025-10-21 14:29:16,755 - Knowledge - INFO - Worker kw7 processing /app/data/kaviademo4200/6784/b8996uu/RDK/DTV/Module.cpp
2025-10-21 14:29:16,857 - Knowledge - INFO - Dynamic batch size: 75 for queue=739
2025-10-21 14:29:16,951 - Knowledge - INFO - [kw9] Queue=664, InProgress=0, PendingWorkers=7/9, Completed=0/1389 (0.0%)
2025-10-21 14:29:17,062 - Knowledge - INFO - knowledge worker kw10 start
2025-10-21 14:29:17,062 - Knowledge - INFO - Worker kw11 created using shared MongoDB connection pool
2025-10-21 14:29:17,146 - Knowledge - INFO - Fast-tracked /app/data/kaviademo4200/6784/b8996uu/RDK/UserSettings/CMakeLists.txt (ext=.txt, size=2724)
2025-10-21 14:29:17,252 - Knowledge - INFO - Fast-tracked /app/data/kaviademo4200/6784/b8996uu/RDK/ScreenCapture/Module.h (ext=.h, size=877)
2025-10-21 14:29:17,349 - Knowledge - INFO - Fast-tracked /app/data/kaviademo4200/6784/b8996uu/RDK/HelloWorld/README.md (ext=.md, size=4738)
2025-10-21 14:29:17,437 - Knowledge - INFO - Worker kw4 processing /app/data/kaviademo4200/6784/b8996uu/RDK/DeviceIdentification/Implementation/RPI/RPI.cpp
2025-10-21 14:29:17,541 - Knowledge - INFO - Worker kw5 processing /app/data/kaviademo4200/6784/b8996uu/RDK/SystemMode/SystemMode.cpp
2025-10-21 14:29:17,624 - Knowledge - INFO - Worker kw6 processing /app/data/kaviademo4200/6784/b8996uu/RDK/LEDControl/CMakeLists.txt
2025-10-21 14:29:17,743 - Knowledge - INFO - Fast-tracked /app/data/kaviademo4200/6784/b8996uu/RDK/DTV/Module.cpp (ext=.cpp, size=780)
2025-10-21 14:29:17,830 - Knowledge - INFO - Worker kw8 processing /app/data/kaviademo4200/6784/b8996uu/RDK/Tools/json_generator/Log.py
2025-10-21 14:29:17,943 - Knowledge - INFO - Dynamic batch size: 75 for queue=664
2025-10-21 14:29:18,016 - Knowledge - INFO - [kw10] Queue=589, InProgress=0, PendingWorkers=8/10, Completed=0/1389 (0.0%)
2025-10-21 14:29:18,108 - Knowledge - INFO - knowledge worker kw11 start
2025-10-21 14:29:18,108 - Knowledge - INFO - Worker kw12 created using shared MongoDB connection pool
2025-10-21 14:29:18,216 - Knowledge - INFO - Worker kw1 processing /app/data/kaviademo4200/6784/b8996uu/RDK/UserSettings/UserSettings.cpp
2025-10-21 14:29:18,316 - Knowledge - INFO - Worker kw2 processing /app/data/kaviademo4200/6784/b8996uu/RDK/ScreenCapture/ScreenCapture.json
2025-10-21 14:29:18,420 - Knowledge - INFO - Worker kw3 processing /app/data/kaviademo4200/6784/b8996uu/RDK/HelloWorld/HelloWorldImplementation.cpp
2025-10-21 14:29:18,499 - Knowledge - INFO - Worker kw4 processing /app/data/kaviademo4200/6784/b8996uu/RDK/DeviceIdentification/Implementation/Broadcom/Broadcom.cpp
2025-10-21 14:29:18,583 - Knowledge - INFO - Worker kw5 processing /app/data/kaviademo4200/6784/b8996uu/RDK/SystemMode/Module.cpp
2025-10-21 14:29:18,673 - Knowledge - INFO - Fast-tracked /app/data/kaviademo4200/6784/b8996uu/RDK/LEDControl/CMakeLists.txt (ext=.txt, size=2114)
2025-10-21 14:29:18,754 - Knowledge - INFO - Worker kw7 processing /app/data/kaviademo4200/6784/b8996uu/RDK/DTV/CHANGELOG.md
2025-10-21 14:29:18,854 - Knowledge - INFO - Worker kw8 processing /app/data/kaviademo4200/6784/b8996uu/RDK/Tools/json_generator/global.json
2025-10-21 14:29:18,924 - Knowledge - INFO - Worker kw9 processing /app/data/kaviademo4200/6784/b8996uu/RDK/PlayerInfo/CMakeLists.txt
2025-10-21 14:29:19,006 - Knowledge - INFO - Dynamic batch size: 75 for queue=589
2025-10-21 14:29:19,094 - Knowledge - INFO - [kw11] Queue=514, InProgress=0, PendingWorkers=9/11, Completed=0/1389 (0.0%)
2025-10-21 14:29:19,218 - Knowledge - INFO - knowledge worker kw12 start
2025-10-21 14:29:19,218 - Knowledge - INFO - Worker kw13 created using shared MongoDB connection pool
2025-10-21 14:29:19,325 - Knowledge - INFO - Worker kw1 processing /app/data/kaviademo4200/6784/b8996uu/RDK/UserSettings/Module.cpp
2025-10-21 14:29:19,443 - Knowledge - INFO - Fast-tracked /app/data/kaviademo4200/6784/b8996uu/RDK/ScreenCapture/ScreenCapture.json (ext=.json, size=3101)
2025-10-21 14:29:19,533 - Knowledge - INFO - Worker kw3 processing /app/data/kaviademo4200/6784/b8996uu/RDK/HelloWorld/Module.cpp
2025-10-21 14:29:19,649 - Knowledge - INFO - Worker kw4 processing /app/data/kaviademo4200/6784/b8996uu/RDK/DeviceIdentification/CMakeLists.txt
2025-10-21 14:29:19,729 - Knowledge - INFO - Fast-tracked /app/data/kaviademo4200/6784/b8996uu/RDK/SystemMode/Module.cpp (ext=.cpp, size=763)
2025-10-21 14:29:19,817 - Knowledge - INFO - Worker kw6 processing /app/data/kaviademo4200/6784/b8996uu/RDK/LEDControl/LEDControlPlugin.json
2025-10-21 14:29:19,921 - Knowledge - INFO - Fast-tracked /app/data/kaviademo4200/6784/b8996uu/RDK/DTV/CHANGELOG.md (ext=.md, size=1569)
2025-10-21 14:29:20,003 - Knowledge - INFO - Fast-tracked /app/data/kaviademo4200/6784/b8996uu/RDK/Tools/json_generator/global.json (ext=.json, size=982)
2025-10-21 14:29:20,102 - Knowledge - INFO - Fast-tracked /app/data/kaviademo4200/6784/b8996uu/RDK/PlayerInfo/CMakeLists.txt (ext=.txt, size=3567)
2025-10-21 14:29:20,223 - Knowledge - INFO - Worker kw10 processing /app/data/kaviademo4200/6784/b8996uu/RDK/docs/_coverpage.md
2025-10-21 14:29:20,313 - Knowledge - INFO - Dynamic batch size: 75 for queue=514
2025-10-21 14:29:20,396 - Knowledge - INFO - [kw12] Queue=439, InProgress=0, PendingWorkers=10/12, Completed=0/1389 (0.0%)
2025-10-21 14:29:20,508 - Knowledge - INFO - knowledge worker kw13 start
2025-10-21 14:29:20,508 - Knowledge - INFO - Worker kw14 created using shared MongoDB connection pool
2025-10-21 14:29:20,629 - Knowledge - INFO - Fast-tracked /app/data/kaviademo4200/6784/b8996uu/RDK/UserSettings/Module.cpp (ext=.cpp, size=763)
2025-10-21 14:29:20,751 - Knowledge - INFO - Worker kw2 processing /app/data/kaviademo4200/6784/b8996uu/RDK/ScreenCapture/ScreenCapture.h
2025-10-21 14:29:20,872 - Knowledge - INFO - Fast-tracked /app/data/kaviademo4200/6784/b8996uu/RDK/HelloWorld/Module.cpp (ext=.cpp, size=765)
2025-10-21 14:29:20,958 - Knowledge - INFO - Fast-tracked /app/data/kaviademo4200/6784/b8996uu/RDK/DeviceIdentification/CMakeLists.txt (ext=.txt, size=4870)
2025-10-21 14:29:21,071 - Knowledge - INFO - Worker kw5 processing /app/data/kaviademo4200/6784/b8996uu/RDK/SystemMode/CHANGELOG.md
2025-10-21 14:29:21,151 - Knowledge - INFO - Fast-tracked /app/data/kaviademo4200/6784/b8996uu/RDK/LEDControl/LEDControlPlugin.json (ext=.json, size=484)
2025-10-21 14:29:21,285 - Knowledge - INFO - Worker kw7 processing /app/data/kaviademo4200/6784/b8996uu/RDK/DTV/DTV.cpp
2025-10-21 14:29:21,398 - Knowledge - INFO - Worker kw8 processing /app/data/kaviademo4200/6784/b8996uu/RDK/Tools/json_generator/generator_json.py
2025-10-21 14:29:21,495 - Knowledge - INFO - Worker kw9 processing /app/data/kaviademo4200/6784/b8996uu/RDK/PlayerInfo/cmake/FindGStreamer.cmake
2025-10-21 14:29:21,576 - Knowledge - INFO - Fast-tracked /app/data/kaviademo4200/6784/b8996uu/RDK/docs/_coverpage.md (ext=.md, size=246)
2025-10-21 14:29:21,674 - Knowledge - INFO - Worker kw11 processing /app/data/kaviademo4200/6784/b8996uu/RDK/docs/userguide/aat.md
2025-10-21 14:29:21,778 - Knowledge - INFO - Dynamic batch size: 50 for queue=439
2025-10-21 14:29:21,880 - Knowledge - INFO - [kw13] Queue=364, InProgress=0, PendingWorkers=11/13, Completed=0/1389 (0.0%)
2025-10-21 14:29:21,961 - Knowledge - INFO - knowledge worker kw14 start
2025-10-21 14:29:21,962 - Knowledge - INFO - Worker kw15 created using shared MongoDB connection pool
2025-10-21 14:29:22,074 - Knowledge - INFO - Worker kw1 processing /app/data/kaviademo4200/6784/b8996uu/RDK/UserSettings/UserSettingsImplementation.cpp
2025-10-21 14:29:22,199 - Knowledge - INFO - Worker kw2 processing /app/data/kaviademo4200/6784/b8996uu/RDK/ScreenCapture/Implementation/Realtek/kms.c
2025-10-21 14:29:22,278 - Knowledge - INFO - Worker kw3 processing /app/data/kaviademo4200/6784/b8996uu/RDK/HelloWorld/CHANGELOG.md
2025-10-21 14:29:22,395 - Knowledge - INFO - Worker kw4 processing /app/data/kaviademo4200/6784/b8996uu/RDK/DeviceIdentification/cmake/FindMFRFWLibs.cmake
2025-10-21 14:29:22,481 - Knowledge - INFO - Fast-tracked /app/data/kaviademo4200/6784/b8996uu/RDK/SystemMode/CHANGELOG.md (ext=.md, size=1293)
2025-10-21 14:29:22,567 - Knowledge - INFO - Worker kw6 processing /app/data/kaviademo4200/6784/b8996uu/RDK/LEDControl/Module.cpp
2025-10-21 14:29:22,680 - Knowledge - INFO - Worker kw7 processing /app/data/kaviademo4200/6784/b8996uu/RDK/CMakeLists.txt
2025-10-21 14:29:22,764 - Knowledge - INFO - Fast-tracked /app/data/kaviademo4200/6784/b8996uu/RDK/Tools/json_generator/generator_json.py (ext=.py, size=130704)
2025-10-21 14:29:22,835 - Knowledge - INFO - Worker kw9 processing /app/data/kaviademo4200/6784/b8996uu/RDK/PlayerInfo/cmake/FindIARMBus.cmake
2025-10-21 14:29:22,942 - Knowledge - INFO - Worker kw10 processing /app/data/kaviademo4200/6784/b8996uu/RDK/docs/api/HdmiInputPlugin.md
2025-10-21 14:29:23,053 - Knowledge - INFO - Fast-tracked /app/data/kaviademo4200/6784/b8996uu/RDK/docs/userguide/aat.md (ext=.md, size=1734)
2025-10-21 14:29:23,135 - Knowledge - INFO - Worker kw12 processing /app/data/kaviademo4200/6784/b8996uu/RDK/helpers/WebSockets/Roles/SingleClientServer.h
2025-10-21 14:29:23,310 - Knowledge - INFO - Dynamic batch size: 50 for queue=364
2025-10-21 14:29:23,429 - Knowledge - INFO - [kw14] Queue=314, InProgress=0, PendingWorkers=12/14, Completed=0/1389 (0.0%)
2025-10-21 14:29:23,511 - Knowledge - INFO - knowledge worker kw15 start
2025-10-21 14:29:23,512 - Knowledge - INFO - Worker kw16 created using shared MongoDB connection pool
2025-10-21 14:29:23,615 - Knowledge - INFO - Worker kw1 processing /app/data/kaviademo4200/6784/b8996uu/RDK/UserSettings/CHANGELOG.md
2025-10-21 14:29:23,728 - Knowledge - INFO - Worker kw2 processing /app/data/kaviademo4200/6784/b8996uu/RDK/ScreenCapture/Implementation/Realtek/Realtek.h
2025-10-21 14:29:23,827 - Knowledge - INFO - Fast-tracked /app/data/kaviademo4200/6784/b8996uu/RDK/HelloWorld/CHANGELOG.md (ext=.md, size=1296)
2025-10-21 14:29:23,945 - Knowledge - INFO - Worker kw4 processing /app/data/kaviademo4200/6784/b8996uu/RDK/DeviceIdentification/cmake/FindNXCLIENT.cmake
2025-10-21 14:29:24,034 - Knowledge - INFO - Worker kw5 processing /app/data/kaviademo4200/6784/b8996uu/RDK/WifiManager/test/thunder-wifimanager-test.js
2025-10-21 14:29:24,169 - Knowledge - INFO - Fast-tracked /app/data/kaviademo4200/6784/b8996uu/RDK/LEDControl/Module.cpp (ext=.cpp, size=765)
2025-10-21 14:29:24,270 - Knowledge - INFO - Fast-tracked /app/data/kaviademo4200/6784/b8996uu/RDK/CMakeLists.txt (ext=.txt, size=8774)
2025-10-21 14:29:24,358 - Knowledge - INFO - Worker kw8 processing /app/data/kaviademo4200/6784/b8996uu/RDK/Tools/md_generator/generate_md.py
2025-10-21 14:29:24,443 - Knowledge - INFO - Fast-tracked /app/data/kaviademo4200/6784/b8996uu/RDK/PlayerInfo/cmake/FindIARMBus.cmake (ext=.cmake, size=1860)
2025-10-21 14:29:24,558 - Knowledge - INFO - Fast-tracked /app/data/kaviademo4200/6784/b8996uu/RDK/docs/api/HdmiInputPlugin.md (ext=.md, size=28028)
2025-10-21 14:29:24,655 - Knowledge - INFO - Worker kw11 processing /app/data/kaviademo4200/6784/b8996uu/RDK/docs/userguide/start.md
2025-10-21 14:29:24,778 - Knowledge - INFO - Worker kw12 processing /app/data/kaviademo4200/6784/b8996uu/RDK/helpers/WebSockets/Roles/Client.h
2025-10-21 14:29:24,866 - Knowledge - INFO - Worker kw13 processing /app/data/kaviademo4200/6784/b8996uu/RDK/Tests/L1Tests/README.md
2025-10-21 14:29:24,961 - Knowledge - INFO - Dynamic batch size: 50 for queue=314
2025-10-21 14:29:25,088 - Knowledge - INFO - [kw15] Queue=264, InProgress=0, PendingWorkers=13/15, Completed=0/1389 (0.0%)
2025-10-21 14:29:25,202 - Knowledge - INFO - knowledge worker kw16 start
2025-10-21 14:29:25,203 - Knowledge - INFO - Worker kw17 created using shared MongoDB connection pool
2025-10-21 14:29:25,293 - Knowledge - INFO - Fast-tracked /app/data/kaviademo4200/6784/b8996uu/RDK/UserSettings/CHANGELOG.md (ext=.md, size=1642)
2025-10-21 14:29:25,373 - Knowledge - INFO - Fast-tracked /app/data/kaviademo4200/6784/b8996uu/RDK/ScreenCapture/Implementation/Realtek/Realtek.h (ext=.h, size=1148)
2025-10-21 14:29:25,486 - Knowledge - INFO - Worker kw3 processing /app/data/kaviademo4200/6784/b8996uu/RDK/raspberrypi.cmake
2025-10-21 14:29:25,579 - Knowledge - INFO - Fast-tracked /app/data/kaviademo4200/6784/b8996uu/RDK/DeviceIdentification/cmake/FindNXCLIENT.cmake (ext=.cmake, size=31)
2025-10-21 14:29:25,657 - Knowledge - INFO - Fast-tracked /app/data/kaviademo4200/6784/b8996uu/RDK/WifiManager/test/thunder-wifimanager-test.js (ext=.js, size=19708)
2025-10-21 14:29:25,751 - Knowledge - INFO - Worker kw6 processing /app/data/kaviademo4200/6784/b8996uu/RDK/LEDControl/LEDControl.cpp
2025-10-21 14:29:25,831 - Knowledge - INFO - Worker kw7 processing /app/data/kaviademo4200/6784/b8996uu/RDK/PersistentStore/PersistentStore.h
2025-10-21 14:29:25,953 - Knowledge - INFO - Worker kw8 processing /app/data/kaviademo4200/6784/b8996uu/RDK/Timer/TimerPlugin.json
2025-10-21 14:29:26,043 - Knowledge - INFO - Worker kw9 processing /app/data/kaviademo4200/6784/b8996uu/RDK/PlayerInfo/cmake/FindDS.cmake
2025-10-21 14:29:26,139 - Knowledge - INFO - Worker kw10 processing /app/data/kaviademo4200/6784/b8996uu/RDK/docs/api/HdmiCecSinkPlugin.md
2025-10-21 14:29:26,221 - Knowledge - INFO - Fast-tracked /app/data/kaviademo4200/6784/b8996uu/RDK/docs/userguide/start.md (ext=.md, size=1262)
2025-10-21 14:29:26,306 - Knowledge - INFO - Worker kw12 processing /app/data/kaviademo4200/6784/b8996uu/RDK/helpers/WebSockets/ConnectionInitializationResult.h
2025-10-21 14:29:26,419 - Knowledge - INFO - Fast-tracked /app/data/kaviademo4200/6784/b8996uu/RDK/Tests/L1Tests/README.md (ext=.md, size=2530)
2025-10-21 14:29:26,501 - Knowledge - INFO - Worker kw14 processing /app/data/kaviademo4200/6784/b8996uu/RDK/Tests/gcc-with-coverage.cmake
2025-10-21 14:29:26,597 - Knowledge - INFO - Dynamic batch size: 50 for queue=264
2025-10-21 14:29:26,668 - Knowledge - INFO - [kw16] Queue=214, InProgress=0, PendingWorkers=14/16, Completed=0/1389 (0.0%)
2025-10-21 14:29:26,749 - Knowledge - INFO - knowledge worker kw17 start
2025-10-21 14:29:26,749 - Knowledge - INFO - Worker kw18 created using shared MongoDB connection pool
2025-10-21 14:29:26,832 - Knowledge - INFO - Worker kw1 processing /app/data/kaviademo4200/6784/b8996uu/RDK/UserSettings/UserSettingsPlugin.json
2025-10-21 14:29:26,930 - Knowledge - INFO - Worker kw2 processing /app/data/kaviademo4200/6784/b8996uu/RDK/ScreenCapture/Implementation/Realtek/kms.h
2025-10-21 14:29:27,023 - Knowledge - INFO - Worker kw3 processing /app/data/kaviademo4200/6784/b8996uu/RDK/ControlService/test/Module.h
2025-10-21 14:29:27,114 - Knowledge - INFO - Worker kw4 processing /app/data/kaviademo4200/6784/b8996uu/RDK/DeviceIdentification/cmake/FindNEXUS.cmake
2025-10-21 14:29:27,215 - Knowledge - INFO - Worker kw5 processing /app/data/kaviademo4200/6784/b8996uu/RDK/WifiManager/WifiManager.h
2025-10-21 14:29:27,359 - Knowledge - INFO - Worker kw6 processing /app/data/kaviademo4200/6784/b8996uu/RDK/LEDControl/CHANGELOG.md
2025-10-21 14:29:27,440 - Knowledge - INFO - Worker kw7 processing /app/data/kaviademo4200/6784/b8996uu/RDK/PersistentStore/Module.h
2025-10-21 14:29:27,548 - Knowledge - INFO - Fast-tracked /app/data/kaviademo4200/6784/b8996uu/RDK/Timer/TimerPlugin.json (ext=.json, size=493)
2025-10-21 14:29:27,661 - Knowledge - INFO - Fast-tracked /app/data/kaviademo4200/6784/b8996uu/RDK/PlayerInfo/cmake/FindDS.cmake (ext=.cmake, size=1836)
2025-10-21 14:29:27,768 - Knowledge - INFO - Fast-tracked /app/data/kaviademo4200/6784/b8996uu/RDK/docs/api/HdmiCecSinkPlugin.md (ext=.md, size=41479)
2025-10-21 14:29:27,835 - Knowledge - INFO - Worker kw11 processing /app/data/kaviademo4200/6784/b8996uu/RDK/docs/userguide/invoke.md
2025-10-21 14:29:27,916 - Knowledge - INFO - Fast-tracked /app/data/kaviademo4200/6784/b8996uu/RDK/helpers/WebSockets/ConnectionInitializationResult.h (ext=.h, size=1319)
2025-10-21 14:29:28,022 - Knowledge - INFO - Worker kw13 processing /app/data/kaviademo4200/6784/b8996uu/RDK/Tests/L1Tests/tests/test_HdcpProfile.cpp
2025-10-21 14:29:28,139 - Knowledge - INFO - Fast-tracked /app/data/kaviademo4200/6784/b8996uu/RDK/Tests/gcc-with-coverage.cmake (ext=.cmake, size=53)
2025-10-21 14:29:28,234 - Knowledge - INFO - Worker kw15 processing /app/data/kaviademo4200/6784/b8996uu/RDK/Tests/mocks/Dobby.h
2025-10-21 14:29:28,321 - Knowledge - INFO - Dynamic batch size: 50 for queue=214
2025-10-21 14:29:28,447 - Knowledge - INFO - [kw17] Queue=164, InProgress=0, PendingWorkers=15/17, Completed=0/1389 (0.0%)
2025-10-21 14:29:28,558 - Knowledge - INFO - knowledge worker kw18 start
2025-10-21 14:29:28,558 - Knowledge - INFO - Worker kw19 created using shared MongoDB connection pool
2025-10-21 14:29:28,677 - Knowledge - INFO - Fast-tracked /app/data/kaviademo4200/6784/b8996uu/RDK/UserSettings/UserSettingsPlugin.json (ext=.json, size=518)
2025-10-21 14:29:28,764 - Knowledge - INFO - Worker kw2 processing /app/data/kaviademo4200/6784/b8996uu/RDK/ScreenCapture/Implementation/Realtek/Realtek.cpp
2025-10-21 14:29:28,881 - Knowledge - INFO - Fast-tracked /app/data/kaviademo4200/6784/b8996uu/RDK/ControlService/test/Module.h (ext=.h, size=842)
2025-10-21 14:29:29,001 - Knowledge - INFO - Fast-tracked /app/data/kaviademo4200/6784/b8996uu/RDK/DeviceIdentification/cmake/FindNEXUS.cmake (ext=.cmake, size=28)
2025-10-21 14:29:29,093 - Knowledge - INFO - Worker kw5 processing /app/data/kaviademo4200/6784/b8996uu/RDK/WifiManager/Module.h
2025-10-21 14:29:29,172 - Knowledge - INFO - Fast-tracked /app/data/kaviademo4200/6784/b8996uu/RDK/LEDControl/CHANGELOG.md (ext=.md, size=1357)
2025-10-21 14:29:29,280 - Knowledge - INFO - Fast-tracked /app/data/kaviademo4200/6784/b8996uu/RDK/PersistentStore/Module.h (ext=.h, size=1340)
2025-10-21 14:29:29,369 - Knowledge - INFO - Worker kw8 processing /app/data/kaviademo4200/6784/b8996uu/RDK/Timer/Module.h
2025-10-21 14:29:29,486 - Knowledge - INFO - Worker kw9 processing /app/data/kaviademo4200/6784/b8996uu/RDK/PlayerInfo/DeviceSettings/PlatformImplementation.cpp
2025-10-21 14:29:29,578 - Knowledge - INFO - Worker kw10 processing /app/data/kaviademo4200/6784/b8996uu/RDK/docs/api/DisplayInfoPlugin.md
2025-10-21 14:29:29,689 - Knowledge - INFO - Fast-tracked /app/data/kaviademo4200/6784/b8996uu/RDK/docs/userguide/invoke.md (ext=.md, size=993)
2025-10-21 14:29:29,795 - Knowledge - INFO - Worker kw12 processing /app/data/kaviademo4200/6784/b8996uu/RDK/helpers/WebSockets/Encryption/TlsEnabled.h
2025-10-21 14:29:29,883 - Knowledge - INFO - Fast-tracked /app/data/kaviademo4200/6784/b8996uu/RDK/Tests/L1Tests/tests/test_HdcpProfile.cpp (ext=.cpp, size=17654)
2025-10-21 14:29:29,990 - Knowledge - INFO - Worker kw14 processing /app/data/kaviademo4200/6784/b8996uu/RDK/Tests/L2Tests/L2TestsPlugin/L2TestsPlugin.json
2025-10-21 14:29:30,085 - Knowledge - INFO - Fast-tracked /app/data/kaviademo4200/6784/b8996uu/RDK/Tests/mocks/Dobby.h (ext=.h, size=6668)
2025-10-21 14:29:30,195 - Knowledge - INFO - Worker kw16 processing /app/data/kaviademo4200/6784/b8996uu/RDK/Tests/mocks/maintenanceMGR.h
2025-10-21 14:29:30,278 - Knowledge - INFO - Dynamic batch size: 30 for queue=164
2025-10-21 14:29:30,408 - Knowledge - INFO - [kw18] Queue=114, InProgress=0, PendingWorkers=16/18, Completed=0/1389 (0.0%)
2025-10-21 14:29:30,523 - Knowledge - INFO - knowledge worker kw19 start
2025-10-21 14:29:30,523 - Knowledge - INFO - Worker kw20 created using shared MongoDB connection pool
2025-10-21 14:29:30,601 - Knowledge - INFO - Worker kw1 processing /app/data/kaviademo4200/6784/b8996uu/RDK/TraceControl/TraceControlJsonRpc.cpp
2025-10-21 14:29:30,701 - Knowledge - INFO - Worker kw2 processing /app/data/kaviademo4200/6784/b8996uu/RDK/ScreenCapture/CMakeLists.txt
2025-10-21 14:29:30,822 - Knowledge - INFO - Worker kw3 processing /app/data/kaviademo4200/6784/b8996uu/RDK/ControlService/test/CMakeLists.txt
2025-10-21 14:29:30,925 - Knowledge - INFO - Worker kw4 processing /app/data/kaviademo4200/6784/b8996uu/RDK/DeviceIdentification/cmake/FindBCM_HOST.cmake
2025-10-21 14:29:31,023 - Knowledge - INFO - Fast-tracked /app/data/kaviademo4200/6784/b8996uu/RDK/WifiManager/Module.h (ext=.h, size=868)
2025-10-21 14:29:31,108 - Knowledge - INFO - Worker kw6 processing /app/data/kaviademo4200/6784/b8996uu/RDK/RemoteActionMapping/test/ramTestClient.cpp
2025-10-21 14:29:31,224 - Knowledge - INFO - Worker kw7 processing /app/data/kaviademo4200/6784/b8996uu/RDK/PersistentStore/l0test/PersistentStoreImplementationMock.h
2025-10-21 14:29:31,340 - Knowledge - INFO - Fast-tracked /app/data/kaviademo4200/6784/b8996uu/RDK/Timer/Module.h (ext=.h, size=869)
2025-10-21 14:29:31,420 - Knowledge - INFO - Worker kw9 processing /app/data/kaviademo4200/6784/b8996uu/RDK/PlayerInfo/PlayerInfo.json
2025-10-21 14:29:31,513 - Knowledge - INFO - Fast-tracked /app/data/kaviademo4200/6784/b8996uu/RDK/docs/api/DisplayInfoPlugin.md (ext=.md, size=16959)
2025-10-21 14:29:31,622 - Knowledge - INFO - Worker kw11 processing /app/data/kaviademo4200/6784/b8996uu/RDK/docs/userguide/intro.md
2025-10-21 14:29:31,731 - Knowledge - INFO - Worker kw12 processing /app/data/kaviademo4200/6784/b8996uu/RDK/helpers/WebSockets/Encryption/NoEncryption.h
2025-10-21 14:29:31,834 - Knowledge - INFO - Worker kw13 processing /app/data/kaviademo4200/6784/b8996uu/RDK/Tests/L1Tests/tests/test_TextToSpeech.cpp
2025-10-21 14:29:31,924 - Knowledge - INFO - Fast-tracked /app/data/kaviademo4200/6784/b8996uu/RDK/Tests/L2Tests/L2TestsPlugin/L2TestsPlugin.json (ext=.json, size=404)
2025-10-21 14:29:32,048 - Knowledge - INFO - Worker kw15 processing /app/data/kaviademo4200/6784/b8996uu/RDK/Tests/mocks/MotionDetection.cpp
2025-10-21 14:29:32,138 - Knowledge - INFO - Fast-tracked /app/data/kaviademo4200/6784/b8996uu/RDK/Tests/mocks/maintenanceMGR.h (ext=.h, size=2091)
2025-10-21 14:29:32,220 - Knowledge - INFO - Worker kw17 processing /app/data/kaviademo4200/6784/b8996uu/RDK/MediaEngineRMF/MediaEngineRMF.json
2025-10-21 14:29:32,331 - Knowledge - INFO - Dynamic batch size: 30 for queue=114
2025-10-21 14:29:32,447 - Knowledge - INFO - [kw19] Queue=84, InProgress=0, PendingWorkers=17/19, Completed=0/1389 (0.0%)
2025-10-21 14:29:32,522 - Knowledge - INFO - knowledge worker kw20 start
2025-10-21 14:29:32,522 - Knowledge - INFO - Worker kw21 created using shared MongoDB connection pool
2025-10-21 14:29:32,653 - Knowledge - INFO - Worker kw1 processing /app/data/kaviademo4200/6784/b8996uu/RDK/TraceControl/TraceControl.json
2025-10-21 14:29:32,761 - Knowledge - INFO - Fast-tracked /app/data/kaviademo4200/6784/b8996uu/RDK/ScreenCapture/CMakeLists.txt (ext=.txt, size=2224)
2025-10-21 14:29:32,850 - Knowledge - INFO - Fast-tracked /app/data/kaviademo4200/6784/b8996uu/RDK/ControlService/test/CMakeLists.txt (ext=.txt, size=1528)
2025-10-21 14:29:32,962 - Knowledge - INFO - Fast-tracked /app/data/kaviademo4200/6784/b8996uu/RDK/DeviceIdentification/cmake/FindBCM_HOST.cmake (ext=.cmake, size=31)
2025-10-21 14:29:33,049 - Knowledge - INFO - Worker kw5 processing /app/data/kaviademo4200/6784/b8996uu/RDK/WifiManager/impl/WifiManagerEvents.cpp
2025-10-21 14:29:33,173 - Knowledge - INFO - Fast-tracked /app/data/kaviademo4200/6784/b8996uu/RDK/RemoteActionMapping/test/ramTestClient.cpp (ext=.cpp, size=47397)
2025-10-21 14:29:33,278 - Knowledge - INFO - Worker kw7 processing /app/data/kaviademo4200/6784/b8996uu/RDK/PersistentStore/l0test/CMakeLists.txt
2025-10-21 14:29:33,373 - Knowledge - INFO - Worker kw8 processing /app/data/kaviademo4200/6784/b8996uu/RDK/Timer/Timer.cpp
2025-10-21 14:29:33,474 - Knowledge - INFO - Fast-tracked /app/data/kaviademo4200/6784/b8996uu/RDK/PlayerInfo/PlayerInfo.json (ext=.json, size=7525)
2025-10-21 14:29:33,567 - Knowledge - INFO - Worker kw10 processing /app/data/kaviademo4200/6784/b8996uu/RDK/docs/api/ControlServicePlugin.md
2025-10-21 14:29:33,668 - Knowledge - INFO - Fast-tracked /app/data/kaviademo4200/6784/b8996uu/RDK/docs/userguide/intro.md (ext=.md, size=984)
2025-10-21 14:29:33,748 - Knowledge - INFO - Fast-tracked /app/data/kaviademo4200/6784/b8996uu/RDK/helpers/WebSockets/Encryption/NoEncryption.h (ext=.h, size=1649)
2025-10-21 14:29:33,833 - Knowledge - INFO - Fast-tracked /app/data/kaviademo4200/6784/b8996uu/RDK/Tests/L1Tests/tests/test_TextToSpeech.cpp (ext=.cpp, size=61163)
2025-10-21 14:29:33,943 - Knowledge - INFO - Worker kw14 processing /app/data/kaviademo4200/6784/b8996uu/RDK/Tests/L2Tests/L2TestsPlugin/Module.h
2025-10-21 14:29:34,052 - Knowledge - INFO - Fast-tracked /app/data/kaviademo4200/6784/b8996uu/RDK/Tests/mocks/MotionDetection.cpp (ext=.cpp, size=5790)
2025-10-21 14:29:34,176 - Knowledge - INFO - Worker kw16 processing /app/data/kaviademo4200/6784/b8996uu/RDK/Tests/mocks/rdkshell.h
2025-10-21 14:29:34,273 - Knowledge - INFO - Fast-tracked /app/data/kaviademo4200/6784/b8996uu/RDK/MediaEngineRMF/MediaEngineRMF.json (ext=.json, size=7906)
2025-10-21 14:29:34,386 - Knowledge - INFO - Worker kw18 processing /app/data/kaviademo4200/6784/b8996uu/RDK/FrameRate/cmake/FindIARMBus.cmake
2025-10-21 14:29:34,485 - Knowledge - INFO - Dynamic batch size: 20 for queue=84
2025-10-21 14:29:34,585 - Knowledge - INFO - [kw20] Queue=54, InProgress=0, PendingWorkers=18/20, Completed=0/1389 (0.0%)
2025-10-21 14:29:34,696 - Knowledge - INFO - knowledge worker kw21 start
2025-10-21 14:29:34,697 - Knowledge - INFO - Worker kw22 created using shared MongoDB connection pool
2025-10-21 14:29:34,811 - Knowledge - INFO - Fast-tracked /app/data/kaviademo4200/6784/b8996uu/RDK/TraceControl/TraceControl.json (ext=.json, size=4497)
2025-10-21 14:29:34,910 - Knowledge - INFO - Worker kw2 processing /app/data/kaviademo4200/6784/b8996uu/RDK/ScreenCapture/cmake/FindLibDRM.cmake
2025-10-21 14:29:35,047 - Knowledge - INFO - Worker kw3 processing /app/data/kaviademo4200/6784/b8996uu/RDK/ControlService/test/controlSvcTestClient.cpp
2025-10-21 14:29:35,129 - Knowledge - INFO - Worker kw4 processing /app/data/kaviademo4200/6784/b8996uu/RDK/DeviceIdentification/DeviceIdentificationPlugin.json
2025-10-21 14:29:35,256 - Knowledge - INFO - Worker kw5 processing /app/data/kaviademo4200/6784/b8996uu/RDK/WifiManager/impl/WifiManagerScan.cpp
2025-10-21 14:29:35,326 - Knowledge - INFO - Worker kw6 processing /app/data/kaviademo4200/6784/b8996uu/RDK/RemoteActionMapping/test/Module.h
2025-10-21 14:29:35,430 - Knowledge - INFO - Fast-tracked /app/data/kaviademo4200/6784/b8996uu/RDK/PersistentStore/l0test/CMakeLists.txt (ext=.txt, size=1525)
2025-10-21 14:29:35,520 - Knowledge - INFO - Worker kw8 processing /app/data/kaviademo4200/6784/b8996uu/RDK/Timer/CMakeLists.txt
2025-10-21 14:29:35,644 - Knowledge - INFO - Worker kw9 processing /app/data/kaviademo4200/6784/b8996uu/RDK/PlayerInfo/Module.cpp
2025-10-21 14:29:35,742 - Knowledge - INFO - Fast-tracked /app/data/kaviademo4200/6784/b8996uu/RDK/docs/api/ControlServicePlugin.md (ext=.md, size=59630)
2025-10-21 14:29:35,864 - Knowledge - INFO - Worker kw11 processing /app/data/kaviademo4200/6784/b8996uu/RDK/docs/userguide/quick-start.md
2025-10-21 14:29:35,986 - Knowledge - INFO - Worker kw12 processing /app/data/kaviademo4200/6784/b8996uu/RDK/helpers/WebSockets/CommunicationInterface/BinaryInterface.h
2025-10-21 14:29:36,078 - Knowledge - INFO - Worker kw13 processing /app/data/kaviademo4200/6784/b8996uu/RDK/Tests/L1Tests/tests/test_DeviceDiagnostics.cpp
2025-10-21 14:29:36,155 - Knowledge - INFO - Fast-tracked /app/data/kaviademo4200/6784/b8996uu/RDK/Tests/L2Tests/L2TestsPlugin/Module.h (ext=.h, size=932)
2025-10-21 14:29:36,274 - Knowledge - INFO - Worker kw15 processing /app/data/kaviademo4200/6784/b8996uu/RDK/Tests/mocks/HdmiCec.cpp
2025-10-21 14:29:36,386 - Knowledge - INFO - Fast-tracked /app/data/kaviademo4200/6784/b8996uu/RDK/Tests/mocks/rdkshell.h (ext=.h, size=23156)
2025-10-21 14:29:36,502 - Knowledge - INFO - Worker kw17 processing /app/data/kaviademo4200/6784/b8996uu/RDK/MediaEngineRMF/Module.cpp
2025-10-21 14:29:36,604 - Knowledge - INFO - Fast-tracked /app/data/kaviademo4200/6784/b8996uu/RDK/FrameRate/cmake/FindIARMBus.cmake (ext=.cmake, size=1860)
2025-10-21 14:29:36,696 - Knowledge - INFO - Worker kw19 processing /app/data/kaviademo4200/6784/b8996uu/RDK/VoiceControl/CMakeLists.txt
2025-10-21 14:29:36,810 - Knowledge - INFO - Dynamic batch size: 20 for queue=54
2025-10-21 14:29:36,894 - Knowledge - INFO - [kw21] Queue=34, InProgress=0, PendingWorkers=19/21, Completed=0/1389 (0.0%)
2025-10-21 14:29:36,996 - Knowledge - INFO - knowledge worker kw22 start
2025-10-21 14:29:36,996 - Knowledge - INFO - Worker kw23 created using shared MongoDB connection pool
2025-10-21 14:29:37,091 - Knowledge - INFO - Worker kw1 processing /app/data/kaviademo4200/6784/b8996uu/RDK/TraceControl/Module.h
2025-10-21 14:29:37,210 - Knowledge - INFO - Worker kw2 processing /app/data/kaviademo4200/6784/b8996uu/RDK/ScreenCapture/ScreenCapture.cpp
2025-10-21 14:29:37,314 - Knowledge - INFO - Fast-tracked /app/data/kaviademo4200/6784/b8996uu/RDK/ControlService/test/controlSvcTestClient.cpp (ext=.cpp, size=38819)
2025-10-21 14:29:37,416 - Knowledge - INFO - Fast-tracked /app/data/kaviademo4200/6784/b8996uu/RDK/DeviceIdentification/DeviceIdentificationPlugin.json (ext=.json, size=525)
2025-10-21 14:29:37,514 - Knowledge - INFO - Worker kw5 processing /app/data/kaviademo4200/6784/b8996uu/RDK/WifiManager/impl/WifiManagerState.cpp
2025-10-21 14:29:37,595 - Knowledge - INFO - Fast-tracked /app/data/kaviademo4200/6784/b8996uu/RDK/RemoteActionMapping/test/Module.h (ext=.h, size=835)
2025-10-21 14:29:37,673 - Knowledge - INFO - Worker kw7 processing /app/data/kaviademo4200/6784/b8996uu/RDK/PersistentStore/l0test/ServiceMock.h
2025-10-21 14:29:37,776 - Knowledge - INFO - Fast-tracked /app/data/kaviademo4200/6784/b8996uu/RDK/Timer/CMakeLists.txt (ext=.txt, size=1745)
2025-10-21 14:29:37,859 - Knowledge - INFO - Fast-tracked /app/data/kaviademo4200/6784/b8996uu/RDK/PlayerInfo/Module.cpp (ext=.cpp, size=781)
2025-10-21 14:29:37,962 - Knowledge - INFO - Worker kw10 processing /app/data/kaviademo4200/6784/b8996uu/RDK/docs/api/ContinueWatchingPlugin.md
2025-10-21 14:29:38,048 - Knowledge - INFO - Fast-tracked /app/data/kaviademo4200/6784/b8996uu/RDK/docs/userguide/quick-start.md (ext=.md, size=1510)
2025-10-21 14:29:38,152 - Knowledge - INFO - Fast-tracked /app/data/kaviademo4200/6784/b8996uu/RDK/helpers/WebSockets/CommunicationInterface/BinaryInterface.h (ext=.h, size=1699)
2025-10-21 14:29:38,247 - Knowledge - INFO - Fast-tracked /app/data/kaviademo4200/6784/b8996uu/RDK/Tests/L1Tests/tests/test_DeviceDiagnostics.cpp (ext=.cpp, size=3480)
2025-10-21 14:29:38,340 - Knowledge - INFO - Worker kw14 processing /app/data/kaviademo4200/6784/b8996uu/RDK/Tests/L2Tests/L2TestsPlugin/L2TestsMock.cpp
2025-10-21 14:29:38,426 - Knowledge - INFO - Fast-tracked /app/data/kaviademo4200/6784/b8996uu/RDK/Tests/mocks/HdmiCec.cpp (ext=.cpp, size=4410)
2025-10-21 14:29:38,508 - Knowledge - INFO - Worker kw16 processing /app/data/kaviademo4200/6784/b8996uu/RDK/ResourceManager/ResourceManager.cpp
2025-10-21 14:29:38,592 - Knowledge - INFO - Fast-tracked /app/data/kaviademo4200/6784/b8996uu/RDK/MediaEngineRMF/Module.cpp (ext=.cpp, size=765)
2025-10-21 14:29:38,666 - Knowledge - INFO - Worker kw18 processing /app/data/kaviademo4200/6784/b8996uu/RDK/FrameRate/cmake/FindDS.cmake
2025-10-21 14:29:38,785 - Knowledge - INFO - Fast-tracked /app/data/kaviademo4200/6784/b8996uu/RDK/VoiceControl/CMakeLists.txt (ext=.txt, size=1088)
2025-10-21 14:29:38,881 - Knowledge - INFO - Worker kw20 processing /app/data/kaviademo4200/6784/b8996uu/RDK/SecurityAgent/example_acl.json
2025-10-21 14:29:38,972 - Knowledge - INFO - Dynamic batch size: 20 for queue=34
2025-10-21 14:29:39,070 - Knowledge - INFO - [kw22] Queue=14, InProgress=0, PendingWorkers=20/22, Completed=0/1389 (0.0%)
2025-10-21 14:29:39,145 - Knowledge - INFO - knowledge worker kw23 start
2025-10-21 14:29:39,145 - Knowledge - INFO - Worker kw24 created using shared MongoDB connection pool
2025-10-21 14:29:39,256 - Knowledge - INFO - Fast-tracked /app/data/kaviademo4200/6784/b8996uu/RDK/TraceControl/Module.h (ext=.h, size=1007)
2025-10-21 14:29:39,328 - Knowledge - INFO - Worker kw2 processing /app/data/kaviademo4200/6784/b8996uu/RDK/ScreenCapture/README.md
2025-10-21 14:29:39,419 - Knowledge - INFO - Worker kw3 processing /app/data/kaviademo4200/6784/b8996uu/RDK/ControlService/ControlService.h
2025-10-21 14:29:39,548 - Knowledge - INFO - Worker kw4 processing /app/data/kaviademo4200/6784/b8996uu/RDK/DeviceIdentification/DeviceIdentification.cpp
2025-10-21 14:29:39,658 - Knowledge - INFO - Worker kw5 processing /app/data/kaviademo4200/6784/b8996uu/RDK/WifiManager/impl/WifiManagerWPS.h
2025-10-21 14:29:39,776 - Knowledge - INFO - Worker kw6 processing /app/data/kaviademo4200/6784/b8996uu/RDK/RemoteActionMapping/test/CMakeLists.txt
2025-10-21 14:29:39,899 - Knowledge - INFO - Worker kw7 processing /app/data/kaviademo4200/6784/b8996uu/RDK/PersistentStore/l0test/PersistentStoreTest.cpp
2025-10-21 14:29:40,009 - Knowledge - INFO - Worker kw8 processing /app/data/kaviademo4200/6784/b8996uu/RDK/Timer/Timer.json
2025-10-21 14:29:40,114 - Knowledge - INFO - Worker kw9 processing /app/data/kaviademo4200/6784/b8996uu/RDK/PlayerInfo/CHANGELOG.md
2025-10-21 14:29:40,209 - Knowledge - INFO - Fast-tracked /app/data/kaviademo4200/6784/b8996uu/RDK/docs/api/ContinueWatchingPlugin.md (ext=.md, size=5001)
2025-10-21 14:29:40,283 - Knowledge - INFO - Worker kw11 processing /app/data/kaviademo4200/6784/b8996uu/RDK/docs/README.md
2025-10-21 14:29:40,376 - Knowledge - INFO - Worker kw12 processing /app/data/kaviademo4200/6784/b8996uu/RDK/helpers/WebSockets/CommunicationInterface/JsonRpcInterface.h
2025-10-21 14:29:40,470 - Knowledge - INFO - Worker kw13 processing /app/data/kaviademo4200/6784/b8996uu/RDK/Tests/L1Tests/tests/test_SystemAudioPlayer.cpp
2025-10-21 14:29:40,583 - Knowledge - INFO - Fast-tracked /app/data/kaviademo4200/6784/b8996uu/RDK/Tests/L2Tests/L2TestsPlugin/L2TestsMock.cpp (ext=.cpp, size=7573)
2025-10-21 14:29:40,704 - Knowledge - INFO - Worker kw15 processing /app/data/kaviademo4200/6784/b8996uu/RDK/Tests/mocks/CMakeLists.txt
2025-10-21 14:29:40,792 - Knowledge - INFO - Worker kw16 processing /app/data/kaviademo4200/6784/b8996uu/RDK/ResourceManager/Module.h
2025-10-21 14:29:40,894 - Knowledge - INFO - Worker kw17 processing /app/data/kaviademo4200/6784/b8996uu/RDK/MediaEngineRMF/CHANGELOG.md
2025-10-21 14:29:40,982 - Knowledge - INFO - Fast-tracked /app/data/kaviademo4200/6784/b8996uu/RDK/FrameRate/cmake/FindDS.cmake (ext=.cmake, size=1836)
2025-10-21 14:29:41,087 - Knowledge - INFO - Worker kw19 processing /app/data/kaviademo4200/6784/b8996uu/RDK/VoiceControl/VoiceControlPlugin.json
2025-10-21 14:29:41,175 - Knowledge - INFO - Fast-tracked /app/data/kaviademo4200/6784/b8996uu/RDK/SecurityAgent/example_acl.json (ext=.json, size=1302)
2025-10-21 14:29:41,260 - Knowledge - INFO - Worker kw21 processing /app/data/kaviademo4200/6784/b8996uu/RDK/RustAdapter/LocalPlugin.h
2025-10-21 14:29:41,341 - Knowledge - INFO - Dynamic batch size: 14 for queue=14
2025-10-21 14:29:41,567 - Knowledge - INFO - knowledge worker kw24 start
2025-10-21 14:29:41,583 - Knowledge - INFO - Worker kw25 created using shared MongoDB connection pool
2025-10-21 14:29:41,706 - Knowledge - INFO - Worker kw1 processing /app/data/kaviademo4200/6784/b8996uu/RDK/TraceControl/TraceOutput.h
2025-10-21 14:29:41,839 - Knowledge - INFO - Fast-tracked /app/data/kaviademo4200/6784/b8996uu/RDK/ScreenCapture/README.md (ext=.md, size=496)
2025-10-21 14:29:41,941 - Knowledge - INFO - Worker kw3 processing /app/data/kaviademo4200/6784/b8996uu/RDK/ControlService/Module.h
2025-10-21 14:29:42,086 - Knowledge - INFO - Worker kw4 processing /app/data/kaviademo4200/6784/b8996uu/RDK/DeviceIdentification/IdentityProvider.h
2025-10-21 14:29:42,187 - Knowledge - INFO - Worker kw5 processing /app/data/kaviademo4200/6784/b8996uu/RDK/WifiManager/impl/WifiManagerConnect.h
2025-10-21 14:29:42,318 - Knowledge - INFO - Fast-tracked /app/data/kaviademo4200/6784/b8996uu/RDK/RemoteActionMapping/test/CMakeLists.txt (ext=.txt, size=1476)
2025-10-21 14:29:42,416 - Knowledge - INFO - Worker kw7 processing /app/data/kaviademo4200/6784/b8996uu/RDK/PersistentStore/sqlite/Store2.h
2025-10-21 14:29:42,519 - Knowledge - INFO - Fast-tracked /app/data/kaviademo4200/6784/b8996uu/RDK/Timer/Timer.json (ext=.json, size=10731)
2025-10-21 14:29:42,669 - Knowledge - INFO - Fast-tracked /app/data/kaviademo4200/6784/b8996uu/RDK/PlayerInfo/CHANGELOG.md (ext=.md, size=2192)
2025-10-21 14:29:42,769 - Knowledge - INFO - Worker kw10 processing /app/data/kaviademo4200/6784/b8996uu/RDK/docs/api/NetworkPlugin.md
2025-10-21 14:29:42,877 - Knowledge - INFO - Fast-tracked /app/data/kaviademo4200/6784/b8996uu/RDK/docs/README.md (ext=.md, size=603)
2025-10-21 14:29:42,981 - Knowledge - INFO - Worker kw12 processing /app/data/kaviademo4200/6784/b8996uu/RDK/helpers/WebSockets/CommunicationInterface/CommandInterface.h
2025-10-21 14:29:43,072 - Knowledge - INFO - Fast-tracked /app/data/kaviademo4200/6784/b8996uu/RDK/Tests/L1Tests/tests/test_SystemAudioPlayer.cpp (ext=.cpp, size=65722)
2025-10-21 14:29:43,176 - Knowledge - INFO - Worker kw14 processing /app/data/kaviademo4200/6784/b8996uu/RDK/Tests/L2Tests/L2TestsPlugin/L2Tests.cpp
2025-10-21 14:29:43,294 - Knowledge - INFO - Fast-tracked /app/data/kaviademo4200/6784/b8996uu/RDK/Tests/mocks/CMakeLists.txt (ext=.txt, size=1326)
2025-10-21 14:29:43,430 - Knowledge - INFO - Fast-tracked /app/data/kaviademo4200/6784/b8996uu/RDK/ResourceManager/Module.h (ext=.h, size=930)
2025-10-21 14:29:43,527 - Knowledge - INFO - Fast-tracked /app/data/kaviademo4200/6784/b8996uu/RDK/MediaEngineRMF/CHANGELOG.md (ext=.md, size=1464)
2025-10-21 14:29:43,615 - Knowledge - INFO - Worker kw18 processing /app/data/kaviademo4200/6784/b8996uu/RDK/FrameRate/FrameRate.h
2025-10-21 14:29:43,733 - Knowledge - INFO - Fast-tracked /app/data/kaviademo4200/6784/b8996uu/RDK/VoiceControl/VoiceControlPlugin.json (ext=.json, size=454)
2025-10-21 14:29:43,824 - Knowledge - INFO - Worker kw20 processing /app/data/kaviademo4200/6784/b8996uu/RDK/SecurityAgent/SecurityAgentJsonRpc.cpp
2025-10-21 14:29:43,932 - Knowledge - INFO - Worker kw21 processing /app/data/kaviademo4200/6784/b8996uu/RDK/RustAdapter/Module.h
2025-10-21 14:29:44,262 - Knowledge - INFO - knowledge worker kw25 start
2025-10-21 14:29:44,262 - Knowledge - INFO - Worker kw26 created using shared MongoDB connection pool
2025-10-21 14:29:44,369 - Knowledge - INFO - Worker kw1 processing /app/data/kaviademo4200/6784/b8996uu/RDK/TraceControl/TraceControl.h
2025-10-21 14:29:44,437 - Knowledge - INFO - Worker kw2 processing /app/data/kaviademo4200/6784/b8996uu/RDK/ScreenCapture/ScreenCapturePlugin.json
2025-10-21 14:29:44,532 - Knowledge - INFO - Fast-tracked /app/data/kaviademo4200/6784/b8996uu/RDK/ControlService/Module.h (ext=.h, size=878)
2025-10-21 14:29:44,641 - Knowledge - INFO - Fast-tracked /app/data/kaviademo4200/6784/b8996uu/RDK/DeviceIdentification/IdentityProvider.h (ext=.h, size=1218)
2025-10-21 14:29:44,730 - Knowledge - INFO - Fast-tracked /app/data/kaviademo4200/6784/b8996uu/RDK/WifiManager/impl/WifiManagerConnect.h (ext=.h, size=1452)
2025-10-21 14:29:44,845 - Knowledge - INFO - Worker kw6 processing /app/data/kaviademo4200/6784/b8996uu/RDK/RemoteActionMapping/Module.h
2025-10-21 14:29:44,960 - Knowledge - INFO - Worker kw7 processing /app/data/kaviademo4200/6784/b8996uu/RDK/PersistentStore/sqlite/l1test/WorkerPoolImplementation.h
2025-10-21 14:29:45,079 - Knowledge - INFO - Worker kw8 processing /app/data/kaviademo4200/6784/b8996uu/RDK/Timer/README.md
2025-10-21 14:29:45,158 - Knowledge - INFO - Worker kw9 processing /app/data/kaviademo4200/6784/b8996uu/RDK/PlayerInfo/PlayerInfo.h
2025-10-21 14:29:45,242 - Knowledge - INFO - Fast-tracked /app/data/kaviademo4200/6784/b8996uu/RDK/docs/api/NetworkPlugin.md (ext=.md, size=37070)
2025-10-21 14:29:45,350 - Knowledge - INFO - Worker kw11 processing /app/data/kaviademo4200/6784/b8996uu/RDK/docs/index.html
2025-10-21 14:29:45,455 - Knowledge - INFO - Worker kw12 processing /app/data/kaviademo4200/6784/b8996uu/RDK/helpers/WebSockets/JsonRpc/Response.cpp
2025-10-21 14:29:45,569 - Knowledge - INFO - Worker kw13 processing /app/data/kaviademo4200/6784/b8996uu/RDK/Tests/L1Tests/tests/test_ScreenCapture.cpp
2025-10-21 14:29:45,693 - Knowledge - INFO - Fast-tracked /app/data/kaviademo4200/6784/b8996uu/RDK/Tests/L2Tests/L2TestsPlugin/L2Tests.cpp (ext=.cpp, size=2887)
2025-10-21 14:29:45,791 - Knowledge - INFO - Worker kw15 processing /app/data/kaviademo4200/6784/b8996uu/RDK/Tests/mocks/WpaCtrl.cpp
2025-10-21 14:29:45,888 - Knowledge - INFO - Worker kw16 processing /app/data/kaviademo4200/6784/b8996uu/RDK/ResourceManager/ResourceManagerPlugin.json
2025-10-21 14:29:45,971 - Knowledge - INFO - Worker kw17 processing /app/data/kaviademo4200/6784/b8996uu/RDK/amlogic.cmake
2025-10-21 14:29:46,077 - Knowledge - INFO - Worker kw18 processing /app/data/kaviademo4200/6784/b8996uu/RDK/FrameRate/README.md
2025-10-21 14:29:46,158 - Knowledge - INFO - Worker kw19 processing /app/data/kaviademo4200/6784/b8996uu/RDK/VoiceControl/VoiceControl.h
2025-10-21 14:29:46,282 - Knowledge - INFO - Worker kw20 processing /app/data/kaviademo4200/6784/b8996uu/RDK/SecurityAgent/Module.cpp
2025-10-21 14:29:46,359 - Knowledge - INFO - Fast-tracked /app/data/kaviademo4200/6784/b8996uu/RDK/RustAdapter/Module.h (ext=.h, size=862)
2025-10-21 14:29:46,594 - Knowledge - INFO - knowledge worker kw26 start
2025-10-21 14:29:46,594 - Knowledge - INFO - Worker kw27 created using shared MongoDB connection pool
2025-10-21 14:29:46,717 - Knowledge - INFO - Worker kw1 processing /app/data/kaviademo4200/6784/b8996uu/RDK/TraceControl/doc/TraceControlPlugin.md
2025-10-21 14:29:46,812 - Knowledge - INFO - Fast-tracked /app/data/kaviademo4200/6784/b8996uu/RDK/ScreenCapture/ScreenCapturePlugin.json (ext=.json, size=462)
2025-10-21 14:29:46,912 - Knowledge - INFO - Worker kw3 processing /app/data/kaviademo4200/6784/b8996uu/RDK/ControlService/ControlService.json
2025-10-21 14:29:47,017 - Knowledge - INFO - Worker kw4 processing /app/data/kaviademo4200/6784/b8996uu/RDK/DeviceIdentification/Module.cpp
2025-10-21 14:29:47,107 - Knowledge - INFO - Worker kw5 processing /app/data/kaviademo4200/6784/b8996uu/RDK/WifiManager/impl/WifiManagerSignalThreshold.cpp
2025-10-21 14:29:47,221 - Knowledge - INFO - Fast-tracked /app/data/kaviademo4200/6784/b8996uu/RDK/RemoteActionMapping/Module.h (ext=.h, size=883)
2025-10-21 14:29:47,303 - Knowledge - INFO - Fast-tracked /app/data/kaviademo4200/6784/b8996uu/RDK/PersistentStore/sqlite/l1test/WorkerPoolImplementation.h (ext=.h, size=1262)
2025-10-21 14:29:47,400 - Knowledge - INFO - Fast-tracked /app/data/kaviademo4200/6784/b8996uu/RDK/Timer/README.md (ext=.md, size=242)
2025-10-21 14:29:47,493 - Knowledge - INFO - Worker kw9 processing /app/data/kaviademo4200/6784/b8996uu/RDK/LoggingPreferences/LoggingPreferencesPlugin.json
2025-10-21 14:29:47,573 - Knowledge - INFO - Worker kw10 processing /app/data/kaviademo4200/6784/b8996uu/RDK/docs/api/SystemModePlugin.md
2025-10-21 14:29:47,698 - Knowledge - INFO - Worker kw11 processing /app/data/kaviademo4200/6784/b8996uu/RDK/ActivityMonitor/Module.h
2025-10-21 14:29:47,807 - Knowledge - INFO - Worker kw12 processing /app/data/kaviademo4200/6784/b8996uu/RDK/helpers/WebSockets/JsonRpc/Notification.cpp
2025-10-21 14:29:47,926 - Knowledge - INFO - Fast-tracked /app/data/kaviademo4200/6784/b8996uu/RDK/Tests/L1Tests/tests/test_ScreenCapture.cpp (ext=.cpp, size=5034)
2025-10-21 14:29:48,036 - Knowledge - INFO - Worker kw14 processing /app/data/kaviademo4200/6784/b8996uu/RDK/Tests/L2Tests/L2TestsPlugin/L2TestsAPI.md
2025-10-21 14:29:48,129 - Knowledge - INFO - Fast-tracked /app/data/kaviademo4200/6784/b8996uu/RDK/Tests/mocks/WpaCtrl.cpp (ext=.cpp, size=2742)
2025-10-21 14:29:48,224 - Knowledge - INFO - Fast-tracked /app/data/kaviademo4200/6784/b8996uu/RDK/ResourceManager/ResourceManagerPlugin.json (ext=.json, size=496)
2025-10-21 14:29:48,306 - Knowledge - INFO - Worker kw17 processing /app/data/kaviademo4200/6784/b8996uu/RDK/WebBridge/Module.h
2025-10-21 14:29:48,386 - Knowledge - INFO - Fast-tracked /app/data/kaviademo4200/6784/b8996uu/RDK/FrameRate/README.md (ext=.md, size=780)
2025-10-21 14:29:48,503 - Knowledge - INFO - Worker kw19 processing /app/data/kaviademo4200/6784/b8996uu/RDK/VoiceControl/README.md
2025-10-21 14:29:48,597 - Knowledge - INFO - Fast-tracked /app/data/kaviademo4200/6784/b8996uu/RDK/SecurityAgent/Module.cpp (ext=.cpp, size=781)
2025-10-21 14:29:48,692 - Knowledge - INFO - Worker kw21 processing /app/data/kaviademo4200/6784/b8996uu/RDK/RustAdapter/RemotePlugin.cpp
2025-10-21 14:29:48,851 - Knowledge - INFO - knowledge worker kw27 start
2025-10-21 14:29:48,852 - Knowledge - INFO - Worker kw28 created using shared MongoDB connection pool
2025-10-21 14:29:48,933 - Knowledge - INFO - Fast-tracked /app/data/kaviademo4200/6784/b8996uu/RDK/TraceControl/doc/TraceControlPlugin.md (ext=.md, size=373)
2025-10-21 14:29:49,011 - Knowledge - INFO - Worker kw2 processing /app/data/kaviademo4200/6784/b8996uu/RDK/ScreenCapture/Module.cpp
2025-10-21 14:29:49,115 - Knowledge - INFO - Fast-tracked /app/data/kaviademo4200/6784/b8996uu/RDK/ControlService/ControlService.json (ext=.json, size=88463)
2025-10-21 14:29:49,242 - Knowledge - INFO - Fast-tracked /app/data/kaviademo4200/6784/b8996uu/RDK/DeviceIdentification/Module.cpp (ext=.cpp, size=781)
2025-10-21 14:29:49,333 - Knowledge - INFO - Worker kw5 processing /app/data/kaviademo4200/6784/b8996uu/RDK/WifiManager/impl/WifiManagerState.h
2025-10-21 14:29:49,411 - Knowledge - INFO - Worker kw6 processing /app/data/kaviademo4200/6784/b8996uu/RDK/RemoteActionMapping/RemoteActionMapping.h
2025-10-21 14:29:49,512 - Knowledge - INFO - Worker kw7 processing /app/data/kaviademo4200/6784/b8996uu/RDK/PersistentStore/sqlite/l1test/Store2Test.cpp
2025-10-21 14:29:49,594 - Knowledge - INFO - Worker kw8 processing /app/data/kaviademo4200/6784/b8996uu/RDK/Timer/Module.cpp
2025-10-21 14:29:49,689 - Knowledge - INFO - Fast-tracked /app/data/kaviademo4200/6784/b8996uu/RDK/LoggingPreferences/LoggingPreferencesPlugin.json (ext=.json, size=509)
2025-10-21 14:29:49,782 - Knowledge - INFO - Fast-tracked /app/data/kaviademo4200/6784/b8996uu/RDK/docs/api/SystemModePlugin.md (ext=.md, size=3466)
2025-10-21 14:29:49,911 - Knowledge - INFO - Fast-tracked /app/data/kaviademo4200/6784/b8996uu/RDK/ActivityMonitor/Module.h (ext=.h, size=879)
2025-10-21 14:29:50,001 - Knowledge - INFO - Fast-tracked /app/data/kaviademo4200/6784/b8996uu/RDK/helpers/WebSockets/JsonRpc/Notification.cpp (ext=.cpp, size=1518)
2025-10-21 14:29:50,104 - Knowledge - INFO - Worker kw13 processing /app/data/kaviademo4200/6784/b8996uu/RDK/Tests/L1Tests/tests/test_DeviceAudioCapabilities.cpp
2025-10-21 14:29:50,237 - Knowledge - INFO - Fast-tracked /app/data/kaviademo4200/6784/b8996uu/RDK/Tests/L2Tests/L2TestsPlugin/L2TestsAPI.md (ext=.md, size=2202)
2025-10-21 14:29:50,331 - Knowledge - INFO - Worker kw15 processing /app/data/kaviademo4200/6784/b8996uu/RDK/Tests/mocks/Wraps.cpp
2025-10-21 14:29:50,427 - Knowledge - INFO - Worker kw16 processing /app/data/kaviademo4200/6784/b8996uu/RDK/ResourceManager/CMakeLists.txt
2025-10-21 14:29:50,528 - Knowledge - INFO - Fast-tracked /app/data/kaviademo4200/6784/b8996uu/RDK/WebBridge/Module.h (ext=.h, size=860)
2025-10-21 14:29:50,634 - Knowledge - INFO - Worker kw18 processing /app/data/kaviademo4200/6784/b8996uu/RDK/FrameRate/Module.cpp
2025-10-21 14:29:50,729 - Knowledge - INFO - Fast-tracked /app/data/kaviademo4200/6784/b8996uu/RDK/VoiceControl/README.md (ext=.md, size=490)
2025-10-21 14:29:50,845 - Knowledge - INFO - Worker kw20 processing /app/data/kaviademo4200/6784/b8996uu/RDK/SecurityAgent/SecapiToken.cpp
2025-10-21 14:29:50,936 - Knowledge - INFO - Worker kw21 processing /app/data/kaviademo4200/6784/b8996uu/RDK/RustAdapter/SocketServer.h
2025-10-21 14:29:51,135 - Knowledge - INFO - knowledge worker kw28 start
2025-10-21 14:29:51,135 - Knowledge - INFO - Worker kw29 created using shared MongoDB connection pool
2025-10-21 14:29:51,224 - Knowledge - INFO - Worker kw1 processing /app/data/kaviademo4200/6784/b8996uu/RDK/TraceControl/CMakeLists.txt
2025-10-21 14:29:51,347 - Knowledge - INFO - Fast-tracked /app/data/kaviademo4200/6784/b8996uu/RDK/ScreenCapture/Module.cpp (ext=.cpp, size=765)
2025-10-21 14:29:51,423 - Knowledge - INFO - Worker kw3 processing /app/data/kaviademo4200/6784/b8996uu/RDK/ControlService/CMakeLists.txt
2025-10-21 14:29:51,514 - Knowledge - INFO - Worker kw4 processing /app/data/kaviademo4200/6784/b8996uu/RDK/DeviceIdentification/CHANGELOG.md
2025-10-21 14:29:51,612 - Knowledge - INFO - Fast-tracked /app/data/kaviademo4200/6784/b8996uu/RDK/WifiManager/impl/WifiManagerState.h (ext=.h, size=1870)
2025-10-21 14:29:51,728 - Knowledge - INFO - Worker kw6 processing /app/data/kaviademo4200/6784/b8996uu/RDK/RemoteActionMapping/RamHelper.h
2025-10-21 14:29:51,843 - Knowledge - INFO - Worker kw7 processing /app/data/kaviademo4200/6784/b8996uu/RDK/PersistentStore/sqlite/l1test/Store2NotificationMock.h
2025-10-21 14:29:51,948 - Knowledge - INFO - Fast-tracked /app/data/kaviademo4200/6784/b8996uu/RDK/Timer/Module.cpp (ext=.cpp, size=765)
2025-10-21 14:29:52,061 - Knowledge - INFO - Worker kw9 processing /app/data/kaviademo4200/6784/b8996uu/RDK/LoggingPreferences/Module.h
2025-10-21 14:29:52,167 - Knowledge - INFO - Worker kw10 processing /app/data/kaviademo4200/6784/b8996uu/RDK/docs/api/_sidebar.md
2025-10-21 14:29:52,263 - Knowledge - INFO - Worker kw11 processing /app/data/kaviademo4200/6784/b8996uu/RDK/ActivityMonitor/ActivityMonitorPlugin.json
2025-10-21 14:29:52,355 - Knowledge - INFO - Worker kw12 processing /app/data/kaviademo4200/6784/b8996uu/RDK/helpers/WebSockets/JsonRpc/Request.cpp
2025-10-21 14:29:52,432 - Knowledge - INFO - Fast-tracked /app/data/kaviademo4200/6784/b8996uu/RDK/Tests/L1Tests/tests/test_DeviceAudioCapabilities.cpp (ext=.cpp, size=9649)
2025-10-21 14:29:52,519 - Knowledge - INFO - Worker kw14 processing /app/data/kaviademo4200/6784/b8996uu/RDK/Tests/L2Tests/L2TestsPlugin/CMakeLists.txt
2025-10-21 14:29:52,612 - Knowledge - INFO - Fast-tracked /app/data/kaviademo4200/6784/b8996uu/RDK/Tests/mocks/Wraps.cpp (ext=.cpp, size=3576)
2025-10-21 14:29:52,696 - Knowledge - INFO - Fast-tracked /app/data/kaviademo4200/6784/b8996uu/RDK/ResourceManager/CMakeLists.txt (ext=.txt, size=2156)
2025-10-21 14:29:52,804 - Knowledge - INFO - Worker kw17 processing /app/data/kaviademo4200/6784/b8996uu/RDK/WebBridge/WebBridge.cpp
2025-10-21 14:29:52,909 - Knowledge - INFO - Fast-tracked /app/data/kaviademo4200/6784/b8996uu/RDK/FrameRate/Module.cpp (ext=.cpp, size=765)
2025-10-21 14:29:52,989 - Knowledge - INFO - Worker kw19 processing /app/data/kaviademo4200/6784/b8996uu/RDK/VoiceControl/Module.cpp
2025-10-21 14:29:53,115 - Knowledge - INFO - Worker kw20 processing /app/data/kaviademo4200/6784/b8996uu/RDK/SecurityAgent/CHANGELOG.md
2025-10-21 14:29:53,212 - Knowledge - INFO - Fast-tracked /app/data/kaviademo4200/6784/b8996uu/RDK/RustAdapter/SocketServer.h (ext=.h, size=1664)
2025-10-21 14:29:53,454 - Knowledge - INFO - knowledge worker kw29 start
2025-10-21 14:29:53,454 - Knowledge - INFO - Worker kw30 created using shared MongoDB connection pool
2025-10-21 14:29:53,538 - Knowledge - INFO - Fast-tracked /app/data/kaviademo4200/6784/b8996uu/RDK/TraceControl/CMakeLists.txt (ext=.txt, size=1545)
2025-10-21 14:29:53,610 - Knowledge - INFO - Worker kw2 processing /app/data/kaviademo4200/6784/b8996uu/RDK/ScreenCapture/CHANGELOG.md
2025-10-21 14:29:53,717 - Knowledge - INFO - Fast-tracked /app/data/kaviademo4200/6784/b8996uu/RDK/ControlService/CMakeLists.txt (ext=.txt, size=2045)
2025-10-21 14:29:53,829 - Knowledge - INFO - Fast-tracked /app/data/kaviademo4200/6784/b8996uu/RDK/DeviceIdentification/CHANGELOG.md (ext=.md, size=1906)
2025-10-21 14:29:53,917 - Knowledge - INFO - Worker kw5 processing /app/data/kaviademo4200/6784/b8996uu/RDK/WifiManager/impl/WifiManagerEvents.h
2025-10-21 14:29:54,002 - Knowledge - INFO - Worker kw6 processing /app/data/kaviademo4200/6784/b8996uu/RDK/RemoteActionMapping/RemoteActionMapping.json
2025-10-21 14:29:54,080 - Knowledge - INFO - Fast-tracked /app/data/kaviademo4200/6784/b8996uu/RDK/PersistentStore/sqlite/l1test/Store2NotificationMock.h (ext=.h, size=490)
2025-10-21 14:29:54,165 - Knowledge - INFO - Worker kw8 processing /app/data/kaviademo4200/6784/b8996uu/RDK/Timer/Timer.h
2025-10-21 14:29:54,252 - Knowledge - INFO - Fast-tracked /app/data/kaviademo4200/6784/b8996uu/RDK/LoggingPreferences/Module.h (ext=.h, size=882)
2025-10-21 14:29:54,332 - Knowledge - INFO - Fast-tracked /app/data/kaviademo4200/6784/b8996uu/RDK/docs/api/_sidebar.md (ext=.md, size=2905)
2025-10-21 14:29:54,448 - Knowledge - INFO - Fast-tracked /app/data/kaviademo4200/6784/b8996uu/RDK/ActivityMonitor/ActivityMonitorPlugin.json (ext=.json, size=496)
2025-10-21 14:29:54,566 - Knowledge - INFO - Fast-tracked /app/data/kaviademo4200/6784/b8996uu/RDK/helpers/WebSockets/JsonRpc/Request.cpp (ext=.cpp, size=1781)
2025-10-21 14:29:54,669 - Knowledge - INFO - Worker kw13 processing /app/data/kaviademo4200/6784/b8996uu/RDK/Tests/L1Tests/tests/test_UsbAccess.cpp
2025-10-21 14:29:54,774 - Knowledge - INFO - Fast-tracked /app/data/kaviademo4200/6784/b8996uu/RDK/Tests/L2Tests/L2TestsPlugin/CMakeLists.txt (ext=.txt, size=2868)
2025-10-21 14:29:54,882 - Knowledge - INFO - Worker kw15 processing /app/data/kaviademo4200/6784/b8996uu/RDK/Tests/mocks/devicesettings/RtObjectBaseMock.h
2025-10-21 14:29:54,972 - Knowledge - INFO - Worker kw16 processing /app/data/kaviademo4200/6784/b8996uu/RDK/ResourceManager/ResourceManager.h
2025-10-21 14:29:55,060 - Knowledge - INFO - Worker kw17 processing /app/data/kaviademo4200/6784/b8996uu/RDK/WebBridge/CMakeLists.txt
2025-10-21 14:29:55,166 - Knowledge - INFO - Worker kw18 processing /app/data/kaviademo4200/6784/b8996uu/RDK/FrameRate/CHANGELOG.md
2025-10-21 14:29:55,281 - Knowledge - INFO - Fast-tracked /app/data/kaviademo4200/6784/b8996uu/RDK/VoiceControl/Module.cpp (ext=.cpp, size=62)
2025-10-21 14:29:55,393 - Knowledge - INFO - Fast-tracked /app/data/kaviademo4200/6784/b8996uu/RDK/SecurityAgent/CHANGELOG.md (ext=.md, size=2127)
2025-10-21 14:29:55,470 - Knowledge - INFO - Worker kw21 processing /app/data/kaviademo4200/6784/b8996uu/RDK/RustAdapter/Logger.h
2025-10-21 14:29:55,694 - Knowledge - INFO - knowledge worker kw30 start
2025-10-21 14:29:55,773 - Knowledge - INFO - Worker kw1 processing /app/data/kaviademo4200/6784/b8996uu/RDK/TraceControl/TraceControl.cpp
2025-10-21 14:29:55,885 - Knowledge - INFO - Fast-tracked /app/data/kaviademo4200/6784/b8996uu/RDK/ScreenCapture/CHANGELOG.md (ext=.md, size=1863)
2025-10-21 14:29:56,026 - Knowledge - INFO - Worker kw3 processing /app/data/kaviademo4200/6784/b8996uu/RDK/ControlService/cmake/FindCTRLM.cmake
2025-10-21 14:29:56,113 - Knowledge - INFO - Worker kw4 processing /app/data/kaviademo4200/6784/b8996uu/RDK/WebKitBrowser/WebKitBrowser.h
2025-10-21 14:29:56,225 - Knowledge - INFO - Fast-tracked /app/data/kaviademo4200/6784/b8996uu/RDK/WifiManager/impl/WifiManagerEvents.h (ext=.h, size=1598)
2025-10-21 14:29:56,306 - Knowledge - INFO - Fast-tracked /app/data/kaviademo4200/6784/b8996uu/RDK/RemoteActionMapping/RemoteActionMapping.json (ext=.json, size=19165)
2025-10-21 14:29:56,420 - Knowledge - INFO - Worker kw7 processing /app/data/kaviademo4200/6784/b8996uu/RDK/PersistentStore/sqlite/l1test/CMakeLists.txt
2025-10-21 14:29:56,530 - Knowledge - INFO - Worker kw8 processing /app/data/kaviademo4200/6784/b8996uu/RDK/Timer/CHANGELOG.md
2025-10-21 14:29:56,643 - Knowledge - INFO - Worker kw9 processing /app/data/kaviademo4200/6784/b8996uu/RDK/LoggingPreferences/LoggingPreferences.cpp
2025-10-21 14:29:56,760 - Knowledge - INFO - Worker kw10 processing /app/data/kaviademo4200/6784/b8996uu/RDK/docs/api/WebKitBrowserPlugin.md
2025-10-21 14:29:56,844 - Knowledge - INFO - Worker kw11 processing /app/data/kaviademo4200/6784/b8996uu/RDK/ActivityMonitor/ActivityMonitor.cpp
2025-10-21 14:29:56,927 - Knowledge - INFO - Worker kw12 processing /app/data/kaviademo4200/6784/b8996uu/RDK/helpers/WebSockets/JsonRpc/Response.h
2025-10-21 14:29:57,000 - Knowledge - INFO - Fast-tracked /app/data/kaviademo4200/6784/b8996uu/RDK/Tests/L1Tests/tests/test_UsbAccess.cpp (ext=.cpp, size=99778)
2025-10-21 14:29:57,093 - Knowledge - INFO - Worker kw14 processing /app/data/kaviademo4200/6784/b8996uu/RDK/Tests/L2Tests/L2TestsPlugin/L2TestsMock.h
2025-10-21 14:29:57,176 - Knowledge - INFO - Fast-tracked /app/data/kaviademo4200/6784/b8996uu/RDK/Tests/mocks/devicesettings/RtObjectBaseMock.h (ext=.h, size=1302)
2025-10-21 14:29:57,259 - Knowledge - INFO - Worker kw16 processing /app/data/kaviademo4200/6784/b8996uu/RDK/ResourceManager/README.md
2025-10-21 14:29:57,405 - Knowledge - INFO - Fast-tracked /app/data/kaviademo4200/6784/b8996uu/RDK/WebBridge/CMakeLists.txt (ext=.txt, size=1404)
2025-10-21 14:29:57,482 - Knowledge - INFO - Fast-tracked /app/data/kaviademo4200/6784/b8996uu/RDK/FrameRate/CHANGELOG.md (ext=.md, size=1909)
2025-10-21 14:29:57,565 - Knowledge - INFO - Worker kw19 processing /app/data/kaviademo4200/6784/b8996uu/RDK/VoiceControl/CHANGELOG.md
2025-10-21 14:29:57,713 - Knowledge - INFO - Worker kw20 processing /app/data/kaviademo4200/6784/b8996uu/RDK/SecurityAgent/TokenFactory.h
2025-10-21 14:29:57,799 - Knowledge - INFO - Fast-tracked /app/data/kaviademo4200/6784/b8996uu/RDK/RustAdapter/Logger.h (ext=.h, size=1519)
2025-10-21 14:29:57,982 - Knowledge - INFO - Worker kw1 processing /app/data/kaviademo4200/6784/b8996uu/RDK/TraceControl/Module.cpp
2025-10-21 14:29:58,095 - Knowledge - INFO - Worker kw2 processing /app/data/kaviademo4200/6784/b8996uu/RDK/CloudStore/CloudStoreImplementation.h
2025-10-21 14:29:58,218 - Knowledge - INFO - Fast-tracked /app/data/kaviademo4200/6784/b8996uu/RDK/ControlService/cmake/FindCTRLM.cmake (ext=.cmake, size=1245)
2025-10-21 14:29:58,304 - Knowledge - INFO - Worker kw4 processing /app/data/kaviademo4200/6784/b8996uu/RDK/WebKitBrowser/Tags.cpp
2025-10-21 14:29:58,399 - Knowledge - INFO - Worker kw5 processing /app/data/kaviademo4200/6784/b8996uu/RDK/WifiManager/impl/WifiManagerWPS.cpp
2025-10-21 14:29:58,485 - Knowledge - INFO - Worker kw6 processing /app/data/kaviademo4200/6784/b8996uu/RDK/RemoteActionMapping/CMakeLists.txt
2025-10-21 14:29:58,563 - Knowledge - INFO - Fast-tracked /app/data/kaviademo4200/6784/b8996uu/RDK/PersistentStore/sqlite/l1test/CMakeLists.txt (ext=.txt, size=1481)
2025-10-21 14:29:58,683 - Knowledge - INFO - Fast-tracked /app/data/kaviademo4200/6784/b8996uu/RDK/Timer/CHANGELOG.md (ext=.md, size=1606)
2025-10-21 14:29:58,774 - Knowledge - INFO - Worker kw9 processing /app/data/kaviademo4200/6784/b8996uu/RDK/LoggingPreferences/CMakeLists.txt
2025-10-21 14:29:58,893 - Knowledge - INFO - Fast-tracked /app/data/kaviademo4200/6784/b8996uu/RDK/docs/api/WebKitBrowserPlugin.md (ext=.md, size=20482)
2025-10-21 14:29:58,998 - Knowledge - INFO - Worker kw11 processing /app/data/kaviademo4200/6784/b8996uu/RDK/ActivityMonitor/CMakeLists.txt
2025-10-21 14:29:59,106 - Knowledge - INFO - Fast-tracked /app/data/kaviademo4200/6784/b8996uu/RDK/helpers/WebSockets/JsonRpc/Response.h (ext=.h, size=1276)
2025-10-21 14:29:59,198 - Knowledge - INFO - Worker kw13 processing /app/data/kaviademo4200/6784/b8996uu/RDK/Tests/L1Tests/tests/test_DeviceInfo.cpp
2025-10-21 14:29:59,293 - Knowledge - INFO - Fast-tracked /app/data/kaviademo4200/6784/b8996uu/RDK/Tests/L2Tests/L2TestsPlugin/L2TestsMock.h (ext=.h, size=3738)
2025-10-21 14:29:59,382 - Knowledge - INFO - Worker kw15 processing /app/data/kaviademo4200/6784/b8996uu/RDK/Tests/mocks/devicesettings/AudioOutputPortMock.h
2025-10-21 14:29:59,470 - Knowledge - INFO - Fast-tracked /app/data/kaviademo4200/6784/b8996uu/RDK/ResourceManager/README.md (ext=.md, size=1094)
2025-10-21 14:29:59,554 - Knowledge - INFO - Worker kw17 processing /app/data/kaviademo4200/6784/b8996uu/RDK/WebBridge/WebBridge.h
2025-10-21 14:29:59,636 - Knowledge - INFO - Worker kw18 processing /app/data/kaviademo4200/6784/b8996uu/RDK/FrameRate/FrameRate.json
2025-10-21 14:29:59,755 - Knowledge - INFO - Fast-tracked /app/data/kaviademo4200/6784/b8996uu/RDK/VoiceControl/CHANGELOG.md (ext=.md, size=2434)
2025-10-21 14:29:59,852 - Knowledge - INFO - Fast-tracked /app/data/kaviademo4200/6784/b8996uu/RDK/SecurityAgent/TokenFactory.h (ext=.h, size=1741)
2025-10-21 14:29:59,929 - Knowledge - INFO - Worker kw21 processing /app/data/kaviademo4200/6784/b8996uu/RDK/RustAdapter/CMakeLists.txt
2025-10-21 14:30:00,007 - Knowledge - INFO - Fast-tracked /app/data/kaviademo4200/6784/b8996uu/RDK/TraceControl/Module.cpp (ext=.cpp, size=781)
2025-10-21 14:30:00,105 - Knowledge - INFO - Worker kw2 processing /app/data/kaviademo4200/6784/b8996uu/RDK/CloudStore/Module.h
2025-10-21 14:30:00,220 - Knowledge - INFO - Worker kw3 processing /app/data/kaviademo4200/6784/b8996uu/RDK/ControlService/cmake/FindIARMBus.cmake
2025-10-21 14:30:00,340 - Knowledge - INFO - Fast-tracked /app/data/kaviademo4200/6784/b8996uu/RDK/WebKitBrowser/Tags.cpp (ext=.cpp, size=1122)
2025-10-21 14:30:00,461 - Knowledge - INFO - Worker kw5 processing /app/data/kaviademo4200/6784/b8996uu/RDK/WifiManager/impl/WifiManagerConnect.cpp
2025-10-21 14:30:00,588 - Knowledge - INFO - Fast-tracked /app/data/kaviademo4200/6784/b8996uu/RDK/RemoteActionMapping/CMakeLists.txt (ext=.txt, size=2081)
2025-10-21 14:30:00,701 - Knowledge - INFO - Worker kw7 processing /app/data/kaviademo4200/6784/b8996uu/RDK/PersistentStore/PersistentStoreImplementation.h
2025-10-21 14:30:00,799 - Knowledge - INFO - Worker kw8 processing /app/data/kaviademo4200/6784/b8996uu/RDK/UserPreferences/UserPreferencesPlugin.json
2025-10-21 14:30:00,910 - Knowledge - INFO - Fast-tracked /app/data/kaviademo4200/6784/b8996uu/RDK/LoggingPreferences/CMakeLists.txt (ext=.txt, size=1916)
2025-10-21 14:30:00,991 - Knowledge - INFO - Worker kw10 processing /app/data/kaviademo4200/6784/b8996uu/RDK/docs/api/DeviceIdentificationPlugin.md
2025-10-21 14:30:01,102 - Knowledge - INFO - Fast-tracked /app/data/kaviademo4200/6784/b8996uu/RDK/ActivityMonitor/CMakeLists.txt (ext=.txt, size=1522)
2025-10-21 14:30:01,212 - Knowledge - INFO - Worker kw12 processing /app/data/kaviademo4200/6784/b8996uu/RDK/helpers/WebSockets/JsonRpc/Notification.h
2025-10-21 14:30:01,308 - Knowledge - INFO - Fast-tracked /app/data/kaviademo4200/6784/b8996uu/RDK/Tests/L1Tests/tests/test_DeviceInfo.cpp (ext=.cpp, size=1961)
2025-10-21 14:30:01,408 - Knowledge - INFO - Worker kw14 processing /app/data/kaviademo4200/6784/b8996uu/RDK/Tests/L2Tests/L2TestsPlugin/L2Tests.json
2025-10-21 14:30:01,496 - Knowledge - INFO - Fast-tracked /app/data/kaviademo4200/6784/b8996uu/RDK/Tests/mocks/devicesettings/AudioOutputPortMock.h (ext=.h, size=572)
2025-10-21 14:30:01,604 - Knowledge - INFO - Worker kw16 processing /app/data/kaviademo4200/6784/b8996uu/RDK/ResourceManager/ResourceManager.json
2025-10-21 14:30:01,721 - Knowledge - INFO - Worker kw17 processing /app/data/kaviademo4200/6784/b8996uu/RDK/WebBridge/js/WebBridgeSDK.js
2025-10-21 14:30:01,800 - Knowledge - INFO - Fast-tracked /app/data/kaviademo4200/6784/b8996uu/RDK/FrameRate/FrameRate.json (ext=.json, size=7267)
2025-10-21 14:30:01,902 - Knowledge - INFO - Worker kw19 processing /app/data/kaviademo4200/6784/b8996uu/RDK/VoiceControl/VoiceControl.json
2025-10-21 14:30:02,018 - Knowledge - INFO - Worker kw20 processing /app/data/kaviademo4200/6784/b8996uu/RDK/SecurityAgent/SecurityAgent.json
2025-10-21 14:30:02,099 - Knowledge - INFO - Fast-tracked /app/data/kaviademo4200/6784/b8996uu/RDK/RustAdapter/CMakeLists.txt (ext=.txt, size=1415)
2025-10-21 14:30:02,183 - Knowledge - INFO - Worker kw1 processing /app/data/kaviademo4200/6784/b8996uu/RDK/TraceControl/TraceControlPlugin.json
2025-10-21 14:30:02,290 - Knowledge - INFO - Fast-tracked /app/data/kaviademo4200/6784/b8996uu/RDK/CloudStore/Module.h (ext=.h, size=1561)
2025-10-21 14:30:02,412 - Knowledge - INFO - Fast-tracked /app/data/kaviademo4200/6784/b8996uu/RDK/ControlService/cmake/FindIARMBus.cmake (ext=.cmake, size=1740)
2025-10-21 14:30:02,524 - Knowledge - INFO - Worker kw4 processing /app/data/kaviademo4200/6784/b8996uu/RDK/WebKitBrowser/InjectedBundle/AAMPJSBindings.h
2025-10-21 14:30:02,618 - Knowledge - INFO - Worker kw5 processing /app/data/kaviademo4200/6784/b8996uu/RDK/WifiManager/impl/WifiManagerScan.h
2025-10-21 14:30:02,737 - Knowledge - INFO - Worker kw6 processing /app/data/kaviademo4200/6784/b8996uu/RDK/RemoteActionMapping/cmake/FindCTRLM.cmake
2025-10-21 14:30:02,823 - Knowledge - INFO - Worker kw7 processing /app/data/kaviademo4200/6784/b8996uu/RDK/PersistentStore/PersistentStore.json
2025-10-21 14:30:02,921 - Knowledge - INFO - Fast-tracked /app/data/kaviademo4200/6784/b8996uu/RDK/UserPreferences/UserPreferencesPlugin.json (ext=.json, size=492)
2025-10-21 14:30:03,011 - Knowledge - INFO - Worker kw9 processing /app/data/kaviademo4200/6784/b8996uu/RDK/LoggingPreferences/LoggingPreferences.json
2025-10-21 14:30:03,093 - Knowledge - INFO - Fast-tracked /app/data/kaviademo4200/6784/b8996uu/RDK/docs/api/DeviceIdentificationPlugin.md (ext=.md, size=2590)
2025-10-21 14:30:03,204 - Knowledge - INFO - Worker kw11 processing /app/data/kaviademo4200/6784/b8996uu/RDK/ActivityMonitor/ActivityMonitor.json
2025-10-21 14:30:03,310 - Knowledge - INFO - Fast-tracked /app/data/kaviademo4200/6784/b8996uu/RDK/helpers/WebSockets/JsonRpc/Notification.h (ext=.h, size=1157)
2025-10-21 14:30:03,437 - Knowledge - INFO - Worker kw13 processing /app/data/kaviademo4200/6784/b8996uu/RDK/Tests/L1Tests/tests/test_HdmiInput.cpp
2025-10-21 14:30:03,537 - Knowledge - INFO - Fast-tracked /app/data/kaviademo4200/6784/b8996uu/RDK/Tests/L2Tests/L2TestsPlugin/L2Tests.json (ext=.json, size=1228)
2025-10-21 14:30:03,630 - Knowledge - INFO - Worker kw15 processing /app/data/kaviademo4200/6784/b8996uu/RDK/Tests/mocks/devicesettings/FrontPanelTextDisplayMock.h
2025-10-21 14:30:03,712 - Knowledge - INFO - Fast-tracked /app/data/kaviademo4200/6784/b8996uu/RDK/ResourceManager/ResourceManager.json (ext=.json, size=2920)
2025-10-21 14:30:03,812 - Knowledge - INFO - Worker kw17 processing /app/data/kaviademo4200/6784/b8996uu/RDK/WebBridge/js/calc_server.html
2025-10-21 14:30:03,922 - Knowledge - INFO - Worker kw18 processing /app/data/kaviademo4200/6784/b8996uu/RDK/realtek.cmake
2025-10-21 14:30:04,056 - Knowledge - INFO - Fast-tracked /app/data/kaviademo4200/6784/b8996uu/RDK/VoiceControl/VoiceControl.json (ext=.json, size=29997)
2025-10-21 14:30:04,136 - Knowledge - INFO - Fast-tracked /app/data/kaviademo4200/6784/b8996uu/RDK/SecurityAgent/SecurityAgent.json (ext=.json, size=3451)
2025-10-21 14:30:04,262 - Knowledge - INFO - Worker kw21 processing /app/data/kaviademo4200/6784/b8996uu/RDK/RustAdapter/RemotePlugin.h
2025-10-21 14:30:04,366 - Knowledge - INFO - Fast-tracked /app/data/kaviademo4200/6784/b8996uu/RDK/TraceControl/TraceControlPlugin.json (ext=.json, size=1889)
2025-10-21 14:30:04,457 - Knowledge - INFO - Worker kw2 processing /app/data/kaviademo4200/6784/b8996uu/RDK/CloudStore/l0test/CloudStoreImplementationMock.h
2025-10-21 14:30:04,530 - Knowledge - INFO - Worker kw3 processing /app/data/kaviademo4200/6784/b8996uu/RDK/ControlService/ControlServicePlugin.json
2025-10-21 14:30:04,619 - Knowledge - INFO - Fast-tracked /app/data/kaviademo4200/6784/b8996uu/RDK/WebKitBrowser/InjectedBundle/AAMPJSBindings.h (ext=.h, size=1079)
2025-10-21 14:30:04,720 - Knowledge - INFO - Worker kw5 processing /app/data/kaviademo4200/6784/b8996uu/RDK/WifiManager/impl/WifiManagerSignalThreshold.h
2025-10-21 14:30:04,797 - Knowledge - INFO - Fast-tracked /app/data/kaviademo4200/6784/b8996uu/RDK/RemoteActionMapping/cmake/FindCTRLM.cmake (ext=.cmake, size=1245)
2025-10-21 14:30:04,883 - Knowledge - INFO - Fast-tracked /app/data/kaviademo4200/6784/b8996uu/RDK/PersistentStore/PersistentStore.json (ext=.json, size=11007)
2025-10-21 14:30:04,986 - Knowledge - INFO - Worker kw8 processing /app/data/kaviademo4200/6784/b8996uu/RDK/UserPreferences/Module.h
2025-10-21 14:30:05,088 - Knowledge - INFO - Fast-tracked /app/data/kaviademo4200/6784/b8996uu/RDK/LoggingPreferences/LoggingPreferences.json (ext=.json, size=2732)
2025-10-21 14:30:05,176 - Knowledge - INFO - Worker kw10 processing /app/data/kaviademo4200/6784/b8996uu/RDK/docs/api/LEDControlPlugin.md
2025-10-21 14:30:05,276 - Knowledge - INFO - Fast-tracked /app/data/kaviademo4200/6784/b8996uu/RDK/ActivityMonitor/ActivityMonitor.json (ext=.json, size=10100)
2025-10-21 14:30:05,366 - Knowledge - INFO - Worker kw12 processing /app/data/kaviademo4200/6784/b8996uu/RDK/helpers/WebSockets/JsonRpc/Request.h
2025-10-21 14:30:05,452 - Knowledge - INFO - Fast-tracked /app/data/kaviademo4200/6784/b8996uu/RDK/Tests/L1Tests/tests/test_HdmiInput.cpp (ext=.cpp, size=42357)
2025-10-21 14:30:05,550 - Knowledge - INFO - Worker kw14 processing /app/data/kaviademo4200/6784/b8996uu/RDK/Tests/L2Tests/L2TestsPlugin/tests/SystemMode_L2Test.cpp
2025-10-21 14:30:05,663 - Knowledge - INFO - Fast-tracked /app/data/kaviademo4200/6784/b8996uu/RDK/Tests/mocks/devicesettings/FrontPanelTextDisplayMock.h (ext=.h, size=813)
2025-10-21 14:30:05,757 - Knowledge - INFO - Worker kw16 processing /app/data/kaviademo4200/6784/b8996uu/RDK/ResourceManager/Module.cpp
2025-10-21 14:30:05,857 - Knowledge - INFO - Fast-tracked /app/data/kaviademo4200/6784/b8996uu/RDK/WebBridge/js/calc_server.html (ext=.html, size=1241)
2025-10-21 14:30:05,937 - Knowledge - INFO - Worker kw18 processing /app/data/kaviademo4200/6784/b8996uu/RDK/AVInput/AVInput.cpp
2025-10-21 14:30:06,018 - Knowledge - INFO - Worker kw19 processing /app/data/kaviademo4200/6784/b8996uu/RDK/CONTRIBUTING.md
2025-10-21 14:30:06,117 - Knowledge - INFO - Worker kw20 processing /app/data/kaviademo4200/6784/b8996uu/RDK/OpenCDMi/FrameworkRPC.cpp
2025-10-21 14:30:06,222 - Knowledge - INFO - Worker kw21 processing /app/data/kaviademo4200/6784/b8996uu/RDK/RustAdapter/SocketServer.cpp
2025-10-21 14:30:06,305 - Knowledge - INFO - Worker kw1 processing /app/data/kaviademo4200/6784/b8996uu/RDK/TraceControl/CHANGELOG.md
2025-10-21 14:30:06,410 - Knowledge - INFO - Worker kw2 processing /app/data/kaviademo4200/6784/b8996uu/RDK/CloudStore/l0test/CMakeLists.txt
2025-10-21 14:30:06,499 - Knowledge - INFO - Fast-tracked /app/data/kaviademo4200/6784/b8996uu/RDK/ControlService/ControlServicePlugin.json (ext=.json, size=461)
2025-10-21 14:30:06,591 - Knowledge - INFO - Worker kw4 processing /app/data/kaviademo4200/6784/b8996uu/RDK/WebKitBrowser/InjectedBundle/ClassDefinition.cpp
2025-10-21 14:30:06,706 - Knowledge - INFO - Worker kw5 processing /app/data/kaviademo4200/6784/b8996uu/RDK/WifiManager/WifiPlugin.json
2025-10-21 14:30:06,798 - Knowledge - INFO - Worker kw6 processing /app/data/kaviademo4200/6784/b8996uu/RDK/RemoteActionMapping/cmake/FindIARMBus.cmake
2025-10-21 14:30:06,884 - Knowledge - INFO - Worker kw7 processing /app/data/kaviademo4200/6784/b8996uu/RDK/PersistentStore/CMakeLists.txt
2025-10-21 14:30:06,986 - Knowledge - INFO - Fast-tracked /app/data/kaviademo4200/6784/b8996uu/RDK/UserPreferences/Module.h (ext=.h, size=879)
2025-10-21 14:30:07,066 - Knowledge - INFO - Worker kw9 processing /app/data/kaviademo4200/6784/b8996uu/RDK/LoggingPreferences/README.md
2025-10-21 14:30:07,148 - Knowledge - INFO - Fast-tracked /app/data/kaviademo4200/6784/b8996uu/RDK/docs/api/LEDControlPlugin.md (ext=.md, size=3818)
2025-10-21 14:30:07,273 - Knowledge - INFO - Worker kw11 processing /app/data/kaviademo4200/6784/b8996uu/RDK/ActivityMonitor/README.md
2025-10-21 14:30:07,351 - Knowledge - INFO - Fast-tracked /app/data/kaviademo4200/6784/b8996uu/RDK/helpers/WebSockets/JsonRpc/Request.h (ext=.h, size=1283)
2025-10-21 14:30:07,477 - Knowledge - INFO - Worker kw13 processing /app/data/kaviademo4200/6784/b8996uu/RDK/Tests/L1Tests/tests/test_HdmiCecSink.cpp
2025-10-21 14:30:07,592 - Knowledge - INFO - Fast-tracked /app/data/kaviademo4200/6784/b8996uu/RDK/Tests/L2Tests/L2TestsPlugin/tests/SystemMode_L2Test.cpp (ext=.cpp, size=7646)
2025-10-21 14:30:07,704 - Knowledge - INFO - Worker kw15 processing /app/data/kaviademo4200/6784/b8996uu/RDK/Tests/mocks/devicesettings/RtArrayObjectMock.h
2025-10-21 14:30:07,795 - Knowledge - INFO - Fast-tracked /app/data/kaviademo4200/6784/b8996uu/RDK/ResourceManager/Module.cpp (ext=.cpp, size=816)
2025-10-21 14:30:07,916 - Knowledge - INFO - Worker kw17 processing /app/data/kaviademo4200/6784/b8996uu/RDK/WebBridge/js/WebBridgeClient.js
2025-10-21 14:30:08,001 - Knowledge - INFO - Worker kw18 processing /app/data/kaviademo4200/6784/b8996uu/RDK/AVInput/Module.h
2025-10-21 14:30:08,118 - Knowledge - INFO - Fast-tracked /app/data/kaviademo4200/6784/b8996uu/RDK/CONTRIBUTING.md (ext=.md, size=267)
2025-10-21 14:30:08,224 - Knowledge - INFO - Worker kw20 processing /app/data/kaviademo4200/6784/b8996uu/RDK/OpenCDMi/OCDM.cpp
2025-10-21 14:30:08,320 - Knowledge - INFO - Worker kw21 processing /app/data/kaviademo4200/6784/b8996uu/RDK/RustAdapter/RustAdapter.h
2025-10-21 14:30:08,403 - Knowledge - INFO - Fast-tracked /app/data/kaviademo4200/6784/b8996uu/RDK/TraceControl/CHANGELOG.md (ext=.md, size=1429)
2025-10-21 14:30:08,518 - Knowledge - INFO - Fast-tracked /app/data/kaviademo4200/6784/b8996uu/RDK/CloudStore/l0test/CMakeLists.txt (ext=.txt, size=1472)
2025-10-21 14:30:08,639 - Knowledge - INFO - Worker kw3 processing /app/data/kaviademo4200/6784/b8996uu/RDK/ControlService/README.md
2025-10-21 14:30:08,759 - Knowledge - INFO - Worker kw4 processing /app/data/kaviademo4200/6784/b8996uu/RDK/WebKitBrowser/InjectedBundle/SecurityAgent.cpp
2025-10-21 14:30:08,859 - Knowledge - INFO - Fast-tracked /app/data/kaviademo4200/6784/b8996uu/RDK/WifiManager/WifiPlugin.json (ext=.json, size=453)
2025-10-21 14:30:08,975 - Knowledge - INFO - Fast-tracked /app/data/kaviademo4200/6784/b8996uu/RDK/RemoteActionMapping/cmake/FindIARMBus.cmake (ext=.cmake, size=1672)
2025-10-21 14:30:09,075 - Knowledge - INFO - Fast-tracked /app/data/kaviademo4200/6784/b8996uu/RDK/PersistentStore/CMakeLists.txt (ext=.txt, size=3274)
2025-10-21 14:30:09,164 - Knowledge - INFO - Worker kw8 processing /app/data/kaviademo4200/6784/b8996uu/RDK/UserPreferences/UserPreferences.cpp
2025-10-21 14:30:09,242 - Knowledge - INFO - Fast-tracked /app/data/kaviademo4200/6784/b8996uu/RDK/LoggingPreferences/README.md (ext=.md, size=685)
2025-10-21 14:30:09,330 - Knowledge - INFO - Worker kw10 processing /app/data/kaviademo4200/6784/b8996uu/RDK/docs/api/RemoteActionMappingPlugin.md
2025-10-21 14:30:09,427 - Knowledge - INFO - Fast-tracked /app/data/kaviademo4200/6784/b8996uu/RDK/ActivityMonitor/README.md (ext=.md, size=248)
2025-10-21 14:30:09,535 - Knowledge - INFO - Worker kw12 processing /app/data/kaviademo4200/6784/b8996uu/RDK/helpers/frontpanel.cpp
2025-10-21 14:30:09,610 - Knowledge - INFO - Fast-tracked /app/data/kaviademo4200/6784/b8996uu/RDK/Tests/L1Tests/tests/test_HdmiCecSink.cpp (ext=.cpp, size=16560)
2025-10-21 14:30:09,734 - Knowledge - INFO - Worker kw14 processing /app/data/kaviademo4200/6784/b8996uu/RDK/Tests/L2Tests/L2TestsPlugin/tests/SystemService_L2Test.cpp
2025-10-21 14:30:09,852 - Knowledge - INFO - Fast-tracked /app/data/kaviademo4200/6784/b8996uu/RDK/Tests/mocks/devicesettings/RtArrayObjectMock.h (ext=.h, size=1002)
2025-10-21 14:30:09,945 - Knowledge - INFO - Worker kw16 processing /app/data/kaviademo4200/6784/b8996uu/RDK/ResourceManager/CHANGELOG.md
2025-10-21 14:30:10,071 - Knowledge - INFO - Fast-tracked /app/data/kaviademo4200/6784/b8996uu/RDK/WebBridge/js/WebBridgeClient.js (ext=.js, size=452)
2025-10-21 14:30:10,178 - Knowledge - INFO - Fast-tracked /app/data/kaviademo4200/6784/b8996uu/RDK/AVInput/Module.h (ext=.h, size=871)
2025-10-21 14:30:10,278 - Knowledge - INFO - Worker kw19 processing /app/data/kaviademo4200/6784/b8996uu/RDK/SecurityAgent/TestPage.html
2025-10-21 14:30:10,403 - Knowledge - INFO - Worker kw20 processing /app/data/kaviademo4200/6784/b8996uu/RDK/OpenCDMi/Module.h
2025-10-21 14:30:10,501 - Knowledge - INFO - Worker kw21 processing /app/data/kaviademo4200/6784/b8996uu/RDK/RustAdapter/RustPlugin.h
2025-10-21 14:30:10,584 - Knowledge - INFO - Worker kw1 processing /app/data/kaviademo4200/6784/b8996uu/RDK/TextToSpeech/test/TTSThunderAPITest.cpp
2025-10-21 14:30:10,688 - Knowledge - INFO - Worker kw2 processing /app/data/kaviademo4200/6784/b8996uu/RDK/CloudStore/l0test/ServiceMock.h
2025-10-21 14:30:10,788 - Knowledge - INFO - Fast-tracked /app/data/kaviademo4200/6784/b8996uu/RDK/ControlService/README.md (ext=.md, size=1911)
2025-10-21 14:30:10,872 - Knowledge - INFO - Worker kw4 processing /app/data/kaviademo4200/6784/b8996uu/RDK/WebKitBrowser/InjectedBundle/NotifyWPEFramework.cpp
2025-10-21 14:30:10,982 - Knowledge - INFO - Worker kw5 processing /app/data/kaviademo4200/6784/b8996uu/RDK/WifiManager/CMakeLists.txt
2025-10-21 14:30:11,090 - Knowledge - INFO - Worker kw6 processing /app/data/kaviademo4200/6784/b8996uu/RDK/RemoteActionMapping/RamHelper.cpp
2025-10-21 14:30:11,165 - Knowledge - INFO - Worker kw7 processing /app/data/kaviademo4200/6784/b8996uu/RDK/PersistentStore/PersistentStoreJsonRpc.cpp
2025-10-21 14:30:11,273 - Knowledge - INFO - Worker kw8 processing /app/data/kaviademo4200/6784/b8996uu/RDK/UserPreferences/CMakeLists.txt
2025-10-21 14:30:11,397 - Knowledge - INFO - Worker kw9 processing /app/data/kaviademo4200/6784/b8996uu/RDK/LoggingPreferences/Module.cpp
2025-10-21 14:30:11,486 - Knowledge - INFO - Fast-tracked /app/data/kaviademo4200/6784/b8996uu/RDK/docs/api/RemoteActionMappingPlugin.md (ext=.md, size=17321)
2025-10-21 14:30:11,572 - Knowledge - INFO - Worker kw11 processing /app/data/kaviademo4200/6784/b8996uu/RDK/ActivityMonitor/ActivityMonitor.h
2025-10-21 14:30:11,651 - Knowledge - INFO - Worker kw12 processing /app/data/kaviademo4200/6784/b8996uu/RDK/helpers/cSettings.h
2025-10-21 14:30:11,770 - Knowledge - INFO - Worker kw13 processing /app/data/kaviademo4200/6784/b8996uu/RDK/Tests/L1Tests/tests/test_JSON.cpp
2025-10-21 14:30:11,880 - Knowledge - INFO - Fast-tracked /app/data/kaviademo4200/6784/b8996uu/RDK/Tests/L2Tests/L2TestsPlugin/tests/SystemService_L2Test.cpp (ext=.cpp, size=25441)
2025-10-21 14:30:11,996 - Knowledge - INFO - Worker kw15 processing /app/data/kaviademo4200/6784/b8996uu/RDK/Tests/mocks/devicesettings/HdmiInputMock.h
2025-10-21 14:30:12,087 - Knowledge - INFO - Fast-tracked /app/data/kaviademo4200/6784/b8996uu/RDK/ResourceManager/CHANGELOG.md (ext=.md, size=1589)
2025-10-21 14:30:12,171 - Knowledge - INFO - Worker kw17 processing /app/data/kaviademo4200/6784/b8996uu/RDK/WebBridge/js/WebBridgeServer.js
2025-10-21 14:30:12,256 - Knowledge - INFO - Worker kw18 processing /app/data/kaviademo4200/6784/b8996uu/RDK/AVInput/CMakeLists.txt
2025-10-21 14:30:12,379 - Knowledge - INFO - Worker kw19 processing /app/data/kaviademo4200/6784/b8996uu/RDK/SecurityAgent/AccessControlList.cpp
2025-10-21 14:30:12,456 - Knowledge - INFO - Fast-tracked /app/data/kaviademo4200/6784/b8996uu/RDK/OpenCDMi/Module.h (ext=.h, size=1211)
2025-10-21 14:30:12,571 - Knowledge - INFO - Fast-tracked /app/data/kaviademo4200/6784/b8996uu/RDK/RustAdapter/RustPlugin.h (ext=.h, size=982)
2025-10-21 14:30:12,687 - Knowledge - INFO - Fast-tracked /app/data/kaviademo4200/6784/b8996uu/RDK/TextToSpeech/test/TTSThunderAPITest.cpp (ext=.cpp, size=21055)
2025-10-21 14:30:12,761 - Knowledge - INFO - Worker kw2 processing /app/data/kaviademo4200/6784/b8996uu/RDK/CloudStore/l0test/CloudStoreTest.cpp
2025-10-21 14:30:12,863 - Knowledge - INFO - Worker kw3 processing /app/data/kaviademo4200/6784/b8996uu/RDK/ControlService/ControlService.cpp
2025-10-21 14:30:12,952 - Knowledge - INFO - Worker kw4 processing /app/data/kaviademo4200/6784/b8996uu/RDK/WebKitBrowser/InjectedBundle/Module.h
2025-10-21 14:30:13,045 - Knowledge - INFO - Fast-tracked /app/data/kaviademo4200/6784/b8996uu/RDK/WifiManager/CMakeLists.txt (ext=.txt, size=1872)
2025-10-21 14:30:13,155 - Knowledge - INFO - Worker kw6 processing /app/data/kaviademo4200/6784/b8996uu/RDK/RemoteActionMapping/RemoteActionMappingPlugin.json
2025-10-21 14:30:13,256 - Knowledge - INFO - Worker kw7 processing /app/data/kaviademo4200/6784/b8996uu/RDK/PersistentStore/PersistentStorePlugin.json
2025-10-21 14:30:13,344 - Knowledge - INFO - Fast-tracked /app/data/kaviademo4200/6784/b8996uu/RDK/UserPreferences/CMakeLists.txt (ext=.txt, size=1831)
2025-10-21 14:30:13,427 - Knowledge - INFO - Fast-tracked /app/data/kaviademo4200/6784/b8996uu/RDK/LoggingPreferences/Module.cpp (ext=.cpp, size=765)
2025-10-21 14:30:13,532 - Knowledge - INFO - Worker kw10 processing /app/data/kaviademo4200/6784/b8996uu/RDK/docs/api/BluetoothPlugin.md
2025-10-21 14:30:13,618 - Knowledge - INFO - Worker kw11 processing /app/data/kaviademo4200/6784/b8996uu/RDK/ActivityMonitor/Module.cpp
2025-10-21 14:30:13,730 - Knowledge - INFO - Worker kw12 processing /app/data/kaviademo4200/6784/b8996uu/RDK/helpers/UtilsBIT.h
2025-10-21 14:30:13,813 - Knowledge - INFO - Fast-tracked /app/data/kaviademo4200/6784/b8996uu/RDK/Tests/L1Tests/tests/test_JSON.cpp (ext=.cpp, size=9564)
2025-10-21 14:30:13,925 - Knowledge - INFO - Worker kw14 processing /app/data/kaviademo4200/6784/b8996uu/RDK/Tests/L2Tests/L2TestsPlugin/tests/UsbAccess_L2Test.cpp
2025-10-21 14:30:14,013 - Knowledge - INFO - Fast-tracked /app/data/kaviademo4200/6784/b8996uu/RDK/Tests/mocks/devicesettings/HdmiInputMock.h (ext=.h, size=1727)
2025-10-21 14:30:14,130 - Knowledge - INFO - Worker kw16 processing /app/data/kaviademo4200/6784/b8996uu/RDK/LinearPlaybackControl/LinearPlaybackControl.cpp
2025-10-21 14:30:14,226 - Knowledge - INFO - Fast-tracked /app/data/kaviademo4200/6784/b8996uu/RDK/WebBridge/js/WebBridgeServer.js (ext=.js, size=833)
2025-10-21 14:30:14,323 - Knowledge - INFO - Fast-tracked /app/data/kaviademo4200/6784/b8996uu/RDK/AVInput/CMakeLists.txt (ext=.txt, size=2184)
2025-10-21 14:30:14,396 - Knowledge - INFO - Fast-tracked /app/data/kaviademo4200/6784/b8996uu/RDK/SecurityAgent/AccessControlList.cpp (ext=.cpp, size=1073)
2025-10-21 14:30:14,476 - Knowledge - INFO - Worker kw20 processing /app/data/kaviademo4200/6784/b8996uu/RDK/OpenCDMi/CENCParser.h
2025-10-21 14:30:14,565 - Knowledge - INFO - Worker kw21 processing /app/data/kaviademo4200/6784/b8996uu/RDK/RustAdapter/LocalPlugin.cpp
2025-10-21 14:30:14,647 - Knowledge - INFO - Worker kw1 processing /app/data/kaviademo4200/6784/b8996uu/RDK/TextToSpeech/test/Module.h
2025-10-21 14:30:14,717 - Knowledge - INFO - Worker kw2 processing /app/data/kaviademo4200/6784/b8996uu/RDK/CloudStore/grpc/l0test/WorkerPoolImplementation.h
2025-10-21 14:30:14,792 - Knowledge - INFO - Fast-tracked /app/data/kaviademo4200/6784/b8996uu/RDK/ControlService/ControlService.cpp (ext=.cpp, size=111794)
2025-10-21 14:30:14,881 - Knowledge - INFO - Fast-tracked /app/data/kaviademo4200/6784/b8996uu/RDK/WebKitBrowser/InjectedBundle/Module.h (ext=.h, size=921)
2025-10-21 14:30:14,991 - Knowledge - INFO - Worker kw5 processing /app/data/kaviademo4200/6784/b8996uu/RDK/WifiManager/WifiManagerDefines.h
2025-10-21 14:30:15,123 - Knowledge - INFO - Fast-tracked /app/data/kaviademo4200/6784/b8996uu/RDK/RemoteActionMapping/RemoteActionMappingPlugin.json (ext=.json, size=495)
2025-10-21 14:30:15,240 - Knowledge - INFO - Fast-tracked /app/data/kaviademo4200/6784/b8996uu/RDK/PersistentStore/PersistentStorePlugin.json (ext=.json, size=490)
2025-10-21 14:30:15,335 - Knowledge - INFO - Worker kw8 processing /app/data/kaviademo4200/6784/b8996uu/RDK/UserPreferences/UserPreferences.json
2025-10-21 14:30:15,451 - Knowledge - INFO - Worker kw9 processing /app/data/kaviademo4200/6784/b8996uu/RDK/LoggingPreferences/CHANGELOG.md
2025-10-21 14:30:15,528 - Knowledge - INFO - Fast-tracked /app/data/kaviademo4200/6784/b8996uu/RDK/docs/api/BluetoothPlugin.md (ext=.md, size=50399)
2025-10-21 14:30:15,634 - Knowledge - INFO - Fast-tracked /app/data/kaviademo4200/6784/b8996uu/RDK/ActivityMonitor/Module.cpp (ext=.cpp, size=765)
2025-10-21 14:30:15,725 - Knowledge - INFO - Fast-tracked /app/data/kaviademo4200/6784/b8996uu/RDK/helpers/UtilsBIT.h (ext=.h, size=609)
2025-10-21 14:30:15,822 - Knowledge - INFO - Worker kw13 processing /app/data/kaviademo4200/6784/b8996uu/RDK/Tests/L1Tests/tests/test_DeviceIdentification.cpp
2025-10-21 14:30:15,916 - Knowledge - INFO - Fast-tracked /app/data/kaviademo4200/6784/b8996uu/RDK/Tests/L2Tests/L2TestsPlugin/tests/UsbAccess_L2Test.cpp (ext=.cpp, size=25562)
2025-10-21 14:30:16,016 - Knowledge - INFO - Worker kw15 processing /app/data/kaviademo4200/6784/b8996uu/RDK/Tests/mocks/devicesettings/RtObjectRefMock.h
2025-10-21 14:30:16,136 - Knowledge - INFO - Worker kw16 processing /app/data/kaviademo4200/6784/b8996uu/RDK/LinearPlaybackControl/Module.h
2025-10-21 14:30:16,237 - Knowledge - INFO - Worker kw17 processing /app/data/kaviademo4200/6784/b8996uu/RDK/WebBridge/Module.cpp
2025-10-21 14:30:16,347 - Knowledge - INFO - Worker kw18 processing /app/data/kaviademo4200/6784/b8996uu/RDK/AVInput/AVInputPlugin.json
2025-10-21 14:30:16,447 - Knowledge - INFO - Worker kw19 processing /app/data/kaviademo4200/6784/b8996uu/RDK/SecurityAgent/SecurityAgent.cpp
2025-10-21 14:30:16,566 - Knowledge - INFO - Worker kw20 processing /app/data/kaviademo4200/6784/b8996uu/RDK/OpenCDMi/OpenCDMiPlugin.json
2025-10-21 14:30:16,665 - Knowledge - INFO - Worker kw21 processing /app/data/kaviademo4200/6784/b8996uu/RDK/RustAdapter/Module.cpp
2025-10-21 14:30:16,756 - Knowledge - INFO - Fast-tracked /app/data/kaviademo4200/6784/b8996uu/RDK/TextToSpeech/test/Module.h (ext=.h, size=839)
2025-10-21 14:30:16,878 - Knowledge - INFO - Fast-tracked /app/data/kaviademo4200/6784/b8996uu/RDK/CloudStore/grpc/l0test/WorkerPoolImplementation.h (ext=.h, size=1262)
2025-10-21 14:30:16,959 - Knowledge - INFO - Worker kw3 processing /app/data/kaviademo4200/6784/b8996uu/RDK/ControlService/Module.cpp
2025-10-21 14:30:17,044 - Knowledge - INFO - Worker kw4 processing /app/data/kaviademo4200/6784/b8996uu/RDK/WebKitBrowser/InjectedBundle/Utils.cpp
2025-10-21 14:30:17,167 - Knowledge - INFO - Worker kw5 processing /app/data/kaviademo4200/6784/b8996uu/RDK/WifiManager/WifiManagerInterface.h
2025-10-21 14:30:17,247 - Knowledge - INFO - Worker kw6 processing /app/data/kaviademo4200/6784/b8996uu/RDK/RemoteActionMapping/README.md
2025-10-21 14:30:17,332 - Knowledge - INFO - Worker kw7 processing /app/data/kaviademo4200/6784/b8996uu/RDK/PersistentStore/PersistentStoreImplementation.cpp
2025-10-21 14:30:17,449 - Knowledge - INFO - Fast-tracked /app/data/kaviademo4200/6784/b8996uu/RDK/UserPreferences/UserPreferences.json (ext=.json, size=1989)
2025-10-21 14:30:17,536 - Knowledge - INFO - Fast-tracked /app/data/kaviademo4200/6784/b8996uu/RDK/LoggingPreferences/CHANGELOG.md (ext=.md, size=1543)
2025-10-21 14:30:17,655 - Knowledge - INFO - Worker kw10 processing /app/data/kaviademo4200/6784/b8996uu/RDK/docs/api/LocationSyncPlugin.md
2025-10-21 14:30:17,749 - Knowledge - INFO - Worker kw11 processing /app/data/kaviademo4200/6784/b8996uu/RDK/ActivityMonitor/CHANGELOG.md
2025-10-21 14:30:17,836 - Knowledge - INFO - Worker kw12 processing /app/data/kaviademo4200/6784/b8996uu/RDK/helpers/UtilsJsonRpc.h
2025-10-21 14:30:17,939 - Knowledge - INFO - Fast-tracked /app/data/kaviademo4200/6784/b8996uu/RDK/Tests/L1Tests/tests/test_DeviceIdentification.cpp (ext=.cpp, size=3462)
2025-10-21 14:30:18,050 - Knowledge - INFO - Worker kw14 processing /app/data/kaviademo4200/6784/b8996uu/RDK/Tests/L2Tests/L2TestsPlugin/tests/Analytics_L2Test.cpp
2025-10-21 14:30:18,164 - Knowledge - INFO - Fast-tracked /app/data/kaviademo4200/6784/b8996uu/RDK/Tests/mocks/devicesettings/RtObjectRefMock.h (ext=.h, size=1236)
2025-10-21 14:30:18,244 - Knowledge - INFO - Fast-tracked /app/data/kaviademo4200/6784/b8996uu/RDK/LinearPlaybackControl/Module.h (ext=.h, size=1042)
2025-10-21 14:30:18,355 - Knowledge - INFO - Fast-tracked /app/data/kaviademo4200/6784/b8996uu/RDK/WebBridge/Module.cpp (ext=.cpp, size=780)
2025-10-21 14:30:18,449 - Knowledge - INFO - Fast-tracked /app/data/kaviademo4200/6784/b8996uu/RDK/AVInput/AVInputPlugin.json (ext=.json, size=469)
2025-10-21 14:30:18,565 - Knowledge - INFO - Worker kw19 processing /app/data/kaviademo4200/6784/b8996uu/RDK/SecurityAgent/Module.h
2025-10-21 14:30:18,651 - Knowledge - INFO - Fast-tracked /app/data/kaviademo4200/6784/b8996uu/RDK/OpenCDMi/OpenCDMiPlugin.json (ext=.json, size=2795)
2025-10-21 14:30:18,768 - Knowledge - INFO - Fast-tracked /app/data/kaviademo4200/6784/b8996uu/RDK/RustAdapter/Module.cpp (ext=.cpp, size=780)
2025-10-21 14:30:18,853 - Knowledge - INFO - Worker kw1 processing /app/data/kaviademo4200/6784/b8996uu/RDK/TextToSpeech/test/CMakeLists.txt
2025-10-21 14:30:18,937 - Knowledge - INFO - Worker kw2 processing /app/data/kaviademo4200/6784/b8996uu/RDK/CloudStore/grpc/l0test/Store2Test.cpp
2025-10-21 14:30:19,076 - Knowledge - INFO - Fast-tracked /app/data/kaviademo4200/6784/b8996uu/RDK/ControlService/Module.cpp (ext=.cpp, size=765)
2025-10-21 14:30:19,165 - Knowledge - INFO - Worker kw4 processing /app/data/kaviademo4200/6784/b8996uu/RDK/WebKitBrowser/InjectedBundle/BridgeObject.h
2025-10-21 14:30:19,301 - Knowledge - INFO - Worker kw5 processing /app/data/kaviademo4200/6784/b8996uu/RDK/WifiManager/README.md
2025-10-21 14:30:19,426 - Knowledge - INFO - Fast-tracked /app/data/kaviademo4200/6784/b8996uu/RDK/RemoteActionMapping/README.md (ext=.md, size=5171)
2025-10-21 14:30:19,530 - Knowledge - INFO - Worker kw7 processing /app/data/kaviademo4200/6784/b8996uu/RDK/PersistentStore/l1test/CMakeLists.txt
2025-10-21 14:30:19,640 - Knowledge - INFO - Worker kw8 processing /app/data/kaviademo4200/6784/b8996uu/RDK/UserPreferences/README.md
2025-10-21 14:30:19,760 - Knowledge - INFO - Worker kw9 processing /app/data/kaviademo4200/6784/b8996uu/RDK/LoggingPreferences/LoggingPreferences.h
2025-10-21 14:30:19,856 - Knowledge - INFO - Fast-tracked /app/data/kaviademo4200/6784/b8996uu/RDK/docs/api/LocationSyncPlugin.md (ext=.md, size=4778)
2025-10-21 14:30:19,954 - Knowledge - INFO - Fast-tracked /app/data/kaviademo4200/6784/b8996uu/RDK/ActivityMonitor/CHANGELOG.md (ext=.md, size=1711)
2025-10-21 14:30:20,066 - Knowledge - INFO - Worker kw12 processing /app/data/kaviademo4200/6784/b8996uu/RDK/helpers/UtilsSynchroIarm.hpp
2025-10-21 14:30:20,175 - Knowledge - INFO - Worker kw13 processing /app/data/kaviademo4200/6784/b8996uu/RDK/Tests/L1Tests/tests/test_WifiManager.cpp
2025-10-21 14:30:20,297 - Knowledge - INFO - Fast-tracked /app/data/kaviademo4200/6784/b8996uu/RDK/Tests/L2Tests/L2TestsPlugin/tests/Analytics_L2Test.cpp (ext=.cpp, size=39873)
2025-10-21 14:30:20,386 - Knowledge - INFO - Worker kw15 processing /app/data/kaviademo4200/6784/b8996uu/RDK/Tests/mocks/devicesettings/FrontPanelIndicatorMock.h
2025-10-21 14:30:20,508 - Knowledge - INFO - Worker kw16 processing /app/data/kaviademo4200/6784/b8996uu/RDK/LinearPlaybackControl/DemuxerStreamFsFCC.cpp
2025-10-21 14:30:20,591 - Knowledge - INFO - Worker kw17 processing /app/data/kaviademo4200/6784/b8996uu/RDK/WebBridge/CHANGELOG.md
2025-10-21 14:30:20,704 - Knowledge - INFO - Worker kw18 processing /app/data/kaviademo4200/6784/b8996uu/RDK/AVInput/AVInput.h
2025-10-21 14:30:20,815 - Knowledge - INFO - Fast-tracked /app/data/kaviademo4200/6784/b8996uu/RDK/SecurityAgent/Module.h (ext=.h, size=865)
2025-10-21 14:30:20,905 - Knowledge - INFO - Worker kw20 processing /app/data/kaviademo4200/6784/b8996uu/RDK/OpenCDMi/CMakeLists.txt
2025-10-21 14:30:20,985 - Knowledge - INFO - Worker kw21 processing /app/data/kaviademo4200/6784/b8996uu/RDK/RustAdapter/CHANGELOG.md
2025-10-21 14:30:21,066 - Knowledge - INFO - Fast-tracked /app/data/kaviademo4200/6784/b8996uu/RDK/TextToSpeech/test/CMakeLists.txt (ext=.txt, size=1782)
2025-10-21 14:30:21,188 - Knowledge - INFO - Worker kw2 processing /app/data/kaviademo4200/6784/b8996uu/RDK/CloudStore/grpc/l0test/CMakeLists.txt
2025-10-21 14:30:21,303 - Knowledge - INFO - Worker kw3 processing /app/data/kaviademo4200/6784/b8996uu/RDK/ControlService/CHANGELOG.md
2025-10-21 14:30:21,426 - Knowledge - INFO - Fast-tracked /app/data/kaviademo4200/6784/b8996uu/RDK/WebKitBrowser/InjectedBundle/BridgeObject.h (ext=.h, size=1073)
2025-10-21 14:30:21,520 - Knowledge - INFO - Fast-tracked /app/data/kaviademo4200/6784/b8996uu/RDK/WifiManager/README.md (ext=.md, size=2263)
2025-10-21 14:30:21,620 - Knowledge - INFO - Worker kw6 processing /app/data/kaviademo4200/6784/b8996uu/RDK/RemoteActionMapping/Module.cpp
2025-10-21 14:30:21,733 - Knowledge - INFO - Fast-tracked /app/data/kaviademo4200/6784/b8996uu/RDK/PersistentStore/l1test/CMakeLists.txt (ext=.txt, size=1525)
2025-10-21 14:30:21,819 - Knowledge - INFO - Fast-tracked /app/data/kaviademo4200/6784/b8996uu/RDK/UserPreferences/README.md (ext=.md, size=698)
2025-10-21 14:30:21,938 - Knowledge - INFO - Worker kw9 processing /app/data/kaviademo4200/6784/b8996uu/RDK/StateObserver/StateObserverPlugin.json
2025-10-21 14:30:22,019 - Knowledge - INFO - Worker kw10 processing /app/data/kaviademo4200/6784/b8996uu/RDK/docs/api/MessageControlPlugin.md
2025-10-21 14:30:22,130 - Knowledge - INFO - Worker kw11 processing /app/data/kaviademo4200/6784/b8996uu/RDK/MotionDetection/Module.h
2025-10-21 14:30:22,228 - Knowledge - INFO - Worker kw12 processing /app/data/kaviademo4200/6784/b8996uu/RDK/helpers/UtilsString.h
2025-10-21 14:30:22,333 - Knowledge - INFO - Fast-tracked /app/data/kaviademo4200/6784/b8996uu/RDK/Tests/L1Tests/tests/test_WifiManager.cpp (ext=.cpp, size=29054)
2025-10-21 14:30:22,428 - Knowledge - INFO - Worker kw14 processing /app/data/kaviademo4200/6784/b8996uu/RDK/Tests/L2Tests/L2TestsPlugin/tests/UserSettings_L2Test.cpp
2025-10-21 14:30:22,544 - Knowledge - INFO - Fast-tracked /app/data/kaviademo4200/6784/b8996uu/RDK/Tests/mocks/devicesettings/FrontPanelIndicatorMock.h (ext=.h, size=1253)
2025-10-21 14:30:22,644 - Knowledge - INFO - Worker kw16 processing /app/data/kaviademo4200/6784/b8996uu/RDK/LinearPlaybackControl/FileSelectListener.h
2025-10-21 14:30:22,764 - Knowledge - INFO - Fast-tracked /app/data/kaviademo4200/6784/b8996uu/RDK/WebBridge/CHANGELOG.md (ext=.md, size=1384)
2025-10-21 14:30:22,852 - Knowledge - INFO - Worker kw18 processing /app/data/kaviademo4200/6784/b8996uu/RDK/AVInput/README.md
2025-10-21 14:30:22,926 - Knowledge - INFO - Worker kw19 processing /app/data/kaviademo4200/6784/b8996uu/RDK/SecurityAgent/SecapiToken.h
2025-10-21 14:30:23,042 - Knowledge - INFO - Fast-tracked /app/data/kaviademo4200/6784/b8996uu/RDK/OpenCDMi/CMakeLists.txt (ext=.txt, size=3489)
2025-10-21 14:30:23,118 - Knowledge - INFO - Fast-tracked /app/data/kaviademo4200/6784/b8996uu/RDK/RustAdapter/CHANGELOG.md (ext=.md, size=1593)
2025-10-21 14:30:23,204 - Knowledge - INFO - Worker kw1 processing /app/data/kaviademo4200/6784/b8996uu/RDK/TextToSpeech/TextToSpeechJsonRpc.cpp
2025-10-21 14:30:23,312 - Knowledge - INFO - Fast-tracked /app/data/kaviademo4200/6784/b8996uu/RDK/CloudStore/grpc/l0test/CMakeLists.txt (ext=.txt, size=2415)
2025-10-21 14:30:23,406 - Knowledge - INFO - Fast-tracked /app/data/kaviademo4200/6784/b8996uu/RDK/ControlService/CHANGELOG.md (ext=.md, size=2030)
2025-10-21 14:30:23,506 - Knowledge - INFO - Worker kw4 processing /app/data/kaviademo4200/6784/b8996uu/RDK/WebKitBrowser/InjectedBundle/WhiteListedOriginDomainsList.cpp
2025-10-21 14:30:23,599 - Knowledge - INFO - Worker kw5 processing /app/data/kaviademo4200/6784/b8996uu/RDK/WifiManager/WifiManager.cpp
2025-10-21 14:30:23,676 - Knowledge - INFO - Fast-tracked /app/data/kaviademo4200/6784/b8996uu/RDK/RemoteActionMapping/Module.cpp (ext=.cpp, size=765)
2025-10-21 14:30:23,762 - Knowledge - INFO - Worker kw7 processing /app/data/kaviademo4200/6784/b8996uu/RDK/PersistentStore/l1test/ServiceMock.h
2025-10-21 14:30:23,889 - Knowledge - INFO - Worker kw8 processing /app/data/kaviademo4200/6784/b8996uu/RDK/UserPreferences/Module.cpp
2025-10-21 14:30:24,002 - Knowledge - INFO - Fast-tracked /app/data/kaviademo4200/6784/b8996uu/RDK/StateObserver/StateObserverPlugin.json (ext=.json, size=467)
2025-10-21 14:30:24,122 - Knowledge - INFO - Fast-tracked /app/data/kaviademo4200/6784/b8996uu/RDK/docs/api/MessageControlPlugin.md (ext=.md, size=6673)
2025-10-21 14:30:24,235 - Knowledge - INFO - Fast-tracked /app/data/kaviademo4200/6784/b8996uu/RDK/MotionDetection/Module.h (ext=.h, size=1012)
2025-10-21 14:30:24,304 - Knowledge - INFO - Worker kw12 processing /app/data/kaviademo4200/6784/b8996uu/RDK/helpers/UtilsisValidInt.h
2025-10-21 14:30:24,383 - Knowledge - INFO - Worker kw13 processing /app/data/kaviademo4200/6784/b8996uu/RDK/Tests/L1Tests/tests/test_DeviceInfoWeb.cpp
2025-10-21 14:30:24,478 - Knowledge - INFO - Fast-tracked /app/data/kaviademo4200/6784/b8996uu/RDK/Tests/L2Tests/L2TestsPlugin/tests/UserSettings_L2Test.cpp (ext=.cpp, size=88305)
2025-10-21 14:30:24,565 - Knowledge - INFO - Worker kw15 processing /app/data/kaviademo4200/6784/b8996uu/RDK/Tests/mocks/devicesettings/DisplayMock.h
2025-10-21 14:30:24,648 - Knowledge - INFO - Worker kw16 processing /app/data/kaviademo4200/6784/b8996uu/RDK/LinearPlaybackControl/LinearConfig.cpp
2025-10-21 14:30:24,753 - Knowledge - INFO - Worker kw17 processing /app/data/kaviademo4200/6784/b8996uu/RDK/intel.cmake
2025-10-21 14:30:24,855 - Knowledge - INFO - Fast-tracked /app/data/kaviademo4200/6784/b8996uu/RDK/AVInput/README.md (ext=.md, size=1374)
2025-10-21 14:30:24,956 - Knowledge - INFO - Worker kw19 processing /app/data/kaviademo4200/6784/b8996uu/RDK/SecurityAgent/Overview.md
2025-10-21 14:30:25,030 - Knowledge - INFO - Worker kw20 processing /app/data/kaviademo4200/6784/b8996uu/RDK/OpenCDMi/OCDM.h
2025-10-21 14:30:25,111 - Knowledge - INFO - Worker kw21 processing /app/data/kaviademo4200/6784/b8996uu/RDK/l1tests.cmake
2025-10-21 14:30:25,206 - Knowledge - INFO - Worker kw1 processing /app/data/kaviademo4200/6784/b8996uu/RDK/TextToSpeech/TextToSpeech.json
2025-10-21 14:30:25,319 - Knowledge - INFO - Worker kw2 processing /app/data/kaviademo4200/6784/b8996uu/RDK/CloudStore/grpc/l0test/SecureStorageServiceMock.h
2025-10-21 14:30:25,409 - Knowledge - INFO - Worker kw3 processing /app/data/kaviademo4200/6784/b8996uu/RDK/ContentProtection/ContentProtection.h
2025-10-21 14:30:25,533 - Knowledge - INFO - Worker kw4 processing /app/data/kaviademo4200/6784/b8996uu/RDK/WebKitBrowser/InjectedBundle/Milestone.h
2025-10-21 14:30:25,635 - Knowledge - INFO - Worker kw5 processing /app/data/kaviademo4200/6784/b8996uu/RDK/WifiManager/Module.cpp
2025-10-21 14:30:25,741 - Knowledge - INFO - Worker kw6 processing /app/data/kaviademo4200/6784/b8996uu/RDK/RemoteActionMapping/RemoteActionMapping.cpp
2025-10-21 14:30:25,827 - Knowledge - INFO - Worker kw7 processing /app/data/kaviademo4200/6784/b8996uu/RDK/PersistentStore/l1test/PersistentStoreTest.cpp
2025-10-21 14:30:25,909 - Knowledge - INFO - Fast-tracked /app/data/kaviademo4200/6784/b8996uu/RDK/UserPreferences/Module.cpp (ext=.cpp, size=765)
2025-10-21 14:30:26,006 - Knowledge - INFO - Worker kw9 processing /app/data/kaviademo4200/6784/b8996uu/RDK/StateObserver/test/Module.h
2025-10-21 14:30:26,095 - Knowledge - INFO - Worker kw10 processing /app/data/kaviademo4200/6784/b8996uu/RDK/docs/api/MaintenanceManagerPlugin.md
2025-10-21 14:30:26,194 - Knowledge - INFO - Worker kw11 processing /app/data/kaviademo4200/6784/b8996uu/RDK/MotionDetection/MotionDetectionPlugin.json
2025-10-21 14:30:26,309 - Knowledge - INFO - Fast-tracked /app/data/kaviademo4200/6784/b8996uu/RDK/helpers/UtilsisValidInt.h (ext=.h, size=898)
2025-10-21 14:30:26,400 - Knowledge - INFO - Fast-tracked /app/data/kaviademo4200/6784/b8996uu/RDK/Tests/L1Tests/tests/test_DeviceInfoWeb.cpp (ext=.cpp, size=10756)
2025-10-21 14:30:26,484 - Knowledge - INFO - Worker kw14 processing /app/data/kaviademo4200/6784/b8996uu/RDK/Tests/L2Tests/L2TestsPlugin/tests/Warehouse_L2Test.cpp
2025-10-21 14:30:26,585 - Knowledge - INFO - Fast-tracked /app/data/kaviademo4200/6784/b8996uu/RDK/Tests/mocks/devicesettings/DisplayMock.h (ext=.h, size=254)
2025-10-21 14:30:26,688 - Knowledge - INFO - Fast-tracked /app/data/kaviademo4200/6784/b8996uu/RDK/LinearPlaybackControl/LinearConfig.cpp (ext=.cpp, size=744)
2025-10-21 14:30:26,774 - Knowledge - INFO - Worker kw17 processing /app/data/kaviademo4200/6784/b8996uu/RDK/MigrationPreparer/Module.h
2025-10-21 14:30:26,888 - Knowledge - INFO - Worker kw18 processing /app/data/kaviademo4200/6784/b8996uu/RDK/AVInput/Module.cpp
2025-10-21 14:30:27,002 - Knowledge - INFO - Fast-tracked /app/data/kaviademo4200/6784/b8996uu/RDK/SecurityAgent/Overview.md (ext=.md, size=1915)
2025-10-21 14:30:27,092 - Knowledge - INFO - Worker kw20 processing /app/data/kaviademo4200/6784/b8996uu/RDK/OpenCDMi/OCDMJsonRpc.cpp
2025-10-21 14:30:27,279 - Knowledge - INFO - Fast-tracked /app/data/kaviademo4200/6784/b8996uu/RDK/TextToSpeech/TextToSpeech.json (ext=.json, size=26445)
2025-10-21 14:30:27,353 - Knowledge - INFO - Fast-tracked /app/data/kaviademo4200/6784/b8996uu/RDK/CloudStore/grpc/l0test/SecureStorageServiceMock.h (ext=.h, size=1421)
2025-10-21 14:30:27,434 - Knowledge - INFO - Worker kw3 processing /app/data/kaviademo4200/6784/b8996uu/RDK/ContentProtection/Module.h
2025-10-21 14:30:27,523 - Knowledge - INFO - Fast-tracked /app/data/kaviademo4200/6784/b8996uu/RDK/WebKitBrowser/InjectedBundle/Milestone.h (ext=.h, size=1156)
2025-10-21 14:30:27,600 - Knowledge - INFO - Fast-tracked /app/data/kaviademo4200/6784/b8996uu/RDK/WifiManager/Module.cpp (ext=.cpp, size=765)
2025-10-21 14:30:27,682 - Knowledge - INFO - Fast-tracked /app/data/kaviademo4200/6784/b8996uu/RDK/RemoteActionMapping/RemoteActionMapping.cpp (ext=.cpp, size=110207)
2025-10-21 14:30:27,766 - Knowledge - INFO - Worker kw7 processing /app/data/kaviademo4200/6784/b8996uu/RDK/PersistentStore/Module.cpp
2025-10-21 14:30:27,880 - Knowledge - INFO - Worker kw8 processing /app/data/kaviademo4200/6784/b8996uu/RDK/UserPreferences/UserPreferences.h
2025-10-21 14:30:27,968 - Knowledge - INFO - Fast-tracked /app/data/kaviademo4200/6784/b8996uu/RDK/StateObserver/test/Module.h (ext=.h, size=838)
2025-10-21 14:30:28,081 - Knowledge - INFO - Fast-tracked /app/data/kaviademo4200/6784/b8996uu/RDK/docs/api/MaintenanceManagerPlugin.md (ext=.md, size=11181)
2025-10-21 14:30:28,196 - Knowledge - INFO - Fast-tracked /app/data/kaviademo4200/6784/b8996uu/RDK/MotionDetection/MotionDetectionPlugin.json (ext=.json, size=514)
2025-10-21 14:30:28,295 - Knowledge - INFO - Worker kw12 processing /app/data/kaviademo4200/6784/b8996uu/RDK/helpers/UtilssyncPersistFile.h
2025-10-21 14:30:28,392 - Knowledge - INFO - Worker kw13 processing /app/data/kaviademo4200/6784/b8996uu/RDK/Tests/L1Tests/tests/test_Network.cpp
2025-10-21 14:30:28,486 - Knowledge - INFO - Fast-tracked /app/data/kaviademo4200/6784/b8996uu/RDK/Tests/L2Tests/L2TestsPlugin/tests/Warehouse_L2Test.cpp (ext=.cpp, size=52669)
2025-10-21 14:30:28,564 - Knowledge - INFO - Worker kw15 processing /app/data/kaviademo4200/6784/b8996uu/RDK/Tests/mocks/devicesettings/HostMock.h
2025-10-21 14:30:28,686 - Knowledge - INFO - Worker kw16 processing /app/data/kaviademo4200/6784/b8996uu/RDK/LinearPlaybackControl/LinearPlaybackControlPlugin.json
2025-10-21 14:30:28,787 - Knowledge - INFO - Fast-tracked /app/data/kaviademo4200/6784/b8996uu/RDK/MigrationPreparer/Module.h (ext=.h, size=873)
2025-10-21 14:30:28,890 - Knowledge - INFO - Fast-tracked /app/data/kaviademo4200/6784/b8996uu/RDK/AVInput/Module.cpp (ext=.cpp, size=765)
2025-10-21 14:30:28,974 - Knowledge - INFO - Worker kw19 processing /app/data/kaviademo4200/6784/b8996uu/RDK/SecurityAgent/CMakeLists.txt
2025-10-21 14:30:29,083 - Knowledge - INFO - Worker kw20 processing /app/data/kaviademo4200/6784/b8996uu/RDK/OpenCDMi/Module.cpp
2025-10-21 14:30:29,208 - Knowledge - INFO - Worker kw1 processing /app/data/kaviademo4200/6784/b8996uu/RDK/TextToSpeech/Module.h
2025-10-21 14:30:29,295 - Knowledge - INFO - Worker kw2 processing /app/data/kaviademo4200/6784/b8996uu/RDK/CloudStore/grpc/l0test/Server.h
2025-10-21 14:30:29,376 - Knowledge - INFO - Fast-tracked /app/data/kaviademo4200/6784/b8996uu/RDK/ContentProtection/Module.h (ext=.h, size=1085)
2025-10-21 14:30:29,498 - Knowledge - INFO - Worker kw4 processing /app/data/kaviademo4200/6784/b8996uu/RDK/WebKitBrowser/InjectedBundle/RequestHeaders.cpp
2025-10-21 14:30:29,587 - Knowledge - INFO - Worker kw5 processing /app/data/kaviademo4200/6784/b8996uu/RDK/WifiManager/Wifi.json
2025-10-21 14:30:29,685 - Knowledge - INFO - Worker kw6 processing /app/data/kaviademo4200/6784/b8996uu/RDK/RemoteActionMapping/CHANGELOG.md
2025-10-21 14:30:29,768 - Knowledge - INFO - Fast-tracked /app/data/kaviademo4200/6784/b8996uu/RDK/PersistentStore/Module.cpp (ext=.cpp, size=765)
2025-10-21 14:30:29,847 - Knowledge - INFO - Fast-tracked /app/data/kaviademo4200/6784/b8996uu/RDK/UserPreferences/UserPreferences.h (ext=.h, size=1956)
2025-10-21 14:30:29,959 - Knowledge - INFO - Worker kw9 processing /app/data/kaviademo4200/6784/b8996uu/RDK/StateObserver/test/CMakeLists.txt
2025-10-21 14:30:30,034 - Knowledge - INFO - Worker kw10 processing /app/data/kaviademo4200/6784/b8996uu/RDK/docs/api/DataCapturePlugin.md
2025-10-21 14:30:30,126 - Knowledge - INFO - Worker kw11 processing /app/data/kaviademo4200/6784/b8996uu/RDK/MotionDetection/MotionDetection.cpp
2025-10-21 14:30:30,219 - Knowledge - INFO - Fast-tracked /app/data/kaviademo4200/6784/b8996uu/RDK/helpers/UtilssyncPersistFile.h (ext=.h, size=838)
2025-10-21 14:30:30,324 - Knowledge - INFO - Fast-tracked /app/data/kaviademo4200/6784/b8996uu/RDK/Tests/L1Tests/tests/test_Network.cpp (ext=.cpp, size=75495)
2025-10-21 14:30:30,421 - Knowledge - INFO - Worker kw14 processing /app/data/kaviademo4200/6784/b8996uu/RDK/Tests/L2Tests/L2TestsPlugin/tests/Telemetry_L2Test.cpp
2025-10-21 14:30:30,503 - Knowledge - INFO - Fast-tracked /app/data/kaviademo4200/6784/b8996uu/RDK/Tests/mocks/devicesettings/HostMock.h (ext=.h, size=1204)
2025-10-21 14:30:30,590 - Knowledge - INFO - Fast-tracked /app/data/kaviademo4200/6784/b8996uu/RDK/LinearPlaybackControl/LinearPlaybackControlPlugin.json (ext=.json, size=414)
2025-10-21 14:30:30,687 - Knowledge - INFO - Worker kw17 processing /app/data/kaviademo4200/6784/b8996uu/RDK/MigrationPreparer/MigrationPreparer.cpp
2025-10-21 14:30:30,770 - Knowledge - INFO - Worker kw18 processing /app/data/kaviademo4200/6784/b8996uu/RDK/AVInput/CHANGELOG.md
2025-10-21 14:30:30,872 - Knowledge - INFO - Fast-tracked /app/data/kaviademo4200/6784/b8996uu/RDK/SecurityAgent/CMakeLists.txt (ext=.txt, size=1946)
2025-10-21 14:30:30,956 - Knowledge - INFO - Fast-tracked /app/data/kaviademo4200/6784/b8996uu/RDK/OpenCDMi/Module.cpp (ext=.cpp, size=780)
2025-10-21 14:30:31,046 - Knowledge - INFO - Fast-tracked /app/data/kaviademo4200/6784/b8996uu/RDK/TextToSpeech/Module.h (ext=.h, size=870)
2025-10-21 14:30:31,138 - Knowledge - INFO - Fast-tracked /app/data/kaviademo4200/6784/b8996uu/RDK/CloudStore/grpc/l0test/Server.h (ext=.h, size=506)
2025-10-21 14:30:31,223 - Knowledge - INFO - Worker kw3 processing /app/data/kaviademo4200/6784/b8996uu/RDK/ContentProtection/CMakeLists.txt
2025-10-21 14:30:31,317 - Knowledge - INFO - Worker kw4 processing /app/data/kaviademo4200/6784/b8996uu/RDK/WebKitBrowser/InjectedBundle/main.cpp
2025-10-21 14:30:31,423 - Knowledge - INFO - Fast-tracked /app/data/kaviademo4200/6784/b8996uu/RDK/WifiManager/Wifi.json (ext=.json, size=29249)
2025-10-21 14:30:31,541 - Knowledge - INFO - Fast-tracked /app/data/kaviademo4200/6784/b8996uu/RDK/RemoteActionMapping/CHANGELOG.md (ext=.md, size=2020)
2025-10-21 14:30:31,628 - Knowledge - INFO - Worker kw7 processing /app/data/kaviademo4200/6784/b8996uu/RDK/PersistentStore/CHANGELOG.md
2025-10-21 14:30:31,704 - Knowledge - INFO - Worker kw8 processing /app/data/kaviademo4200/6784/b8996uu/RDK/UserPreferences/CHANGELOG.md
2025-10-21 14:30:31,827 - Knowledge - INFO - Fast-tracked /app/data/kaviademo4200/6784/b8996uu/RDK/StateObserver/test/CMakeLists.txt (ext=.txt, size=1349)
2025-10-21 14:30:31,912 - Knowledge - INFO - Fast-tracked /app/data/kaviademo4200/6784/b8996uu/RDK/docs/api/DataCapturePlugin.md (ext=.md, size=7067)
2025-10-21 14:30:32,037 - Knowledge - INFO - Worker kw11 processing /app/data/kaviademo4200/6784/b8996uu/RDK/MotionDetection/CMakeLists.txt
2025-10-21 14:30:32,120 - Knowledge - INFO - Worker kw12 processing /app/data/kaviademo4200/6784/b8996uu/RDK/helpers/UtilsLogging.h
2025-10-21 14:30:32,209 - Knowledge - INFO - Worker kw13 processing /app/data/kaviademo4200/6784/b8996uu/RDK/Tests/L1Tests/tests/test_Bluetooth.cpp
2025-10-21 14:30:32,287 - Knowledge - INFO - Fast-tracked /app/data/kaviademo4200/6784/b8996uu/RDK/Tests/L2Tests/L2TestsPlugin/tests/Telemetry_L2Test.cpp (ext=.cpp, size=23568)
2025-10-21 14:30:32,370 - Knowledge - INFO - Worker kw15 processing /app/data/kaviademo4200/6784/b8996uu/RDK/Tests/mocks/devicesettings/SleepModeMock.h
2025-10-21 14:30:32,445 - Knowledge - INFO - Worker kw16 processing /app/data/kaviademo4200/6784/b8996uu/RDK/LinearPlaybackControl/CMakeLists.txt
2025-10-21 14:30:32,527 - Knowledge - INFO - Worker kw17 processing /app/data/kaviademo4200/6784/b8996uu/RDK/MigrationPreparer/MigrationPreparerPlugin.json
2025-10-21 14:30:32,616 - Knowledge - INFO - Fast-tracked /app/data/kaviademo4200/6784/b8996uu/RDK/AVInput/CHANGELOG.md (ext=.md, size=2744)
2025-10-21 14:30:32,707 - Knowledge - INFO - Worker kw19 processing /app/data/kaviademo4200/6784/b8996uu/RDK/SecurityAgent/SecurityAgentPlugin.json
2025-10-21 14:30:32,829 - Knowledge - INFO - Worker kw20 processing /app/data/kaviademo4200/6784/b8996uu/RDK/OpenCDMi/OpenCDMi.json
2025-10-21 14:30:32,929 - Knowledge - INFO - Worker kw1 processing /app/data/kaviademo4200/6784/b8996uu/RDK/TextToSpeech/TextToSpeechImplementation.h
2025-10-21 14:30:33,032 - Knowledge - INFO - Worker kw2 processing /app/data/kaviademo4200/6784/b8996uu/RDK/CloudStore/grpc/l2test/CMakeLists.txt
2025-10-21 14:30:33,134 - Knowledge - INFO - Fast-tracked /app/data/kaviademo4200/6784/b8996uu/RDK/ContentProtection/CMakeLists.txt (ext=.txt, size=1538)
2025-10-21 14:30:33,235 - Knowledge - INFO - Worker kw4 processing /app/data/kaviademo4200/6784/b8996uu/RDK/WebKitBrowser/InjectedBundle/JavaScriptFunction.cpp
2025-10-21 14:30:33,364 - Knowledge - INFO - Worker kw5 processing /app/data/kaviademo4200/6784/b8996uu/RDK/WifiManager/CHANGELOG.md
2025-10-21 14:30:33,465 - Knowledge - INFO - Worker kw6 processing /app/data/kaviademo4200/6784/b8996uu/RDK/Packager/Packager.h
2025-10-21 14:30:33,569 - Knowledge - INFO - Fast-tracked /app/data/kaviademo4200/6784/b8996uu/RDK/PersistentStore/CHANGELOG.md (ext=.md, size=3223)
2025-10-21 14:30:33,693 - Knowledge - INFO - Fast-tracked /app/data/kaviademo4200/6784/b8996uu/RDK/UserPreferences/CHANGELOG.md (ext=.md, size=1497)
2025-10-21 14:30:33,813 - Knowledge - INFO - Worker kw9 processing /app/data/kaviademo4200/6784/b8996uu/RDK/StateObserver/test/STOBSThunderClient.cpp
2025-10-21 14:30:33,925 - Knowledge - INFO - Worker kw10 processing /app/data/kaviademo4200/6784/b8996uu/RDK/docs/api/PersistentStorePlugin.md
2025-10-21 14:30:34,043 - Knowledge - INFO - Fast-tracked /app/data/kaviademo4200/6784/b8996uu/RDK/MotionDetection/CMakeLists.txt (ext=.txt, size=1656)
2025-10-21 14:30:34,166 - Knowledge - INFO - Fast-tracked /app/data/kaviademo4200/6784/b8996uu/RDK/helpers/UtilsLogging.h (ext=.h, size=1131)
2025-10-21 14:30:34,277 - Knowledge - INFO - Fast-tracked /app/data/kaviademo4200/6784/b8996uu/RDK/Tests/L1Tests/tests/test_Bluetooth.cpp (ext=.cpp, size=112302)
2025-10-21 14:30:34,364 - Knowledge - INFO - Worker kw14 processing /app/data/kaviademo4200/6784/b8996uu/RDK/Tests/L2Tests/L2TestsPlugin/tests/VerifyContracts.cpp
2025-10-21 14:30:34,471 - Knowledge - INFO - Fast-tracked /app/data/kaviademo4200/6784/b8996uu/RDK/Tests/mocks/devicesettings/SleepModeMock.h (ext=.h, size=467)
2025-10-21 14:30:34,550 - Knowledge - INFO - Fast-tracked /app/data/kaviademo4200/6784/b8996uu/RDK/LinearPlaybackControl/CMakeLists.txt (ext=.txt, size=1903)
2025-10-21 14:30:34,631 - Knowledge - INFO - Fast-tracked /app/data/kaviademo4200/6784/b8996uu/RDK/MigrationPreparer/MigrationPreparerPlugin.json (ext=.json, size=589)
2025-10-21 14:30:34,700 - Knowledge - INFO - Worker kw18 processing /app/data/kaviademo4200/6784/b8996uu/RDK/AVInput/AVInput.json
2025-10-21 14:30:34,864 - Knowledge - INFO - Fast-tracked /app/data/kaviademo4200/6784/b8996uu/RDK/SecurityAgent/SecurityAgentPlugin.json (ext=.json, size=1039)
2025-10-21 14:30:35,028 - Knowledge - INFO - Fast-tracked /app/data/kaviademo4200/6784/b8996uu/RDK/OpenCDMi/OpenCDMi.json (ext=.json, size=2085)
2025-10-21 14:30:35,158 - Knowledge - INFO - Worker kw1 processing /app/data/kaviademo4200/6784/b8996uu/RDK/TextToSpeech/TextToSpeechValidator.h
2025-10-21 14:30:35,252 - Knowledge - INFO - Fast-tracked /app/data/kaviademo4200/6784/b8996uu/RDK/CloudStore/grpc/l2test/CMakeLists.txt (ext=.txt, size=2202)
2025-10-21 14:30:35,450 - Knowledge - INFO - Worker kw3 processing /app/data/kaviademo4200/6784/b8996uu/RDK/ContentProtection/ContentProtectionPlugin.json
2025-10-21 14:30:35,464 - Knowledge - INFO - [LLM_CALL] Completed: l1tests.cmake:chunk1, Duration: 2752ms, PromptTokens: 5494, CompletionTokens: 59, Cost: $0.00000
2025-10-21 14:30:35,534 - Knowledge - INFO - Worker kw4 processing /app/data/kaviademo4200/6784/b8996uu/RDK/WebKitBrowser/InjectedBundle/CMakeLists.txt
2025-10-21 14:30:35,626 - Knowledge - INFO - Fast-tracked /app/data/kaviademo4200/6784/b8996uu/RDK/WifiManager/CHANGELOG.md (ext=.md, size=2337)
2025-10-21 14:30:35,734 - Knowledge - INFO - Worker kw6 processing /app/data/kaviademo4200/6784/b8996uu/RDK/Packager/Module.h
2025-10-21 14:30:35,821 - Knowledge - INFO - Worker kw7 processing /app/data/kaviademo4200/6784/b8996uu/RDK/PersistentStore/PersistentStore.cpp
2025-10-21 14:30:35,934 - Knowledge - INFO - Worker kw8 processing /app/data/kaviademo4200/6784/b8996uu/RDK/SystemServices/uploadlogs.h
2025-10-21 14:30:36,021 - Knowledge - INFO - Fast-tracked /app/data/kaviademo4200/6784/b8996uu/RDK/StateObserver/test/STOBSThunderClient.cpp (ext=.cpp, size=8717)
2025-10-21 14:30:36,123 - Knowledge - INFO - Fast-tracked /app/data/kaviademo4200/6784/b8996uu/RDK/docs/api/PersistentStorePlugin.md (ext=.md, size=14569)
2025-10-21 14:30:36,224 - Knowledge - INFO - Worker kw11 processing /app/data/kaviademo4200/6784/b8996uu/RDK/MotionDetection/MotionDetection.json
2025-10-21 14:30:36,325 - Knowledge - INFO - Worker kw12 processing /app/data/kaviademo4200/6784/b8996uu/RDK/helpers/UtilsInputValidator.h
2025-10-21 14:30:36,450 - Knowledge - INFO - Worker kw13 processing /app/data/kaviademo4200/6784/b8996uu/RDK/Tests/L1Tests/tests/test_LocationSync.cpp
2025-10-21 14:30:36,561 - Knowledge - INFO - Fast-tracked /app/data/kaviademo4200/6784/b8996uu/RDK/Tests/L2Tests/L2TestsPlugin/tests/VerifyContracts.cpp (ext=.cpp, size=11049)
2025-10-21 14:30:36,647 - Knowledge - INFO - Worker kw15 processing /app/data/kaviademo4200/6784/b8996uu/RDK/Tests/mocks/devicesettings/MotionDetectionMock.h
2025-10-21 14:30:36,763 - Knowledge - INFO - Worker kw16 processing /app/data/kaviademo4200/6784/b8996uu/RDK/LinearPlaybackControl/DemuxerStreamFsFCC.h
2025-10-21 14:30:36,899 - Knowledge - INFO - Worker kw17 processing /app/data/kaviademo4200/6784/b8996uu/RDK/MigrationPreparer/MigrationPreparerImplementation.cpp
2025-10-21 14:30:37,016 - Knowledge - INFO - Fast-tracked /app/data/kaviademo4200/6784/b8996uu/RDK/AVInput/AVInput.json (ext=.json, size=30867)
2025-10-21 14:30:37,099 - Knowledge - INFO - Worker kw19 processing /app/data/kaviademo4200/6784/b8996uu/RDK/SecurityAgent/SecurityContext.cpp
2025-10-21 14:30:37,230 - Knowledge - INFO - Worker kw20 processing /app/data/kaviademo4200/6784/b8996uu/RDK/OpenCDMi/CENCParser.cpp
2025-10-21 14:30:37,353 - Knowledge - INFO - Worker kw1 processing /app/data/kaviademo4200/6784/b8996uu/RDK/TextToSpeech/impl/TTSURLConstructer.h
2025-10-21 14:30:37,443 - Knowledge - INFO - Worker kw2 processing /app/data/kaviademo4200/6784/b8996uu/RDK/CloudStore/grpc/l2test/StubTest.cpp
2025-10-21 14:30:37,544 - Knowledge - INFO - Fast-tracked /app/data/kaviademo4200/6784/b8996uu/RDK/ContentProtection/ContentProtectionPlugin.json (ext=.json, size=431)
2025-10-21 14:30:37,632 - Knowledge - INFO - done ingest for /app/data/kaviademo4200/6784/b8996uu/RDK/l1tests.cmake
2025-10-21 14:30:37,730 - Knowledge - INFO - Fast-tracked /app/data/kaviademo4200/6784/b8996uu/RDK/WebKitBrowser/InjectedBundle/CMakeLists.txt (ext=.txt, size=3391)
2025-10-21 14:30:37,830 - Knowledge - INFO - Worker kw5 processing /app/data/kaviademo4200/6784/b8996uu/RDK/ContinueWatching/test/CWTestThunderClient.cpp
2025-10-21 14:30:37,950 - Knowledge - INFO - Fast-tracked /app/data/kaviademo4200/6784/b8996uu/RDK/Packager/Module.h (ext=.h, size=984)
2025-10-21 14:30:38,033 - Knowledge - INFO - Worker kw7 processing /app/data/kaviademo4200/6784/b8996uu/RDK/DataCapture/socket_adaptor.cpp
2025-10-21 14:30:38,111 - Knowledge - INFO - Fast-tracked /app/data/kaviademo4200/6784/b8996uu/RDK/SystemServices/uploadlogs.h (ext=.h, size=1166)
2025-10-21 14:30:38,193 - Knowledge - INFO - Worker kw9 processing /app/data/kaviademo4200/6784/b8996uu/RDK/StateObserver/Module.h
2025-10-21 14:30:38,312 - Knowledge - INFO - Worker kw10 processing /app/data/kaviademo4200/6784/b8996uu/RDK/docs/api/HdmiCec_2Plugin.md
2025-10-21 14:30:38,463 - Knowledge - INFO - Fast-tracked /app/data/kaviademo4200/6784/b8996uu/RDK/MotionDetection/MotionDetection.json (ext=.json, size=22137)
2025-10-21 14:30:38,585 - Knowledge - INFO - Worker kw12 processing /app/data/kaviademo4200/6784/b8996uu/RDK/helpers/UtilsSynchro.hpp
2025-10-21 14:30:38,677 - Knowledge - INFO - Fast-tracked /app/data/kaviademo4200/6784/b8996uu/RDK/Tests/L1Tests/tests/test_LocationSync.cpp (ext=.cpp, size=8283)
2025-10-21 14:30:38,771 - Knowledge - INFO - Worker kw14 processing /app/data/kaviademo4200/6784/b8996uu/RDK/Tests/L2Tests/L2TestsPlugin/Module.cpp
2025-10-21 14:30:38,850 - Knowledge - INFO - Fast-tracked /app/data/kaviademo4200/6784/b8996uu/RDK/Tests/mocks/devicesettings/MotionDetectionMock.h (ext=.h, size=2277)
2025-10-21 14:30:38,944 - Knowledge - INFO - Worker kw16 processing /app/data/kaviademo4200/6784/b8996uu/RDK/LinearPlaybackControl/LinearPlaybackControl.h
2025-10-21 14:30:39,060 - Knowledge - INFO - Worker kw17 processing /app/data/kaviademo4200/6784/b8996uu/RDK/MigrationPreparer/CMakeLists.txt
2025-10-21 14:30:39,150 - Knowledge - INFO - Worker kw18 processing /app/data/kaviademo4200/6784/b8996uu/RDK/DisplaySettings/DisplaySettings.cpp
2025-10-21 14:30:39,271 - Knowledge - INFO - Worker kw19 processing /app/data/kaviademo4200/6784/b8996uu/RDK/SecurityAgent/AccessControlList.h
2025-10-21 14:30:39,367 - Knowledge - INFO - Fast-tracked /app/data/kaviademo4200/6784/b8996uu/RDK/OpenCDMi/CENCParser.cpp (ext=.cpp, size=1677)
2025-10-21 14:30:39,488 - Knowledge - INFO - Fast-tracked /app/data/kaviademo4200/6784/b8996uu/RDK/TextToSpeech/impl/TTSURLConstructer.h (ext=.h, size=995)
2025-10-21 14:30:39,582 - Knowledge - INFO - Worker kw2 processing /app/data/kaviademo4200/6784/b8996uu/RDK/CloudStore/grpc/Store2.h
2025-10-21 14:30:39,667 - Knowledge - INFO - Worker kw3 processing /app/data/kaviademo4200/6784/b8996uu/RDK/ContentProtection/ContentProtection.cpp
2025-10-21 14:30:39,980 - Knowledge - INFO - Worker kw4 processing /app/data/kaviademo4200/6784/b8996uu/RDK/WebKitBrowser/InjectedBundle/Milestone.cpp
2025-10-21 14:30:40,116 - Knowledge - INFO - Fast-tracked /app/data/kaviademo4200/6784/b8996uu/RDK/ContinueWatching/test/CWTestThunderClient.cpp (ext=.cpp, size=3907)
2025-10-21 14:30:40,616 - Knowledge - INFO - Worker kw6 processing /app/data/kaviademo4200/6784/b8996uu/RDK/Packager/PackagerImplementation.h
2025-10-21 14:30:40,913 - Knowledge - INFO - Worker kw7 processing /app/data/kaviademo4200/6784/b8996uu/RDK/DataCapture/DataCapture.h
2025-10-21 14:30:41,161 - Knowledge - INFO - Worker kw8 processing /app/data/kaviademo4200/6784/b8996uu/RDK/SystemServices/Module.h
2025-10-21 14:30:41,816 - Knowledge - INFO - Fast-tracked /app/data/kaviademo4200/6784/b8996uu/RDK/StateObserver/Module.h (ext=.h, size=870)
2025-10-21 14:30:41,851 - Knowledge - INFO - Fast-tracked /app/data/kaviademo4200/6784/b8996uu/RDK/docs/api/HdmiCec_2Plugin.md (ext=.md, size=17453)
2025-10-21 14:30:41,941 - Knowledge - INFO - Worker kw11 processing /app/data/kaviademo4200/6784/b8996uu/RDK/MotionDetection/README.md
2025-10-21 14:30:42,538 - Knowledge - INFO - Worker kw12 processing /app/data/kaviademo4200/6784/b8996uu/RDK/helpers/UtilsCStr.h
2025-10-21 14:30:42,805 - Knowledge - INFO - Worker kw13 processing /app/data/kaviademo4200/6784/b8996uu/RDK/Tests/L1Tests/tests/test_TraceControlWeb.cpp
2025-10-21 14:30:43,775 - Knowledge - INFO - Fast-tracked /app/data/kaviademo4200/6784/b8996uu/RDK/Tests/L2Tests/L2TestsPlugin/Module.cpp (ext=.cpp, size=761)
2025-10-21 14:30:43,831 - Knowledge - INFO - Worker kw15 processing /app/data/kaviademo4200/6784/b8996uu/RDK/Tests/mocks/devicesettings/HdmiCecMock.h
2025-10-21 14:30:44,469 - Knowledge - INFO - Fast-tracked /app/data/kaviademo4200/6784/b8996uu/RDK/MigrationPreparer/CMakeLists.txt (ext=.txt, size=3418)
2025-10-21 14:30:44,469 - Knowledge - INFO - Worker kw16 processing /app/data/kaviademo4200/6784/b8996uu/RDK/LinearPlaybackControl/IDemuxer.h
2025-10-21 14:30:44,872 - Knowledge - INFO - Fast-tracked /app/data/kaviademo4200/6784/b8996uu/RDK/DisplaySettings/DisplaySettings.cpp (ext=.cpp, size=284159)
2025-10-21 14:30:45,278 - Knowledge - INFO - Worker kw19 processing /app/data/kaviademo4200/6784/b8996uu/RDK/SecurityAgent/SecurityAgent.h
2025-10-21 14:30:45,378 - Knowledge - INFO - Worker kw20 processing /app/data/kaviademo4200/6784/b8996uu/RDK/OpenCDMi/CHANGELOG.md
2025-10-21 14:30:45,499 - Knowledge - INFO - [LLM_CALL] Completed: SocketServer.cpp:chunk1, Duration: 15585ms, PromptTokens: 11650, CompletionTokens: 898, Cost: $0.00000
2025-10-21 14:30:45,502 - Knowledge - INFO - Worker kw1 processing /app/data/kaviademo4200/6784/b8996uu/RDK/TextToSpeech/impl/TTSDownloader.h
2025-10-21 14:30:45,603 - Knowledge - INFO - Worker kw2 processing /app/data/kaviademo4200/6784/b8996uu/RDK/CloudStore/CloudStore.h
2025-10-21 14:30:45,725 - Knowledge - INFO - Worker kw3 processing /app/data/kaviademo4200/6784/b8996uu/RDK/ContentProtection/Module.cpp
2025-10-21 14:30:45,806 - Knowledge - INFO - Worker kw4 processing /app/data/kaviademo4200/6784/b8996uu/RDK/WebKitBrowser/InjectedBundle/NotifyWPEFramework.h
2025-10-21 14:30:45,900 - Knowledge - INFO - Worker kw5 processing /app/data/kaviademo4200/6784/b8996uu/RDK/ContinueWatching/test/Module.h
2025-10-21 14:30:46,008 - Knowledge - INFO - Worker kw6 processing /app/data/kaviademo4200/6784/b8996uu/RDK/Packager/Packager.json
2025-10-21 14:30:46,110 - Knowledge - INFO - Worker kw7 processing /app/data/kaviademo4200/6784/b8996uu/RDK/DataCapture/Module.h
2025-10-21 14:30:46,226 - Knowledge - INFO - Fast-tracked /app/data/kaviademo4200/6784/b8996uu/RDK/SystemServices/Module.h (ext=.h, size=878)
2025-10-21 14:30:46,323 - Knowledge - INFO - Worker kw9 processing /app/data/kaviademo4200/6784/b8996uu/RDK/StateObserver/StateObserver.cpp
2025-10-21 14:30:46,433 - Knowledge - INFO - Worker kw10 processing /app/data/kaviademo4200/6784/b8996uu/RDK/docs/api/PackagerPlugin.md
2025-10-21 14:30:46,525 - Knowledge - INFO - Fast-tracked /app/data/kaviademo4200/6784/b8996uu/RDK/MotionDetection/README.md (ext=.md, size=2611)
2025-10-21 14:30:46,614 - Knowledge - INFO - Fast-tracked /app/data/kaviademo4200/6784/b8996uu/RDK/helpers/UtilsCStr.h (ext=.h, size=43)
2025-10-21 14:30:46,729 - Knowledge - INFO - Fast-tracked /app/data/kaviademo4200/6784/b8996uu/RDK/Tests/L1Tests/tests/test_TraceControlWeb.cpp (ext=.cpp, size=7684)
2025-10-21 14:30:46,825 - Knowledge - INFO - Worker kw14 processing /app/data/kaviademo4200/6784/b8996uu/RDK/Tests/L2Tests/L2TestsPlugin/L2Tests.h
2025-10-21 14:30:46,921 - Knowledge - INFO - Fast-tracked /app/data/kaviademo4200/6784/b8996uu/RDK/Tests/mocks/devicesettings/HdmiCecMock.h (ext=.h, size=2935)
2025-10-21 14:30:46,999 - Knowledge - INFO - Worker kw17 processing /app/data/kaviademo4200/6784/b8996uu/RDK/MigrationPreparer/MigrationPreparer.h
2025-10-21 14:30:47,093 - Knowledge - INFO - Fast-tracked /app/data/kaviademo4200/6784/b8996uu/RDK/LinearPlaybackControl/IDemuxer.h (ext=.h, size=1961)
2025-10-21 14:30:47,168 - Knowledge - INFO - Worker kw18 processing /app/data/kaviademo4200/6784/b8996uu/RDK/DisplaySettings/Module.h
2025-10-21 14:30:47,286 - Knowledge - INFO - Worker kw19 processing /app/data/kaviademo4200/6784/b8996uu/RDK/SecurityAgent/SecurityContext.h
2025-10-21 14:30:47,405 - Knowledge - INFO - Fast-tracked /app/data/kaviademo4200/6784/b8996uu/RDK/OpenCDMi/CHANGELOG.md (ext=.md, size=1855)
2025-10-21 14:30:47,495 - Knowledge - INFO - done ingest for /app/data/kaviademo4200/6784/b8996uu/RDK/RustAdapter/SocketServer.cpp
2025-10-21 14:30:47,590 - Knowledge - INFO - Fast-tracked /app/data/kaviademo4200/6784/b8996uu/RDK/TextToSpeech/impl/TTSDownloader.h (ext=.h, size=780)
2025-10-21 14:30:47,700 - Knowledge - INFO - Worker kw2 processing /app/data/kaviademo4200/6784/b8996uu/RDK/CloudStore/CMakeLists.txt
2025-10-21 14:30:47,776 - Knowledge - INFO - Fast-tracked /app/data/kaviademo4200/6784/b8996uu/RDK/ContentProtection/Module.cpp (ext=.cpp, size=780)
2025-10-21 14:30:47,871 - Knowledge - INFO - Fast-tracked /app/data/kaviademo4200/6784/b8996uu/RDK/WebKitBrowser/InjectedBundle/NotifyWPEFramework.h (ext=.h, size=1306)
2025-10-21 14:30:47,953 - Knowledge - INFO - Fast-tracked /app/data/kaviademo4200/6784/b8996uu/RDK/ContinueWatching/test/Module.h (ext=.h, size=834)
2025-10-21 14:30:48,051 - Knowledge - INFO - Fast-tracked /app/data/kaviademo4200/6784/b8996uu/RDK/Packager/Packager.json (ext=.json, size=2343)
2025-10-21 14:30:48,172 - Knowledge - INFO - Fast-tracked /app/data/kaviademo4200/6784/b8996uu/RDK/DataCapture/Module.h (ext=.h, size=875)
2025-10-21 14:30:48,265 - Knowledge - INFO - Worker kw8 processing /app/data/kaviademo4200/6784/b8996uu/RDK/SystemServices/platformcaps/platformcapsdata.h
2025-10-21 14:30:48,367 - Knowledge - INFO - Worker kw9 processing /app/data/kaviademo4200/6784/b8996uu/RDK/StateObserver/CMakeLists.txt
2025-10-21 14:30:48,482 - Knowledge - INFO - Fast-tracked /app/data/kaviademo4200/6784/b8996uu/RDK/docs/api/PackagerPlugin.md (ext=.md, size=3541)
2025-10-21 14:30:48,589 - Knowledge - INFO - Worker kw11 processing /app/data/kaviademo4200/6784/b8996uu/RDK/MotionDetection/MotionDetection.h
2025-10-21 14:30:48,679 - Knowledge - INFO - Worker kw12 processing /app/data/kaviademo4200/6784/b8996uu/RDK/helpers/UtilsController.h
2025-10-21 14:30:48,771 - Knowledge - INFO - Worker kw13 processing /app/data/kaviademo4200/6784/b8996uu/RDK/Tests/L1Tests/tests/test_DataCapture.cpp
2025-10-21 14:30:48,896 - Knowledge - INFO - Fast-tracked /app/data/kaviademo4200/6784/b8996uu/RDK/Tests/L2Tests/L2TestsPlugin/L2Tests.h (ext=.h, size=1654)
2025-10-21 14:30:49,002 - Knowledge - INFO - Worker kw15 processing /app/data/kaviademo4200/6784/b8996uu/RDK/Tests/mocks/devicesettings/VideoOutputPortMock.h
2025-10-21 14:30:49,111 - Knowledge - INFO - Worker kw17 processing /app/data/kaviademo4200/6784/b8996uu/RDK/MigrationPreparer/README.md
2025-10-21 14:30:49,196 - Knowledge - INFO - Worker kw16 processing /app/data/kaviademo4200/6784/b8996uu/RDK/LinearPlaybackControl/LinearPlaybackControlJsonRpc.cpp
2025-10-21 14:30:49,282 - Knowledge - INFO - Fast-tracked /app/data/kaviademo4200/6784/b8996uu/RDK/DisplaySettings/Module.h (ext=.h, size=879)
2025-10-21 14:30:49,496 - Knowledge - INFO - Worker kw20 processing /app/data/kaviademo4200/6784/b8996uu/RDK/RustAdapter/RustAdapter.cpp
2025-10-21 14:30:49,862 - Knowledge - INFO - Worker kw1 processing /app/data/kaviademo4200/6784/b8996uu/RDK/TextToSpeech/impl/TTSManager.h
2025-10-21 14:30:49,989 - Knowledge - INFO - Fast-tracked /app/data/kaviademo4200/6784/b8996uu/RDK/CloudStore/CMakeLists.txt (ext=.txt, size=3995)
2025-10-21 14:30:50,379 - Knowledge - INFO - Worker kw3 processing /app/data/kaviademo4200/6784/b8996uu/RDK/ContentProtection/CHANGELOG.md
2025-10-21 14:30:50,984 - Knowledge - INFO - Worker kw4 processing /app/data/kaviademo4200/6784/b8996uu/RDK/WebKitBrowser/InjectedBundle/HawaiiMessage.cpp
2025-10-21 14:30:51,125 - Knowledge - INFO - Worker kw5 processing /app/data/kaviademo4200/6784/b8996uu/RDK/ContinueWatching/test/CMakeLists.txt
2025-10-21 14:30:51,238 - Knowledge - INFO - [LLM_CALL] Completed: RemotePlugin.cpp:chunk1, Duration: 23057ms, PromptTokens: 15742, CompletionTokens: 1950, Cost: $0.00000
2025-10-21 14:30:51,238 - Knowledge - INFO - Worker kw6 processing /app/data/kaviademo4200/6784/b8996uu/RDK/Packager/CMakeLists.txt
2025-10-21 14:30:51,325 - Knowledge - INFO - Worker kw7 processing /app/data/kaviademo4200/6784/b8996uu/RDK/DataCapture/DataCapture.json
2025-10-21 14:30:51,434 - Knowledge - INFO - Worker kw8 processing /app/data/kaviademo4200/6784/b8996uu/RDK/SystemServices/platformcaps/platformcapsdatarpc.cpp
2025-10-21 14:30:51,513 - Knowledge - INFO - Fast-tracked /app/data/kaviademo4200/6784/b8996uu/RDK/StateObserver/CMakeLists.txt (ext=.txt, size=1651)
2025-10-21 14:30:51,628 - Knowledge - INFO - Worker kw10 processing /app/data/kaviademo4200/6784/b8996uu/RDK/docs/api/OCIContainerPlugin.md
2025-10-21 14:30:51,717 - Knowledge - INFO - Worker kw11 processing /app/data/kaviademo4200/6784/b8996uu/RDK/MotionDetection/Module.cpp
2025-10-21 14:30:51,812 - Knowledge - INFO - Worker kw12 processing /app/data/kaviademo4200/6784/b8996uu/RDK/helpers/UtilsUnused.h
2025-10-21 14:30:51,928 - Knowledge - INFO - Fast-tracked /app/data/kaviademo4200/6784/b8996uu/RDK/Tests/L1Tests/tests/test_DataCapture.cpp (ext=.cpp, size=12703)
2025-10-21 14:30:52,033 - Knowledge - INFO - Worker kw14 processing /app/data/kaviademo4200/6784/b8996uu/RDK/Tests/L2Tests/L2TestsPlugin/CHANGELOG.md
2025-10-21 14:30:52,128 - Knowledge - INFO - Fast-tracked /app/data/kaviademo4200/6784/b8996uu/RDK/Tests/mocks/devicesettings/VideoOutputPortMock.h (ext=.h, size=943)
2025-10-21 14:30:52,229 - Knowledge - INFO - Fast-tracked /app/data/kaviademo4200/6784/b8996uu/RDK/MigrationPreparer/README.md (ext=.md, size=2311)
2025-10-21 14:30:52,313 - Knowledge - INFO - Worker kw16 processing /app/data/kaviademo4200/6784/b8996uu/RDK/LinearPlaybackControl/LinearPlaybackControl.json
2025-10-21 14:30:52,395 - Knowledge - INFO - Worker kw18 processing /app/data/kaviademo4200/6784/b8996uu/RDK/DisplaySettings/CMakeLists.txt
2025-10-21 14:30:52,575 - Knowledge - INFO - Worker kw1 processing /app/data/kaviademo4200/6784/b8996uu/RDK/TextToSpeech/impl/TTSSpeaker.h
2025-10-21 14:30:52,684 - Knowledge - INFO - Worker kw2 processing /app/data/kaviademo4200/6784/b8996uu/RDK/CloudStore/CloudStore.cpp
2025-10-21 14:30:52,769 - Knowledge - INFO - Fast-tracked /app/data/kaviademo4200/6784/b8996uu/RDK/ContentProtection/CHANGELOG.md (ext=.md, size=1294)
2025-10-21 14:30:52,884 - Knowledge - INFO - Worker kw4 processing /app/data/kaviademo4200/6784/b8996uu/RDK/WebKitBrowser/InjectedBundle/ClassDefinition.h
2025-10-21 14:30:52,995 - Knowledge - INFO - Fast-tracked /app/data/kaviademo4200/6784/b8996uu/RDK/ContinueWatching/test/CMakeLists.txt (ext=.txt, size=1321)
2025-10-21 14:30:53,086 - Knowledge - INFO - done ingest for /app/data/kaviademo4200/6784/b8996uu/RDK/RustAdapter/RemotePlugin.cpp
2025-10-21 14:30:53,180 - Knowledge - INFO - Fast-tracked /app/data/kaviademo4200/6784/b8996uu/RDK/Packager/CMakeLists.txt (ext=.txt, size=2658)
2025-10-21 14:30:53,299 - Knowledge - INFO - Fast-tracked /app/data/kaviademo4200/6784/b8996uu/RDK/DataCapture/DataCapture.json (ext=.json, size=6819)
2025-10-21 14:30:53,391 - Knowledge - INFO - Worker kw8 processing /app/data/kaviademo4200/6784/b8996uu/RDK/SystemServices/platformcaps/platformcaps.h
2025-10-21 14:30:53,464 - Knowledge - INFO - Worker kw9 processing /app/data/kaviademo4200/6784/b8996uu/RDK/StateObserver/StateObserver.json
2025-10-21 14:30:53,587 - Knowledge - INFO - Fast-tracked /app/data/kaviademo4200/6784/b8996uu/RDK/docs/api/OCIContainerPlugin.md (ext=.md, size=15801)
2025-10-21 14:30:53,693 - Knowledge - INFO - Fast-tracked /app/data/kaviademo4200/6784/b8996uu/RDK/MotionDetection/Module.cpp (ext=.cpp, size=765)
2025-10-21 14:30:53,784 - Knowledge - INFO - Fast-tracked /app/data/kaviademo4200/6784/b8996uu/RDK/helpers/UtilsUnused.h (ext=.h, size=47)
2025-10-21 14:30:53,880 - Knowledge - INFO - Worker kw13 processing /app/data/kaviademo4200/6784/b8996uu/RDK/Tests/L1Tests/tests/test_Packager.cpp
2025-10-21 14:30:53,998 - Knowledge - INFO - Fast-tracked /app/data/kaviademo4200/6784/b8996uu/RDK/Tests/L2Tests/L2TestsPlugin/CHANGELOG.md (ext=.md, size=1166)
2025-10-21 14:30:54,099 - Knowledge - INFO - Worker kw15 processing /app/data/kaviademo4200/6784/b8996uu/RDK/Tests/mocks/devicesettings/VideoOutputPortConfigMock.h
2025-10-21 14:30:54,196 - Knowledge - INFO - Worker kw17 processing /app/data/kaviademo4200/6784/b8996uu/RDK/MigrationPreparer/MigrationPreparer.json
2025-10-21 14:30:54,287 - Knowledge - INFO - Fast-tracked /app/data/kaviademo4200/6784/b8996uu/RDK/LinearPlaybackControl/LinearPlaybackControl.json (ext=.json, size=9637)
2025-10-21 14:30:54,402 - Knowledge - INFO - Fast-tracked /app/data/kaviademo4200/6784/b8996uu/RDK/DisplaySettings/CMakeLists.txt (ext=.txt, size=1996)
2025-10-21 14:30:54,492 - Knowledge - INFO - Worker kw1 processing /app/data/kaviademo4200/6784/b8996uu/RDK/TextToSpeech/impl/NetworkStatusObserver.h
2025-10-21 14:30:54,596 - Knowledge - INFO - Worker kw2 processing /app/data/kaviademo4200/6784/b8996uu/RDK/CloudStore/CloudStorePlugin.json
2025-10-21 14:30:54,712 - Knowledge - INFO - Worker kw3 processing /app/data/kaviademo4200/6784/b8996uu/RDK/DisplayInfo/DisplayInfoTracing.h
2025-10-21 14:30:54,816 - Knowledge - INFO - Worker kw4 processing /app/data/kaviademo4200/6784/b8996uu/RDK/WebKitBrowser/InjectedBundle/JavaScriptFunctionType.h
2025-10-21 14:30:54,895 - Knowledge - INFO - Worker kw5 processing /app/data/kaviademo4200/6784/b8996uu/RDK/ContinueWatching/ContinueWatching.h
2025-10-21 14:30:55,673 - Knowledge - INFO - Worker kw6 processing /app/data/kaviademo4200/6784/b8996uu/RDK/Packager/cmake/FindLibOPKG.cmake
2025-10-21 14:30:55,828 - Knowledge - INFO - [LLM_CALL] Completed: LocalPlugin.cpp:chunk1, Duration: 23981ms, PromptTokens: 21696, CompletionTokens: 2820, Cost: $0.00000
2025-10-21 14:30:55,831 - Knowledge - INFO - Worker kw7 processing /app/data/kaviademo4200/6784/b8996uu/RDK/DataCapture/CMakeLists.txt
2025-10-21 14:30:55,938 - Knowledge - INFO - Worker kw8 processing /app/data/kaviademo4200/6784/b8996uu/RDK/SystemServices/platformcaps/platformcaps.cpp
2025-10-21 14:30:56,015 - Knowledge - INFO - Fast-tracked /app/data/kaviademo4200/6784/b8996uu/RDK/StateObserver/StateObserver.json (ext=.json, size=9616)
2025-10-21 14:30:56,112 - Knowledge - INFO - Worker kw10 processing /app/data/kaviademo4200/6784/b8996uu/RDK/docs/api/HdmiCecSourcePlugin.md
2025-10-21 14:30:56,229 - Knowledge - INFO - Worker kw11 processing /app/data/kaviademo4200/6784/b8996uu/RDK/MotionDetection/CHANGELOG.md
2025-10-21 14:30:56,318 - Knowledge - INFO - Worker kw12 processing /app/data/kaviademo4200/6784/b8996uu/RDK/helpers/tptimer.h
2025-10-21 14:30:56,427 - Knowledge - INFO - Fast-tracked /app/data/kaviademo4200/6784/b8996uu/RDK/Tests/L1Tests/tests/test_Packager.cpp (ext=.cpp, size=3680)
2025-10-21 14:30:56,508 - Knowledge - INFO - Worker kw14 processing /app/data/kaviademo4200/6784/b8996uu/RDK/Tests/L2Tests/L2testController.h
2025-10-21 14:30:56,621 - Knowledge - INFO - Fast-tracked /app/data/kaviademo4200/6784/b8996uu/RDK/Tests/mocks/devicesettings/VideoOutputPortConfigMock.h (ext=.h, size=400)
2025-10-21 14:30:56,706 - Knowledge - INFO - Fast-tracked /app/data/kaviademo4200/6784/b8996uu/RDK/MigrationPreparer/MigrationPreparer.json (ext=.json, size=7094)
2025-10-21 14:30:56,783 - Knowledge - INFO - Worker kw16 processing /app/data/kaviademo4200/6784/b8996uu/RDK/LinearPlaybackControl/Module.cpp
2025-10-21 14:30:56,895 - Knowledge - INFO - Worker kw18 processing /app/data/kaviademo4200/6784/b8996uu/RDK/DisplaySettings/DisplaySettingsPlugin.json
2025-10-21 14:30:56,998 - Knowledge - INFO - Fast-tracked /app/data/kaviademo4200/6784/b8996uu/RDK/TextToSpeech/impl/NetworkStatusObserver.h (ext=.h, size=671)
2025-10-21 14:30:57,080 - Knowledge - INFO - Fast-tracked /app/data/kaviademo4200/6784/b8996uu/RDK/CloudStore/CloudStorePlugin.json (ext=.json, size=388)
2025-10-21 14:30:57,182 - Knowledge - INFO - Worker kw3 processing /app/data/kaviademo4200/6784/b8996uu/RDK/DisplayInfo/Linux/DRMConnector.h
2025-10-21 14:30:57,266 - Knowledge - INFO - Worker kw4 processing /app/data/kaviademo4200/6784/b8996uu/RDK/WebKitBrowser/InjectedBundle/BridgeObject.cpp
2025-10-21 14:30:57,382 - Knowledge - INFO - Worker kw5 processing /app/data/kaviademo4200/6784/b8996uu/RDK/ContinueWatching/Module.h
2025-10-21 14:30:57,475 - Knowledge - INFO - Fast-tracked /app/data/kaviademo4200/6784/b8996uu/RDK/Packager/cmake/FindLibOPKG.cmake (ext=.cmake, size=1266)
2025-10-21 14:30:57,578 - Knowledge - INFO - done ingest for /app/data/kaviademo4200/6784/b8996uu/RDK/RustAdapter/LocalPlugin.cpp
2025-10-21 14:30:57,678 - Knowledge - INFO - Fast-tracked /app/data/kaviademo4200/6784/b8996uu/RDK/DataCapture/CMakeLists.txt (ext=.txt, size=2178)
2025-10-21 14:30:57,779 - Knowledge - INFO - Worker kw8 processing /app/data/kaviademo4200/6784/b8996uu/RDK/SystemServices/platformcaps/platformcapsdata.cpp
2025-10-21 14:30:57,867 - Knowledge - INFO - Worker kw9 processing /app/data/kaviademo4200/6784/b8996uu/RDK/StateObserver/README.md
2025-10-21 14:30:57,981 - Knowledge - INFO - Fast-tracked /app/data/kaviademo4200/6784/b8996uu/RDK/docs/api/HdmiCecSourcePlugin.md (ext=.md, size=17557)
2025-10-21 14:30:58,066 - Knowledge - INFO - Fast-tracked /app/data/kaviademo4200/6784/b8996uu/RDK/MotionDetection/CHANGELOG.md (ext=.md, size=1358)
2025-10-21 14:30:58,180 - Knowledge - INFO - Worker kw12 processing /app/data/kaviademo4200/6784/b8996uu/RDK/helpers/UtilsFile.h
2025-10-21 14:30:58,277 - Knowledge - INFO - Worker kw13 processing /app/data/kaviademo4200/6784/b8996uu/RDK/Tests/L1Tests/tests/test_OCIContainer.cpp
2025-10-21 14:30:58,365 - Knowledge - INFO - Fast-tracked /app/data/kaviademo4200/6784/b8996uu/RDK/Tests/L2Tests/L2testController.h (ext=.h, size=2031)
2025-10-21 14:30:58,464 - Knowledge - INFO - Worker kw15 processing /app/data/kaviademo4200/6784/b8996uu/RDK/Tests/mocks/devicesettings/CompositeInputMock.h
2025-10-21 14:30:58,555 - Knowledge - INFO - Worker kw17 processing /app/data/kaviademo4200/6784/b8996uu/RDK/MigrationPreparer/MigrationPreparerJsonRpc.cpp
2025-10-21 14:30:58,650 - Knowledge - INFO - Fast-tracked /app/data/kaviademo4200/6784/b8996uu/RDK/LinearPlaybackControl/Module.cpp (ext=.cpp, size=781)
2025-10-21 14:30:58,770 - Knowledge - INFO - Fast-tracked /app/data/kaviademo4200/6784/b8996uu/RDK/DisplaySettings/DisplaySettingsPlugin.json (ext=.json, size=583)
2025-10-21 14:30:58,878 - Knowledge - INFO - Worker kw1 processing /app/data/kaviademo4200/6784/b8996uu/RDK/TextToSpeech/impl/SatToken.cpp
2025-10-21 14:30:58,996 - Knowledge - INFO - Worker kw2 processing /app/data/kaviademo4200/6784/b8996uu/RDK/CloudStore/CloudStoreImplementation.cpp
2025-10-21 14:30:59,092 - Knowledge - INFO - Worker kw3 processing /app/data/kaviademo4200/6784/b8996uu/RDK/DisplayInfo/Linux/PlatformImplementation.cpp
2025-10-21 14:30:59,216 - Knowledge - INFO - Worker kw4 processing /app/data/kaviademo4200/6784/b8996uu/RDK/WebKitBrowser/InjectedBundle/JavaScriptFunction.h
2025-10-21 14:30:59,331 - Knowledge - INFO - Fast-tracked /app/data/kaviademo4200/6784/b8996uu/RDK/ContinueWatching/Module.h (ext=.h, size=880)
2025-10-21 14:30:59,407 - Knowledge - INFO - Worker kw6 processing /app/data/kaviademo4200/6784/b8996uu/RDK/Packager/PackagerPlugin.json
2025-10-21 14:31:00,109 - Knowledge - INFO - Worker kw7 processing /app/data/kaviademo4200/6784/b8996uu/RDK/DataCapture/socket_adaptor.h
2025-10-21 14:31:00,503 - Knowledge - INFO - Worker kw8 processing /app/data/kaviademo4200/6784/b8996uu/RDK/SystemServices/SystemPlugin.json
2025-10-21 14:31:00,524 - Knowledge - INFO - [LLM_CALL] Completed: RemotePlugin.h:chunk1, Duration: 31517ms, PromptTokens: 24670, CompletionTokens: 3813, Cost: $0.00000
2025-10-21 14:31:00,554 - Knowledge - INFO - Fast-tracked /app/data/kaviademo4200/6784/b8996uu/RDK/StateObserver/README.md (ext=.md, size=3829)
2025-10-21 14:31:00,624 - Knowledge - INFO - Worker kw10 processing /app/data/kaviademo4200/6784/b8996uu/RDK/docs/api/DTVPlugin.md
2025-10-21 14:31:00,738 - Knowledge - INFO - Worker kw11 processing /app/data/kaviademo4200/6784/b8996uu/RDK/HdmiCec/HdmiCecPlugin.json
2025-10-21 14:31:00,822 - Knowledge - INFO - Fast-tracked /app/data/kaviademo4200/6784/b8996uu/RDK/helpers/UtilsFile.h (ext=.h, size=1143)
2025-10-21 14:31:00,902 - Knowledge - INFO - Fast-tracked /app/data/kaviademo4200/6784/b8996uu/RDK/Tests/L1Tests/tests/test_OCIContainer.cpp (ext=.cpp, size=11006)
2025-10-21 14:31:01,009 - Knowledge - INFO - Worker kw14 processing /app/data/kaviademo4200/6784/b8996uu/RDK/Tests/L2Tests/pact/pact-plugin.json
2025-10-21 14:31:01,090 - Knowledge - INFO - Fast-tracked /app/data/kaviademo4200/6784/b8996uu/RDK/Tests/mocks/devicesettings/CompositeInputMock.h (ext=.h, size=517)
2025-10-21 14:31:01,186 - Knowledge - INFO - Worker kw17 processing /app/data/kaviademo4200/6784/b8996uu/RDK/MigrationPreparer/Module.cpp
2025-10-21 14:31:01,269 - Knowledge - INFO - Worker kw16 processing /app/data/kaviademo4200/6784/b8996uu/RDK/LinearPlaybackControl/LinearConfig.h
2025-10-21 14:31:01,352 - Knowledge - INFO - Worker kw18 processing /app/data/kaviademo4200/6784/b8996uu/RDK/DisplaySettings/cmake/FindIARMBus.cmake
2025-10-21 14:31:01,467 - Knowledge - INFO - Worker kw1 processing /app/data/kaviademo4200/6784/b8996uu/RDK/TextToSpeech/impl/TTSCommon.h
2025-10-21 14:31:01,564 - Knowledge - INFO - Fast-tracked /app/data/kaviademo4200/6784/b8996uu/RDK/CloudStore/CloudStoreImplementation.cpp (ext=.cpp, size=1331)
2025-10-21 14:31:01,647 - Knowledge - INFO - Worker kw3 processing /app/data/kaviademo4200/6784/b8996uu/RDK/DisplayInfo/DisplayInfo.h
2025-10-21 14:31:01,737 - Knowledge - INFO - Fast-tracked /app/data/kaviademo4200/6784/b8996uu/RDK/WebKitBrowser/InjectedBundle/JavaScriptFunction.h (ext=.h, size=1649)
2025-10-21 14:31:01,819 - Knowledge - INFO - Worker kw5 processing /app/data/kaviademo4200/6784/b8996uu/RDK/ContinueWatching/ContinueWatching.json
2025-10-21 14:31:01,907 - Knowledge - INFO - Fast-tracked /app/data/kaviademo4200/6784/b8996uu/RDK/Packager/PackagerPlugin.json (ext=.json, size=492)
2025-10-21 14:31:01,992 - Knowledge - INFO - Worker kw7 processing /app/data/kaviademo4200/6784/b8996uu/RDK/DataCapture/DataCapturePlugin.json
2025-10-21 14:31:02,114 - Knowledge - INFO - Fast-tracked /app/data/kaviademo4200/6784/b8996uu/RDK/SystemServices/SystemPlugin.json (ext=.json, size=493)
2025-10-21 14:31:02,191 - Knowledge - INFO - done ingest for /app/data/kaviademo4200/6784/b8996uu/RDK/RustAdapter/RemotePlugin.h
2025-10-21 14:31:02,276 - Knowledge - INFO - Worker kw9 processing /app/data/kaviademo4200/6784/b8996uu/RDK/StateObserver/Module.cpp
2025-10-21 14:31:02,394 - Knowledge - INFO - Fast-tracked /app/data/kaviademo4200/6784/b8996uu/RDK/docs/api/DTVPlugin.md (ext=.md, size=68396)
2025-10-21 14:31:02,476 - Knowledge - INFO - Fast-tracked /app/data/kaviademo4200/6784/b8996uu/RDK/HdmiCec/HdmiCecPlugin.json (ext=.json, size=733)
2025-10-21 14:31:02,610 - Knowledge - INFO - Worker kw12 processing /app/data/kaviademo4200/6784/b8996uu/RDK/helpers/UtilsfileExists.h
2025-10-21 14:31:02,731 - Knowledge - INFO - Worker kw13 processing /app/data/kaviademo4200/6784/b8996uu/RDK/Tests/L1Tests/tests/test_HdmiCecSource.cpp
2025-10-21 14:31:02,813 - Knowledge - INFO - Fast-tracked /app/data/kaviademo4200/6784/b8996uu/RDK/Tests/L2Tests/pact/pact-plugin.json (ext=.json, size=250)
2025-10-21 14:31:02,883 - Knowledge - INFO - Worker kw15 processing /app/data/kaviademo4200/6784/b8996uu/RDK/Tests/mocks/devicesettings/FloatingRtFunctionsMock.h
2025-10-21 14:31:02,966 - Knowledge - INFO - Fast-tracked /app/data/kaviademo4200/6784/b8996uu/RDK/MigrationPreparer/Module.cpp (ext=.cpp, size=764)
2025-10-21 14:31:03,089 - Knowledge - INFO - Fast-tracked /app/data/kaviademo4200/6784/b8996uu/RDK/LinearPlaybackControl/LinearConfig.h (ext=.h, size=1563)
2025-10-21 14:31:03,165 - Knowledge - INFO - Fast-tracked /app/data/kaviademo4200/6784/b8996uu/RDK/DisplaySettings/cmake/FindIARMBus.cmake (ext=.cmake, size=1584)
2025-10-21 14:31:03,259 - Knowledge - INFO - Worker kw1 processing /app/data/kaviademo4200/6784/b8996uu/RDK/TextToSpeech/impl/logger.h
2025-10-21 14:31:03,340 - Knowledge - INFO - Worker kw2 processing /app/data/kaviademo4200/6784/b8996uu/RDK/CloudStore/Module.cpp
2025-10-21 14:31:03,433 - Knowledge - INFO - Worker kw3 processing /app/data/kaviademo4200/6784/b8996uu/RDK/DisplayInfo/Module.h
2025-10-21 14:31:03,516 - Knowledge - INFO - Worker kw4 processing /app/data/kaviademo4200/6784/b8996uu/RDK/WebKitBrowser/InjectedBundle/RequestHeaders.h
2025-10-21 14:31:03,624 - Knowledge - INFO - Fast-tracked /app/data/kaviademo4200/6784/b8996uu/RDK/ContinueWatching/ContinueWatching.json (ext=.json, size=4226)
2025-10-21 14:31:03,712 - Knowledge - INFO - Worker kw6 processing /app/data/kaviademo4200/6784/b8996uu/RDK/Packager/PackagerImplementation.cpp
2025-10-21 14:31:03,805 - Knowledge - INFO - Fast-tracked /app/data/kaviademo4200/6784/b8996uu/RDK/DataCapture/DataCapturePlugin.json (ext=.json, size=521)
2025-10-21 14:31:03,880 - Knowledge - INFO - Worker kw8 processing /app/data/kaviademo4200/6784/b8996uu/RDK/SystemServices/thermonitor.cpp
2025-10-21 14:31:04,799 - Knowledge - INFO - Fast-tracked /app/data/kaviademo4200/6784/b8996uu/RDK/StateObserver/Module.cpp (ext=.cpp, size=765)
2025-10-21 14:31:04,940 - Knowledge - INFO - Worker kw10 processing /app/data/kaviademo4200/6784/b8996uu/RDK/docs/api/FireboltMediaPlayerPlugin.md
2025-10-21 14:31:05,102 - Knowledge - INFO - Worker kw11 processing /app/data/kaviademo4200/6784/b8996uu/RDK/HdmiCec/Module.h
2025-10-21 14:31:05,544 - Knowledge - INFO - Fast-tracked /app/data/kaviademo4200/6784/b8996uu/RDK/helpers/UtilsfileExists.h (ext=.h, size=368)
2025-10-21 14:31:05,991 - Knowledge - INFO - Fast-tracked /app/data/kaviademo4200/6784/b8996uu/RDK/Tests/L1Tests/tests/test_HdmiCecSource.cpp (ext=.cpp, size=28905)
2025-10-21 14:31:06,150 - Knowledge - INFO - Worker kw14 processing /app/data/kaviademo4200/6784/b8996uu/RDK/Tests/L2Tests/pact/install-verifier-cli.sh
2025-10-21 14:31:06,450 - Knowledge - INFO - Fast-tracked /app/data/kaviademo4200/6784/b8996uu/RDK/Tests/mocks/devicesettings/FloatingRtFunctionsMock.h (ext=.h, size=1434)
2025-10-21 14:31:06,728 - Knowledge - INFO - Worker kw17 processing /app/data/kaviademo4200/6784/b8996uu/RDK/MigrationPreparer/MigrationPreparerImplementation.h
2025-10-21 14:31:07,112 - Knowledge - INFO - Worker kw16 processing /app/data/kaviademo4200/6784/b8996uu/RDK/Warehouse/Warehouse.cpp
2025-10-21 14:31:07,389 - Knowledge - INFO - Worker kw18 processing /app/data/kaviademo4200/6784/b8996uu/RDK/DisplaySettings/cmake/FindDS.cmake
2025-10-21 14:31:07,777 - Knowledge - INFO - Worker kw1 processing /app/data/kaviademo4200/6784/b8996uu/RDK/TextToSpeech/impl/logger.cpp
2025-10-21 14:31:07,859 - Knowledge - INFO - Fast-tracked /app/data/kaviademo4200/6784/b8996uu/RDK/CloudStore/Module.cpp (ext=.cpp, size=780)
2025-10-21 14:31:08,038 - Knowledge - INFO - Fast-tracked /app/data/kaviademo4200/6784/b8996uu/RDK/DisplayInfo/Module.h (ext=.h, size=886)
2025-10-21 14:31:08,135 - Knowledge - INFO - Fast-tracked /app/data/kaviademo4200/6784/b8996uu/RDK/WebKitBrowser/InjectedBundle/RequestHeaders.h (ext=.h, size=1085)
2025-10-21 14:31:08,203 - Knowledge - INFO - [LLM_CALL] Completed: LocalPlugin.h:chunk1, Duration: 41023ms, PromptTokens: 28182, CompletionTokens: 4851, Cost: $0.00000
2025-10-21 14:31:08,217 - Knowledge - INFO - Worker kw5 processing /app/data/kaviademo4200/6784/b8996uu/RDK/ContinueWatching/CMakeLists.txt
2025-10-21 14:31:08,305 - Knowledge - INFO - Worker kw6 processing /app/data/kaviademo4200/6784/b8996uu/RDK/Packager/Module.cpp
2025-10-21 14:31:08,399 - Knowledge - INFO - Worker kw7 processing /app/data/kaviademo4200/6784/b8996uu/RDK/DataCapture/README.md
2025-10-21 14:31:08,514 - Knowledge - INFO - Worker kw8 processing /app/data/kaviademo4200/6784/b8996uu/RDK/SystemServices/SystemServicesHelper.cpp
2025-10-21 14:31:08,634 - Knowledge - INFO - Worker kw9 processing /app/data/kaviademo4200/6784/b8996uu/RDK/StateObserver/CHANGELOG.md
2025-10-21 14:31:08,725 - Knowledge - INFO - Fast-tracked /app/data/kaviademo4200/6784/b8996uu/RDK/docs/api/FireboltMediaPlayerPlugin.md (ext=.md, size=11916)
2025-10-21 14:31:08,805 - Knowledge - INFO - Fast-tracked /app/data/kaviademo4200/6784/b8996uu/RDK/HdmiCec/Module.h (ext=.h, size=871)
2025-10-21 14:31:08,898 - Knowledge - INFO - Worker kw12 processing /app/data/kaviademo4200/6784/b8996uu/RDK/helpers/CHANGELOG.md
2025-10-21 14:31:09,005 - Knowledge - INFO - Worker kw13 processing /app/data/kaviademo4200/6784/b8996uu/RDK/Tests/L1Tests/tests/test_MaintenanceManager.cpp
2025-10-21 14:31:09,102 - Knowledge - INFO - Fast-tracked /app/data/kaviademo4200/6784/b8996uu/RDK/Tests/L2Tests/pact/install-verifier-cli.sh (ext=.sh, size=1463)
2025-10-21 14:31:09,215 - Knowledge - INFO - Worker kw15 processing /app/data/kaviademo4200/6784/b8996uu/RDK/Tests/mocks/devicesettings/VideoResolutionMock.h
2025-10-21 14:31:09,339 - Knowledge - INFO - Worker kw17 processing /app/data/kaviademo4200/6784/b8996uu/RDK/FrameRate/FrameRate.cpp
2025-10-21 14:31:09,417 - Knowledge - INFO - Worker kw16 processing /app/data/kaviademo4200/6784/b8996uu/RDK/Warehouse/Module.h
2025-10-21 14:31:09,496 - Knowledge - INFO - Fast-tracked /app/data/kaviademo4200/6784/b8996uu/RDK/DisplaySettings/cmake/FindDS.cmake (ext=.cmake, size=1746)
2025-10-21 14:31:09,608 - Knowledge - INFO - Worker kw1 processing /app/data/kaviademo4200/6784/b8996uu/RDK/TextToSpeech/impl/TTSConfiguration.h
2025-10-21 14:31:09,723 - Knowledge - INFO - Worker kw2 processing /app/data/kaviademo4200/6784/b8996uu/RDK/CloudStore/CHANGELOG.md
2025-10-21 14:31:09,848 - Knowledge - INFO - Worker kw3 processing /app/data/kaviademo4200/6784/b8996uu/RDK/DisplayInfo/DisplayInfoJsonRpc.cpp
2025-10-21 14:31:09,940 - Knowledge - INFO - Worker kw4 processing /app/data/kaviademo4200/6784/b8996uu/RDK/WebKitBrowser/InjectedBundle/WhiteListedOriginDomainsList.h
2025-10-21 14:31:10,062 - Knowledge - INFO - done ingest for /app/data/kaviademo4200/6784/b8996uu/RDK/RustAdapter/LocalPlugin.h
2025-10-21 14:31:10,185 - Knowledge - INFO - Fast-tracked /app/data/kaviademo4200/6784/b8996uu/RDK/ContinueWatching/CMakeLists.txt (ext=.txt, size=1561)
2025-10-21 14:31:10,277 - Knowledge - INFO - Fast-tracked /app/data/kaviademo4200/6784/b8996uu/RDK/Packager/Module.cpp (ext=.cpp, size=781)
2025-10-21 14:31:10,396 - Knowledge - INFO - Fast-tracked /app/data/kaviademo4200/6784/b8996uu/RDK/DataCapture/README.md (ext=.md, size=1129)
2025-10-21 14:31:10,616 - Knowledge - INFO - Worker kw8 processing /app/data/kaviademo4200/6784/b8996uu/RDK/SystemServices/cTimer.h
2025-10-21 14:31:10,725 - Knowledge - INFO - Fast-tracked /app/data/kaviademo4200/6784/b8996uu/RDK/StateObserver/CHANGELOG.md (ext=.md, size=1613)
2025-10-21 14:31:10,843 - Knowledge - INFO - Worker kw10 processing /app/data/kaviademo4200/6784/b8996uu/RDK/docs/api/ScreenCapturePlugin.md
2025-10-21 14:31:10,926 - Knowledge - INFO - Worker kw11 processing /app/data/kaviademo4200/6784/b8996uu/RDK/HdmiCec/HdmiCec.cpp
2025-10-21 14:31:11,044 - Knowledge - INFO - Fast-tracked /app/data/kaviademo4200/6784/b8996uu/RDK/helpers/CHANGELOG.md (ext=.md, size=1235)
2025-10-21 14:31:11,166 - Knowledge - INFO - Fast-tracked /app/data/kaviademo4200/6784/b8996uu/RDK/Tests/L1Tests/tests/test_MaintenanceManager.cpp (ext=.cpp, size=19718)
2025-10-21 14:31:11,255 - Knowledge - INFO - Worker kw14 processing /app/data/kaviademo4200/6784/b8996uu/RDK/Tests/L2Tests/Module.h
2025-10-21 14:31:11,341 - Knowledge - INFO - Fast-tracked /app/data/kaviademo4200/6784/b8996uu/RDK/Tests/mocks/devicesettings/VideoResolutionMock.h (ext=.h, size=264)
2025-10-21 14:31:11,433 - Knowledge - INFO - Worker kw17 processing /app/data/kaviademo4200/6784/b8996uu/RDK/FrameRate/Module.h
2025-10-21 14:31:11,531 - Knowledge - INFO - Fast-tracked /app/data/kaviademo4200/6784/b8996uu/RDK/Warehouse/Module.h (ext=.h, size=873)
2025-10-21 14:31:11,625 - Knowledge - INFO - Worker kw18 processing /app/data/kaviademo4200/6784/b8996uu/RDK/DisplaySettings/DisplaySettings.h
2025-10-21 14:31:11,707 - Knowledge - INFO - Worker kw1 processing /app/data/kaviademo4200/6784/b8996uu/RDK/TextToSpeech/impl/TTSURLConstructer.cpp
2025-10-21 14:31:11,788 - Knowledge - INFO - Fast-tracked /app/data/kaviademo4200/6784/b8996uu/RDK/CloudStore/CHANGELOG.md (ext=.md, size=1367)
2025-10-21 14:31:11,890 - Knowledge - INFO - Fast-tracked /app/data/kaviademo4200/6784/b8996uu/RDK/DisplayInfo/DisplayInfoJsonRpc.cpp (ext=.cpp, size=1568)
2025-10-21 14:31:12,002 - Knowledge - INFO - Fast-tracked /app/data/kaviademo4200/6784/b8996uu/RDK/WebKitBrowser/InjectedBundle/WhiteListedOriginDomainsList.h (ext=.h, size=1720)
2025-10-21 14:31:12,230 - Knowledge - INFO - Worker kw5 processing /app/data/kaviademo4200/6784/b8996uu/RDK/ContinueWatching/ContinueWatchingPlugin.json
2025-10-21 14:31:12,633 - Knowledge - INFO - Worker kw6 processing /app/data/kaviademo4200/6784/b8996uu/RDK/Packager/CHANGELOG.md
2025-10-21 14:31:12,752 - Knowledge - INFO - Worker kw7 processing /app/data/kaviademo4200/6784/b8996uu/RDK/DataCapture/Module.cpp
2025-10-21 14:31:12,883 - Knowledge - INFO - Worker kw8 processing /app/data/kaviademo4200/6784/b8996uu/RDK/SystemServices/SystemServices.cpp
2025-10-21 14:31:13,017 - Knowledge - INFO - Worker kw9 processing /app/data/kaviademo4200/6784/b8996uu/RDK/StateObserver/StateObserver.h
2025-10-21 14:31:13,224 - Knowledge - INFO - Fast-tracked /app/data/kaviademo4200/6784/b8996uu/RDK/docs/api/ScreenCapturePlugin.md (ext=.md, size=4461)
2025-10-21 14:31:13,411 - Knowledge - INFO - Worker kw11 processing /app/data/kaviademo4200/6784/b8996uu/RDK/HdmiCec/CMakeLists.txt
2025-10-21 14:31:13,432 - Knowledge - INFO - Worker kw12 processing /app/data/kaviademo4200/6784/b8996uu/RDK/helpers/frontpanel.h
2025-10-21 14:31:13,581 - Knowledge - INFO - Worker kw13 processing /app/data/kaviademo4200/6784/b8996uu/RDK/Tests/L1Tests/tests/test_UserPreferences.cpp
2025-10-21 14:31:13,732 - Knowledge - INFO - Fast-tracked /app/data/kaviademo4200/6784/b8996uu/RDK/Tests/L2Tests/Module.h (ext=.h, size=912)
2025-10-21 14:31:13,871 - Knowledge - INFO - Worker kw15 processing /app/data/kaviademo4200/6784/b8996uu/RDK/Tests/mocks/devicesettings/ManagerMock.h
2025-10-21 14:31:14,183 - Knowledge - INFO - Fast-tracked /app/data/kaviademo4200/6784/b8996uu/RDK/FrameRate/Module.h (ext=.h, size=873)
2025-10-21 14:31:14,477 - Knowledge - INFO - Worker kw16 processing /app/data/kaviademo4200/6784/b8996uu/RDK/Warehouse/WarehousePlugin.json
2025-10-21 14:31:14,482 - Knowledge - INFO - [LLM_CALL] Completed: TestPage.html:chunk1, Duration: 21395ms, PromptTokens: 33588, CompletionTokens: 4910, Cost: $0.00000
2025-10-21 14:31:14,821 - Knowledge - INFO - Worker kw18 processing /app/data/kaviademo4200/6784/b8996uu/RDK/DisplaySettings/README.md
2025-10-21 14:31:14,976 - Knowledge - INFO - Worker kw1 processing /app/data/kaviademo4200/6784/b8996uu/RDK/TextToSpeech/impl/TTSDownloader.cpp
2025-10-21 14:31:15,175 - Knowledge - INFO - Worker kw2 processing /app/data/kaviademo4200/6784/b8996uu/RDK/FireboltMediaPlayer/test/thunderJS.js
2025-10-21 14:31:15,358 - Knowledge - INFO - Worker kw3 processing /app/data/kaviademo4200/6784/b8996uu/RDK/DisplayInfo/DisplayInfo.json
2025-10-21 14:31:15,677 - Knowledge - INFO - Worker kw4 processing /app/data/kaviademo4200/6784/b8996uu/RDK/WebKitBrowser/InjectedBundle/AAMPJSBindings.cpp
2025-10-21 14:31:16,126 - Knowledge - INFO - Fast-tracked /app/data/kaviademo4200/6784/b8996uu/RDK/ContinueWatching/ContinueWatchingPlugin.json (ext=.json, size=459)
2025-10-21 14:31:16,330 - Knowledge - INFO - Fast-tracked /app/data/kaviademo4200/6784/b8996uu/RDK/Packager/CHANGELOG.md (ext=.md, size=1688)
2025-10-21 14:31:16,540 - Knowledge - INFO - Fast-tracked /app/data/kaviademo4200/6784/b8996uu/RDK/DataCapture/Module.cpp (ext=.cpp, size=765)
2025-10-21 14:31:17,005 - Knowledge - INFO - Fast-tracked /app/data/kaviademo4200/6784/b8996uu/RDK/SystemServices/SystemServices.cpp (ext=.cpp, size=209373)
2025-10-21 14:31:17,113 - Knowledge - INFO - Worker kw9 processing /app/data/kaviademo4200/6784/b8996uu/RDK/PerformanceMetrics/PerformanceMetricsPlugin.json
2025-10-21 14:31:17,252 - Knowledge - INFO - Worker kw10 processing /app/data/kaviademo4200/6784/b8996uu/RDK/docs/api/CloudStorePlugin.md
2025-10-21 14:31:17,636 - Knowledge - INFO - Fast-tracked /app/data/kaviademo4200/6784/b8996uu/RDK/HdmiCec/CMakeLists.txt (ext=.txt, size=1914)
2025-10-21 14:31:17,677 - Knowledge - INFO - Worker kw12 processing /app/data/kaviademo4200/6784/b8996uu/RDK/XCast/XCastManager.h
2025-10-21 14:31:18,129 - Knowledge - INFO - Fast-tracked /app/data/kaviademo4200/6784/b8996uu/RDK/Tests/L1Tests/tests/test_UserPreferences.cpp (ext=.cpp, size=2862)
2025-10-21 14:31:18,200 - Knowledge - INFO - Worker kw14 processing /app/data/kaviademo4200/6784/b8996uu/RDK/Tests/L2Tests/CMakeLists.txt
2025-10-21 14:31:18,529 - Knowledge - INFO - Fast-tracked /app/data/kaviademo4200/6784/b8996uu/RDK/Tests/mocks/devicesettings/ManagerMock.h (ext=.h, size=267)
2025-10-21 14:31:18,601 - Knowledge - INFO - Worker kw17 processing /app/data/kaviademo4200/6784/b8996uu/RDK/FrameRate/FrameRatePlugin.json
2025-10-21 14:31:18,907 - Knowledge - INFO - Fast-tracked /app/data/kaviademo4200/6784/b8996uu/RDK/Warehouse/WarehousePlugin.json (ext=.json, size=465)
2025-10-21 14:31:19,072 - Knowledge - INFO - done ingest for /app/data/kaviademo4200/6784/b8996uu/RDK/SecurityAgent/TestPage.html
2025-10-21 14:31:19,339 - Knowledge - INFO - Fast-tracked /app/data/kaviademo4200/6784/b8996uu/RDK/DisplaySettings/README.md (ext=.md, size=914)
2025-10-21 14:31:19,590 - Knowledge - INFO - Worker kw1 processing /app/data/kaviademo4200/6784/b8996uu/RDK/TextToSpeech/impl/TTSSpeaker.cpp
2025-10-21 14:31:19,705 - Knowledge - INFO - Fast-tracked /app/data/kaviademo4200/6784/b8996uu/RDK/FireboltMediaPlayer/test/thunderJS.js (ext=.js, size=6441)
2025-10-21 14:31:19,779 - Knowledge - INFO - Fast-tracked /app/data/kaviademo4200/6784/b8996uu/RDK/DisplayInfo/DisplayInfo.json (ext=.json, size=10118)
2025-10-21 14:31:19,943 - Knowledge - INFO - Worker kw4 processing /app/data/kaviademo4200/6784/b8996uu/RDK/WebKitBrowser/InjectedBundle/Utils.h
2025-10-21 14:31:20,155 - Knowledge - INFO - Worker kw5 processing /app/data/kaviademo4200/6784/b8996uu/RDK/ContinueWatching/README.md
2025-10-21 14:31:20,640 - Knowledge - INFO - Worker kw6 processing /app/data/kaviademo4200/6784/b8996uu/RDK/Packager/Packager.cpp
2025-10-21 14:31:20,809 - Knowledge - INFO - Worker kw7 processing /app/data/kaviademo4200/6784/b8996uu/RDK/DataCapture/CHANGELOG.md
2025-10-21 14:31:21,130 - Knowledge - INFO - Worker kw8 processing /app/data/kaviademo4200/6784/b8996uu/RDK/SystemServices/CMakeLists.txt
2025-10-21 14:31:21,473 - Knowledge - INFO - Fast-tracked /app/data/kaviademo4200/6784/b8996uu/RDK/PerformanceMetrics/PerformanceMetricsPlugin.json (ext=.json, size=349)
2025-10-21 14:31:21,521 - Knowledge - INFO - Fast-tracked /app/data/kaviademo4200/6784/b8996uu/RDK/docs/api/CloudStorePlugin.md (ext=.md, size=1295)
2025-10-21 14:31:21,626 - Knowledge - INFO - Worker kw11 processing /app/data/kaviademo4200/6784/b8996uu/RDK/HdmiCec/HdmiCec.json
2025-10-21 14:31:21,966 - Knowledge - INFO - Worker kw12 processing /app/data/kaviademo4200/6784/b8996uu/RDK/XCast/XCast.cpp
2025-10-21 14:31:22,341 - Knowledge - INFO - Worker kw13 processing /app/data/kaviademo4200/6784/b8996uu/RDK/Tests/L1Tests/tests/test_UtilsFile.cpp
2025-10-21 14:31:23,013 - Knowledge - INFO - Fast-tracked /app/data/kaviademo4200/6784/b8996uu/RDK/Tests/L2Tests/CMakeLists.txt (ext=.txt, size=2583)
2025-10-21 14:31:23,193 - Knowledge - INFO - Worker kw15 processing /app/data/kaviademo4200/6784/b8996uu/RDK/Tests/mocks/devicesettings/VideoDeviceMock.h
2025-10-21 14:31:23,463 - Knowledge - INFO - Fast-tracked /app/data/kaviademo4200/6784/b8996uu/RDK/FrameRate/FrameRatePlugin.json (ext=.json, size=439)
2025-10-21 14:31:23,475 - Knowledge - INFO - Worker kw16 processing /app/data/kaviademo4200/6784/b8996uu/RDK/Warehouse/CMakeLists.txt
2025-10-21 14:31:23,857 - Knowledge - INFO - Worker kw18 processing /app/data/kaviademo4200/6784/b8996uu/RDK/DisplaySettings/Module.cpp
2025-10-21 14:31:23,972 - Knowledge - INFO - Worker kw1 processing /app/data/kaviademo4200/6784/b8996uu/RDK/TextToSpeech/impl/TTSManager.cpp
2025-10-21 14:31:24,380 - Knowledge - INFO - Worker kw2 processing /app/data/kaviademo4200/6784/b8996uu/RDK/FireboltMediaPlayer/test/fmp_test_ui.html
2025-10-21 14:31:24,617 - Knowledge - INFO - Worker kw3 processing /app/data/kaviademo4200/6784/b8996uu/RDK/DisplayInfo/CMakeLists.txt
2025-10-21 14:31:25,099 - Knowledge - INFO - Fast-tracked /app/data/kaviademo4200/6784/b8996uu/RDK/WebKitBrowser/InjectedBundle/Utils.h (ext=.h, size=1335)
2025-10-21 14:31:25,378 - Knowledge - INFO - Fast-tracked /app/data/kaviademo4200/6784/b8996uu/RDK/ContinueWatching/README.md (ext=.md, size=3189)
2025-10-21 14:31:25,409 - Knowledge - INFO - Worker kw6 processing /app/data/kaviademo4200/6784/b8996uu/RDK/HdmiCec_2/HdmiCec_2.h
2025-10-21 14:31:25,567 - Knowledge - INFO - Fast-tracked /app/data/kaviademo4200/6784/b8996uu/RDK/DataCapture/CHANGELOG.md (ext=.md, size=1937)
2025-10-21 14:31:25,864 - Knowledge - INFO - Fast-tracked /app/data/kaviademo4200/6784/b8996uu/RDK/SystemServices/CMakeLists.txt (ext=.txt, size=4020)
2025-10-21 14:31:26,018 - Knowledge - INFO - Worker kw9 processing /app/data/kaviademo4200/6784/b8996uu/RDK/PerformanceMetrics/Module.h
2025-10-21 14:31:26,207 - Knowledge - INFO - Worker kw10 processing /app/data/kaviademo4200/6784/b8996uu/RDK/docs/api/SystemAudioPlayerPlugin.md
2025-10-21 14:31:26,651 - Knowledge - INFO - Fast-tracked /app/data/kaviademo4200/6784/b8996uu/RDK/HdmiCec/HdmiCec.json (ext=.json, size=11233)
2025-10-21 14:31:26,831 - Knowledge - INFO - Worker kw12 processing /app/data/kaviademo4200/6784/b8996uu/RDK/XCast/Module.h
2025-10-21 14:31:26,998 - Knowledge - INFO - Fast-tracked /app/data/kaviademo4200/6784/b8996uu/RDK/Tests/L1Tests/tests/test_UtilsFile.cpp (ext=.cpp, size=1815)
2025-10-21 14:31:27,110 - Knowledge - INFO - Worker kw14 processing /app/data/kaviademo4200/6784/b8996uu/RDK/Tests/L2Tests/README.md
2025-10-21 14:31:27,231 - Knowledge - INFO - Fast-tracked /app/data/kaviademo4200/6784/b8996uu/RDK/Tests/mocks/devicesettings/VideoDeviceMock.h (ext=.h, size=480)
2025-10-21 14:31:27,415 - Knowledge - INFO - Worker kw17 processing /app/data/kaviademo4200/6784/b8996uu/RDK/FrameRate/CMakeLists.txt
2025-10-21 14:31:27,678 - Knowledge - INFO - Fast-tracked /app/data/kaviademo4200/6784/b8996uu/RDK/Warehouse/CMakeLists.txt (ext=.txt, size=2967)
2025-10-21 14:31:27,967 - Knowledge - INFO - Fast-tracked /app/data/kaviademo4200/6784/b8996uu/RDK/DisplaySettings/Module.cpp (ext=.cpp, size=765)
2025-10-21 14:31:28,190 - Knowledge - INFO - Worker kw1 processing /app/data/kaviademo4200/6784/b8996uu/RDK/TextToSpeech/impl/NetworkStatusObserver.cpp
2025-10-21 14:31:28,567 - Knowledge - INFO - Fast-tracked /app/data/kaviademo4200/6784/b8996uu/RDK/FireboltMediaPlayer/test/fmp_test_ui.html (ext=.html, size=11864)
2025-10-21 14:31:29,109 - Knowledge - INFO - Fast-tracked /app/data/kaviademo4200/6784/b8996uu/RDK/DisplayInfo/CMakeLists.txt (ext=.txt, size=5234)
2025-10-21 14:31:29,283 - Knowledge - INFO - Worker kw4 processing /app/data/kaviademo4200/6784/b8996uu/RDK/WebKitBrowser/CookieJar.cpp
2025-10-21 14:31:29,865 - Knowledge - INFO - Worker kw5 processing /app/data/kaviademo4200/6784/b8996uu/RDK/ContinueWatching/ContinueWatching.cpp
2025-10-21 14:31:30,415 - Knowledge - INFO - Worker kw6 processing /app/data/kaviademo4200/6784/b8996uu/RDK/HdmiCec_2/Module.h
2025-10-21 14:31:30,521 - Knowledge - INFO - Worker kw7 processing /app/data/kaviademo4200/6784/b8996uu/RDK/DataCapture/DataCapture.cpp
2025-10-21 14:31:30,755 - Knowledge - INFO - Worker kw8 processing /app/data/kaviademo4200/6784/b8996uu/RDK/SystemServices/cmake/FindIARMBus.cmake
2025-10-21 14:31:31,052 - Knowledge - INFO - Fast-tracked /app/data/kaviademo4200/6784/b8996uu/RDK/PerformanceMetrics/Module.h (ext=.h, size=869)
2025-10-21 14:31:31,078 - Knowledge - INFO - Fast-tracked /app/data/kaviademo4200/6784/b8996uu/RDK/docs/api/SystemAudioPlayerPlugin.md (ext=.md, size=20303)
2025-10-21 14:31:31,332 - Knowledge - INFO - Worker kw11 processing /app/data/kaviademo4200/6784/b8996uu/RDK/HdmiCec/README.md
2025-10-21 14:31:31,662 - Knowledge - INFO - Fast-tracked /app/data/kaviademo4200/6784/b8996uu/RDK/XCast/Module.h (ext=.h, size=869)
2025-10-21 14:31:31,781 - Knowledge - INFO - Worker kw13 processing /app/data/kaviademo4200/6784/b8996uu/RDK/Tests/L1Tests/tests/test_DeviceVideoCapabilities.cpp
2025-10-21 14:31:32,252 - Knowledge - INFO - Fast-tracked /app/data/kaviademo4200/6784/b8996uu/RDK/Tests/L2Tests/README.md (ext=.md, size=4039)
2025-10-21 14:31:32,334 - Knowledge - INFO - Worker kw15 processing /app/data/kaviademo4200/6784/b8996uu/RDK/Tests/mocks/devicesettings/VideoOutputPortTypeMock.h
2025-10-21 14:31:32,396 - Knowledge - INFO - [LLM_CALL] Completed: RustAdapter.cpp:chunk1, Duration: 20625ms, PromptTokens: 37468, CompletionTokens: 5908, Cost: $0.00000
2025-10-21 14:31:32,526 - Knowledge - INFO - Fast-tracked /app/data/kaviademo4200/6784/b8996uu/RDK/FrameRate/CMakeLists.txt (ext=.txt, size=2848)
2025-10-21 14:31:32,694 - Knowledge - INFO - Worker kw16 processing /app/data/kaviademo4200/6784/b8996uu/RDK/Warehouse/cmake/FindIARMBus.cmake
2025-10-21 14:31:32,831 - Knowledge - INFO - Worker kw18 processing /app/data/kaviademo4200/6784/b8996uu/RDK/DisplaySettings/CHANGELOG.md
2025-10-21 14:31:32,974 - Knowledge - INFO - Worker kw1 processing /app/data/kaviademo4200/6784/b8996uu/RDK/TextToSpeech/impl/SatToken.h
2025-10-21 14:31:33,211 - Knowledge - INFO - Worker kw2 processing /app/data/kaviademo4200/6784/b8996uu/RDK/FireboltMediaPlayer/test/startserver.sh
2025-10-21 14:31:33,531 - Knowledge - INFO - Worker kw3 processing /app/data/kaviademo4200/6784/b8996uu/RDK/DisplayInfo/cmake/FindLibDRM.cmake
2025-10-21 14:31:33,665 - Knowledge - INFO - Worker kw4 processing /app/data/kaviademo4200/6784/b8996uu/RDK/WebKitBrowser/CookieJarCrypto/CookieJarCryptoExample.h
2025-10-21 14:31:33,748 - Knowledge - INFO - Worker kw5 processing /app/data/kaviademo4200/6784/b8996uu/RDK/ContinueWatching/Module.cpp
2025-10-21 14:31:33,838 - Knowledge - INFO - Fast-tracked /app/data/kaviademo4200/6784/b8996uu/RDK/HdmiCec_2/Module.h (ext=.h, size=873)
2025-10-21 14:31:33,957 - Knowledge - INFO - Worker kw7 processing /app/data/kaviademo4200/6784/b8996uu/RDK/MaintenanceManager/MaintenanceManager.h
2025-10-21 14:31:34,046 - Knowledge - INFO - Fast-tracked /app/data/kaviademo4200/6784/b8996uu/RDK/SystemServices/cmake/FindIARMBus.cmake (ext=.cmake, size=1841)
2025-10-21 14:31:34,137 - Knowledge - INFO - Worker kw9 processing /app/data/kaviademo4200/6784/b8996uu/RDK/PerformanceMetrics/PerformanceMetrics.cpp
2025-10-21 14:31:34,216 - Knowledge - INFO - Worker kw10 processing /app/data/kaviademo4200/6784/b8996uu/RDK/docs/api/DeviceInfoPlugin.md
2025-10-21 14:31:34,292 - Knowledge - INFO - Fast-tracked /app/data/kaviademo4200/6784/b8996uu/RDK/HdmiCec/README.md (ext=.md, size=240)
2025-10-21 14:31:34,381 - Knowledge - INFO - Worker kw12 processing /app/data/kaviademo4200/6784/b8996uu/RDK/XCast/XCastCommon.h
2025-10-21 14:31:34,499 - Knowledge - INFO - Fast-tracked /app/data/kaviademo4200/6784/b8996uu/RDK/Tests/L1Tests/tests/test_DeviceVideoCapabilities.cpp (ext=.cpp, size=11598)
2025-10-21 14:31:34,598 - Knowledge - INFO - Worker kw14 processing /app/data/kaviademo4200/6784/b8996uu/RDK/Tests/L2Tests/L2testController.cpp
2025-10-21 14:31:34,713 - Knowledge - INFO - Fast-tracked /app/data/kaviademo4200/6784/b8996uu/RDK/Tests/mocks/devicesettings/VideoOutputPortTypeMock.h (ext=.h, size=373)
2025-10-21 14:31:34,802 - Knowledge - INFO - done ingest for /app/data/kaviademo4200/6784/b8996uu/RDK/RustAdapter/RustAdapter.cpp
2025-10-21 14:31:34,802 - Knowledge - INFO - [LLM_CALL] Completed: SecapiToken.h:chunk1, Duration: 37223ms, PromptTokens: 39246, CompletionTokens: 6341, Cost: $0.00000
2025-10-21 14:31:34,996 - Knowledge - INFO - Fast-tracked /app/data/kaviademo4200/6784/b8996uu/RDK/Warehouse/cmake/FindIARMBus.cmake (ext=.cmake, size=1869)
2025-10-21 14:31:35,093 - Knowledge - INFO - Fast-tracked /app/data/kaviademo4200/6784/b8996uu/RDK/DisplaySettings/CHANGELOG.md (ext=.md, size=5948)
2025-10-21 14:31:35,191 - Knowledge - INFO - Fast-tracked /app/data/kaviademo4200/6784/b8996uu/RDK/TextToSpeech/impl/SatToken.h (ext=.h, size=865)
2025-10-21 14:31:35,286 - Knowledge - INFO - Fast-tracked /app/data/kaviademo4200/6784/b8996uu/RDK/FireboltMediaPlayer/test/startserver.sh (ext=.sh, size=28)
2025-10-21 14:31:35,370 - Knowledge - INFO - Worker kw3 processing /app/data/kaviademo4200/6784/b8996uu/RDK/DisplayInfo/cmake/FindGStreamer.cmake
2025-10-21 14:31:35,472 - Knowledge - INFO - Worker kw4 processing /app/data/kaviademo4200/6784/b8996uu/RDK/WebKitBrowser/CookieJarCrypto/CMakeLists.txt
2025-10-21 14:31:35,552 - Knowledge - INFO - Fast-tracked /app/data/kaviademo4200/6784/b8996uu/RDK/ContinueWatching/Module.cpp (ext=.cpp, size=765)
2025-10-21 14:31:35,670 - Knowledge - INFO - Worker kw6 processing /app/data/kaviademo4200/6784/b8996uu/RDK/HdmiCec_2/HDMICec_2.json
2025-10-21 14:31:35,760 - Knowledge - INFO - Worker kw7 processing /app/data/kaviademo4200/6784/b8996uu/RDK/MaintenanceManager/Module.h
2025-10-21 14:31:35,842 - Knowledge - INFO - Worker kw8 processing /app/data/kaviademo4200/6784/b8996uu/RDK/SystemServices/cmake/FindDS.cmake
2025-10-21 14:31:35,945 - Knowledge - INFO - Worker kw9 processing /app/data/kaviademo4200/6784/b8996uu/RDK/PerformanceMetrics/CMakeLists.txt
2025-10-21 14:31:36,031 - Knowledge - INFO - Fast-tracked /app/data/kaviademo4200/6784/b8996uu/RDK/docs/api/DeviceInfoPlugin.md (ext=.md, size=22637)
2025-10-21 14:31:36,147 - Knowledge - INFO - Worker kw11 processing /app/data/kaviademo4200/6784/b8996uu/RDK/HdmiCec/HdmiCec.h
2025-10-21 14:31:36,240 - Knowledge - INFO - Fast-tracked /app/data/kaviademo4200/6784/b8996uu/RDK/XCast/XCastCommon.h (ext=.h, size=1520)
2025-10-21 14:31:36,326 - Knowledge - INFO - Worker kw13 processing /app/data/kaviademo4200/6784/b8996uu/RDK/Tests/L1Tests/tests/test_MiracastPlayer.cpp
2025-10-21 14:31:36,442 - Knowledge - INFO - Fast-tracked /app/data/kaviademo4200/6784/b8996uu/RDK/Tests/L2Tests/L2testController.cpp (ext=.cpp, size=9968)
2025-10-21 14:31:36,516 - Knowledge - INFO - Worker kw15 processing /app/data/kaviademo4200/6784/b8996uu/RDK/Tests/mocks/devicesettings/ColorMock.h
2025-10-21 14:31:37,084 - Knowledge - INFO - done ingest for /app/data/kaviademo4200/6784/b8996uu/RDK/SecurityAgent/SecapiToken.h
2025-10-21 14:31:37,235 - Knowledge - INFO - Worker kw16 processing /app/data/kaviademo4200/6784/b8996uu/RDK/Warehouse/cmake/FindDS.cmake
2025-10-21 14:31:37,345 - Knowledge - INFO - [LLM_CALL] Completed: OCDM.h:chunk1, Duration: 33474ms, PromptTokens: 43120, CompletionTokens: 7067, Cost: $0.00000
2025-10-21 14:31:37,347 - Knowledge - INFO - Worker kw18 processing /app/data/kaviademo4200/6784/b8996uu/RDK/DisplaySettings/DisplaySettings.json
2025-10-21 14:31:37,442 - Knowledge - INFO - Worker kw1 processing /app/data/kaviademo4200/6784/b8996uu/RDK/TextToSpeech/TextToSpeech.h
2025-10-21 14:31:37,529 - Knowledge - INFO - Worker kw2 processing /app/data/kaviademo4200/6784/b8996uu/RDK/FireboltMediaPlayer/test/settings/initConfig_03.json
2025-10-21 14:31:37,624 - Knowledge - INFO - Worker kw3 processing /app/data/kaviademo4200/6784/b8996uu/RDK/DisplayInfo/cmake/FindNXCLIENT.cmake
2025-10-21 14:31:37,708 - Knowledge - INFO - Fast-tracked /app/data/kaviademo4200/6784/b8996uu/RDK/WebKitBrowser/CookieJarCrypto/CMakeLists.txt (ext=.txt, size=807)
2025-10-21 14:31:37,823 - Knowledge - INFO - Worker kw5 processing /app/data/kaviademo4200/6784/b8996uu/RDK/ContinueWatching/CHANGELOG.md
2025-10-21 14:31:37,914 - Knowledge - INFO - Fast-tracked /app/data/kaviademo4200/6784/b8996uu/RDK/HdmiCec_2/HDMICec_2.json (ext=.json, size=13376)
2025-10-21 14:31:38,016 - Knowledge - INFO - Fast-tracked /app/data/kaviademo4200/6784/b8996uu/RDK/MaintenanceManager/Module.h (ext=.h, size=882)
2025-10-21 14:31:38,111 - Knowledge - INFO - Fast-tracked /app/data/kaviademo4200/6784/b8996uu/RDK/SystemServices/cmake/FindDS.cmake (ext=.cmake, size=1701)
2025-10-21 14:31:38,201 - Knowledge - INFO - Fast-tracked /app/data/kaviademo4200/6784/b8996uu/RDK/PerformanceMetrics/CMakeLists.txt (ext=.txt, size=3953)
2025-10-21 14:31:38,304 - Knowledge - INFO - Worker kw10 processing /app/data/kaviademo4200/6784/b8996uu/RDK/docs/api/UsbAccessPlugin.md
2025-10-21 14:31:38,384 - Knowledge - INFO - Worker kw11 processing /app/data/kaviademo4200/6784/b8996uu/RDK/HdmiCec/Module.cpp
2025-10-21 14:31:38,498 - Knowledge - INFO - Worker kw12 processing /app/data/kaviademo4200/6784/b8996uu/RDK/XCast/XCastPlugin.json
2025-10-21 14:31:38,606 - Knowledge - INFO - Fast-tracked /app/data/kaviademo4200/6784/b8996uu/RDK/Tests/L1Tests/tests/test_MiracastPlayer.cpp (ext=.cpp, size=50376)
2025-10-21 14:31:38,691 - Knowledge - INFO - Worker kw14 processing /app/data/kaviademo4200/6784/b8996uu/RDK/Tests/L2Tests/Module.cpp
2025-10-21 14:31:38,772 - Knowledge - INFO - Fast-tracked /app/data/kaviademo4200/6784/b8996uu/RDK/Tests/mocks/devicesettings/ColorMock.h (ext=.h, size=433)
2025-10-21 14:31:39,167 - Knowledge - INFO - Fast-tracked /app/data/kaviademo4200/6784/b8996uu/RDK/Warehouse/cmake/FindDS.cmake (ext=.cmake, size=1746)
2025-10-21 14:31:39,221 - Knowledge - INFO - done ingest for /app/data/kaviademo4200/6784/b8996uu/RDK/OpenCDMi/OCDM.h
2025-10-21 14:31:39,509 - Knowledge - INFO - Fast-tracked /app/data/kaviademo4200/6784/b8996uu/RDK/DisplaySettings/DisplaySettings.json (ext=.json, size=99268)
2025-10-21 14:31:39,522 - Knowledge - INFO - Worker kw1 processing /app/data/kaviademo4200/6784/b8996uu/RDK/TextToSpeech/CMakeLists.txt
2025-10-21 14:31:39,679 - Knowledge - INFO - Fast-tracked /app/data/kaviademo4200/6784/b8996uu/RDK/FireboltMediaPlayer/test/settings/initConfig_03.json (ext=.json, size=352)
2025-10-21 14:31:39,907 - Knowledge - INFO - Worker kw3 processing /app/data/kaviademo4200/6784/b8996uu/RDK/DisplayInfo/cmake/FindNEXUS.cmake
2025-10-21 14:31:39,976 - Knowledge - INFO - Worker kw4 processing /app/data/kaviademo4200/6784/b8996uu/RDK/WebKitBrowser/Module.h
2025-10-21 14:31:40,142 - Knowledge - INFO - Fast-tracked /app/data/kaviademo4200/6784/b8996uu/RDK/ContinueWatching/CHANGELOG.md (ext=.md, size=1700)
2025-10-21 14:31:40,145 - Knowledge - INFO - [LLM_CALL] Completed: SecurityContext.h:chunk1, Duration: 30082ms, PromptTokens: 45010, CompletionTokens: 7597, Cost: $0.00000
2025-10-21 14:31:40,238 - Knowledge - INFO - Worker kw6 processing /app/data/kaviademo4200/6784/b8996uu/RDK/HdmiCec_2/CMakeLists.txt
2025-10-21 14:31:40,327 - Knowledge - INFO - Worker kw7 processing /app/data/kaviademo4200/6784/b8996uu/RDK/MaintenanceManager/MaintenanceManager.json
2025-10-21 14:31:40,421 - Knowledge - INFO - Worker kw8 processing /app/data/kaviademo4200/6784/b8996uu/RDK/SystemServices/thermonitor.h
2025-10-21 14:31:40,502 - Knowledge - ERROR - Timeout processing /app/data/kaviademo4200/6784/b8996uu/RDK/RustAdapter/RustAdapter.h after 90s
2025-10-21 14:31:40,504 - Knowledge - INFO - Worker kw9 processing /app/data/kaviademo4200/6784/b8996uu/RDK/PerformanceMetrics/TraceOutput.cpp
2025-10-21 14:31:40,600 - Knowledge - INFO - Fast-tracked /app/data/kaviademo4200/6784/b8996uu/RDK/docs/api/UsbAccessPlugin.md (ext=.md, size=14397)
2025-10-21 14:31:40,682 - Knowledge - INFO - Fast-tracked /app/data/kaviademo4200/6784/b8996uu/RDK/HdmiCec/Module.cpp (ext=.cpp, size=765)
2025-10-21 14:31:40,774 - Knowledge - INFO - Fast-tracked /app/data/kaviademo4200/6784/b8996uu/RDK/XCast/XCastPlugin.json (ext=.json, size=682)
2025-10-21 14:31:40,871 - Knowledge - INFO - Worker kw13 processing /app/data/kaviademo4200/6784/b8996uu/RDK/Tests/L1Tests/tests/test_Timer.cpp
2025-10-21 14:31:40,976 - Knowledge - INFO - Fast-tracked /app/data/kaviademo4200/6784/b8996uu/RDK/Tests/L2Tests/Module.cpp (ext=.cpp, size=761)
2025-10-21 14:31:41,082 - Knowledge - INFO - Worker kw15 processing /app/data/kaviademo4200/6784/b8996uu/RDK/Tests/mocks/devicesettings/FrontPanelConfigMock.h
2025-10-21 14:31:41,164 - Knowledge - INFO - Worker kw16 processing /app/data/kaviademo4200/6784/b8996uu/RDK/Warehouse/Warehouse.h
2025-10-21 14:31:41,508 - Knowledge - INFO - Worker kw18 processing /app/data/kaviademo4200/6784/b8996uu/RDK/VoiceControl/VoiceControl.cpp
2025-10-21 14:31:41,619 - Knowledge - INFO - Fast-tracked /app/data/kaviademo4200/6784/b8996uu/RDK/TextToSpeech/CMakeLists.txt (ext=.txt, size=2615)
2025-10-21 14:31:41,697 - Knowledge - INFO - Worker kw2 processing /app/data/kaviademo4200/6784/b8996uu/RDK/FireboltMediaPlayer/test/settings/initConfig_01.json
2025-10-21 14:31:41,824 - Knowledge - INFO - Worker kw3 processing /app/data/kaviademo4200/6784/b8996uu/RDK/DisplayInfo/cmake/FindBCM_HOST.cmake
2025-10-21 14:31:41,923 - Knowledge - INFO - Fast-tracked /app/data/kaviademo4200/6784/b8996uu/RDK/WebKitBrowser/Module.h (ext=.h, size=998)
2025-10-21 14:31:42,015 - Knowledge - INFO - Worker kw5 processing /app/data/kaviademo4200/6784/b8996uu/RDK/LocationSync/LocationService.h
2025-10-21 14:31:42,135 - Knowledge - INFO - done ingest for /app/data/kaviademo4200/6784/b8996uu/RDK/SecurityAgent/SecurityContext.h
2025-10-21 14:31:42,136 - Knowledge - INFO - [LLM_CALL] Completed: SecapiToken.cpp:chunk1, Duration: 47181ms, PromptTokens: 48306, CompletionTokens: 8169, Cost: $0.00000
2025-10-21 14:31:42,237 - Knowledge - INFO - Fast-tracked /app/data/kaviademo4200/6784/b8996uu/RDK/HdmiCec_2/CMakeLists.txt (ext=.txt, size=1927)
2025-10-21 14:31:42,319 - Knowledge - INFO - Fast-tracked /app/data/kaviademo4200/6784/b8996uu/RDK/MaintenanceManager/MaintenanceManager.json (ext=.json, size=9126)
2025-10-21 14:31:42,416 - Knowledge - INFO - Fast-tracked /app/data/kaviademo4200/6784/b8996uu/RDK/SystemServices/thermonitor.h (ext=.h, size=1975)
2025-10-21 14:31:42,632 - Knowledge - INFO - Worker kw9 processing /app/data/kaviademo4200/6784/b8996uu/RDK/PerformanceMetrics/SyslogOutput.cpp
2025-10-21 14:31:42,761 - Knowledge - INFO - Worker kw10 processing /app/data/kaviademo4200/6784/b8996uu/RDK/docs/api/SharedStoragePlugin.md
2025-10-21 14:31:42,859 - Knowledge - INFO - Worker kw11 processing /app/data/kaviademo4200/6784/b8996uu/RDK/HdmiCec/CHANGELOG.md
2025-10-21 14:31:42,953 - Knowledge - INFO - Worker kw12 processing /app/data/kaviademo4200/6784/b8996uu/RDK/XCast/XCastImplementation.cpp
2025-10-21 14:31:43,054 - Knowledge - INFO - Fast-tracked /app/data/kaviademo4200/6784/b8996uu/RDK/Tests/L1Tests/tests/test_Timer.cpp (ext=.cpp, size=10022)
2025-10-21 14:31:43,165 - Knowledge - INFO - Worker kw14 processing /app/data/kaviademo4200/6784/b8996uu/RDK/Tests/mocks/DobbyMock.h
2025-10-21 14:31:43,254 - Knowledge - INFO - Fast-tracked /app/data/kaviademo4200/6784/b8996uu/RDK/Tests/mocks/devicesettings/FrontPanelConfigMock.h (ext=.h, size=655)
2025-10-21 14:31:43,342 - Knowledge - INFO - Worker kw16 processing /app/data/kaviademo4200/6784/b8996uu/RDK/Warehouse/README.md
2025-10-21 14:31:43,433 - Knowledge - INFO - Worker kw18 processing /app/data/kaviademo4200/6784/b8996uu/RDK/VoiceControl/Module.h
2025-10-21 14:31:43,543 - Knowledge - INFO - Worker kw1 processing /app/data/kaviademo4200/6784/b8996uu/RDK/TextToSpeech/TextToSpeech.cpp
2025-10-21 14:31:43,635 - Knowledge - INFO - Fast-tracked /app/data/kaviademo4200/6784/b8996uu/RDK/FireboltMediaPlayer/test/settings/initConfig_01.json (ext=.json, size=1696)
2025-10-21 14:31:43,741 - Knowledge - INFO - Worker kw3 processing /app/data/kaviademo4200/6784/b8996uu/RDK/DisplayInfo/DeviceSettings/Realtek/kms.c
2025-10-21 14:31:43,845 - Knowledge - INFO - Worker kw4 processing /app/data/kaviademo4200/6784/b8996uu/RDK/WebKitBrowser/WebKitBrowser.json
2025-10-21 14:31:43,960 - Knowledge - INFO - Worker kw5 processing /app/data/kaviademo4200/6784/b8996uu/RDK/LocationSync/Module.h
2025-10-21 14:31:44,589 - Knowledge - INFO - done ingest for /app/data/kaviademo4200/6784/b8996uu/RDK/SecurityAgent/SecapiToken.cpp
2025-10-21 14:31:44,809 - Knowledge - INFO - Worker kw6 processing /app/data/kaviademo4200/6784/b8996uu/RDK/HdmiCec_2/HdmiCec_2Plugin.json
2025-10-21 14:31:44,958 - Knowledge - INFO - Worker kw7 processing /app/data/kaviademo4200/6784/b8996uu/RDK/MaintenanceManager/CMakeLists.txt
2025-10-21 14:31:45,063 - Knowledge - INFO - Worker kw8 processing /app/data/kaviademo4200/6784/b8996uu/RDK/SystemServices/cTimer.cpp
2025-10-21 14:31:45,347 - Knowledge - INFO - Worker kw9 processing /app/data/kaviademo4200/6784/b8996uu/RDK/PerformanceMetrics/Module.cpp
2025-10-21 14:31:45,718 - Knowledge - INFO - Fast-tracked /app/data/kaviademo4200/6784/b8996uu/RDK/docs/api/SharedStoragePlugin.md (ext=.md, size=14525)
2025-10-21 14:31:45,838 - Knowledge - INFO - Fast-tracked /app/data/kaviademo4200/6784/b8996uu/RDK/HdmiCec/CHANGELOG.md (ext=.md, size=2577)
2025-10-21 14:31:45,888 - Knowledge - INFO - [LLM_CALL] Completed: SecurityContext.cpp:chunk1, Duration: 46492ms, PromptTokens: 50754, CompletionTokens: 8687, Cost: $0.00000
2025-10-21 14:31:45,928 - Knowledge - INFO - Worker kw12 processing /app/data/kaviademo4200/6784/b8996uu/RDK/XCast/CMakeLists.txt
2025-10-21 14:31:46,018 - Knowledge - INFO - Worker kw13 processing /app/data/kaviademo4200/6784/b8996uu/RDK/Tests/L1Tests/tests/test_Messenger.cpp
2025-10-21 14:31:46,135 - Knowledge - INFO - Fast-tracked /app/data/kaviademo4200/6784/b8996uu/RDK/Tests/mocks/DobbyMock.h (ext=.h, size=2762)
2025-10-21 14:31:46,222 - Knowledge - INFO - Worker kw15 processing /app/data/kaviademo4200/6784/b8996uu/RDK/Tests/mocks/Telemetry.h
2025-10-21 14:31:46,320 - Knowledge - INFO - Fast-tracked /app/data/kaviademo4200/6784/b8996uu/RDK/Warehouse/README.md (ext=.md, size=242)
2025-10-21 14:31:46,414 - Knowledge - INFO - Fast-tracked /app/data/kaviademo4200/6784/b8996uu/RDK/VoiceControl/Module.h (ext=.h, size=166)
2025-10-21 14:31:46,507 - Knowledge - INFO - Worker kw1 processing /app/data/kaviademo4200/6784/b8996uu/RDK/TextToSpeech/TextToSpeechImplementation.cpp
2025-10-21 14:31:46,591 - Knowledge - INFO - Worker kw2 processing /app/data/kaviademo4200/6784/b8996uu/RDK/FireboltMediaPlayer/test/settings/initConfig_05.json
2025-10-21 14:31:46,685 - Knowledge - INFO - Worker kw3 processing /app/data/kaviademo4200/6784/b8996uu/RDK/DisplayInfo/DeviceSettings/Realtek/kms.h
2025-10-21 14:31:46,773 - Knowledge - INFO - Fast-tracked /app/data/kaviademo4200/6784/b8996uu/RDK/WebKitBrowser/WebKitBrowser.json (ext=.json, size=10557)
2025-10-21 14:31:46,854 - Knowledge - INFO - Fast-tracked /app/data/kaviademo4200/6784/b8996uu/RDK/LocationSync/Module.h (ext=.h, size=944)
2025-10-21 14:31:47,523 - Knowledge - INFO - Fast-tracked /app/data/kaviademo4200/6784/b8996uu/RDK/HdmiCec_2/HdmiCec_2Plugin.json (ext=.json, size=717)
2025-10-21 14:31:47,757 - Knowledge - INFO - Fast-tracked /app/data/kaviademo4200/6784/b8996uu/RDK/MaintenanceManager/CMakeLists.txt (ext=.txt, size=2124)
2025-10-21 14:31:47,878 - Knowledge - INFO - Worker kw8 processing /app/data/kaviademo4200/6784/b8996uu/RDK/SystemServices/System.json
2025-10-21 14:31:47,980 - Knowledge - INFO - Fast-tracked /app/data/kaviademo4200/6784/b8996uu/RDK/PerformanceMetrics/Module.cpp (ext=.cpp, size=781)
2025-10-21 14:31:48,101 - Knowledge - INFO - Worker kw10 processing /app/data/kaviademo4200/6784/b8996uu/RDK/docs/api/DeviceDiagnosticsPlugin.md
2025-10-21 14:31:48,183 - Knowledge - INFO - Worker kw11 processing /app/data/kaviademo4200/6784/b8996uu/RDK/RialtoServerManager/RialtoServerManagerImpl.cpp
2025-10-21 14:31:48,291 - Knowledge - INFO - done ingest for /app/data/kaviademo4200/6784/b8996uu/RDK/SecurityAgent/SecurityContext.cpp
2025-10-21 14:31:48,293 - Knowledge - INFO - [LLM_CALL] Completed: CENCParser.h:chunk1, Duration: 46100ms, PromptTokens: 60818, CompletionTokens: 9520, Cost: $0.00000
2025-10-21 14:31:48,394 - Knowledge - INFO - Fast-tracked /app/data/kaviademo4200/6784/b8996uu/RDK/XCast/CMakeLists.txt (ext=.txt, size=2418)
2025-10-21 14:31:48,509 - Knowledge - INFO - Fast-tracked /app/data/kaviademo4200/6784/b8996uu/RDK/Tests/L1Tests/tests/test_Messenger.cpp (ext=.cpp, size=16292)
2025-10-21 14:31:48,628 - Knowledge - INFO - Worker kw14 processing /app/data/kaviademo4200/6784/b8996uu/RDK/Tests/mocks/pkg.h
2025-10-21 14:31:48,732 - Knowledge - INFO - Fast-tracked /app/data/kaviademo4200/6784/b8996uu/RDK/Tests/mocks/Telemetry.h (ext=.h, size=858)
2025-10-21 14:31:48,840 - Knowledge - INFO - Worker kw16 processing /app/data/kaviademo4200/6784/b8996uu/RDK/Warehouse/Warehouse.json
2025-10-21 14:31:49,023 - Knowledge - INFO - Worker kw1 processing /app/data/kaviademo4200/6784/b8996uu/RDK/TextToSpeech/TextToSpeechPlugin.json
2025-10-21 14:31:49,117 - Knowledge - INFO - Fast-tracked /app/data/kaviademo4200/6784/b8996uu/RDK/FireboltMediaPlayer/test/settings/initConfig_05.json (ext=.json, size=233)
2025-10-21 14:31:49,198 - Knowledge - INFO - Worker kw3 processing /app/data/kaviademo4200/6784/b8996uu/RDK/DisplayInfo/DeviceSettings/Realtek/SoC_abstraction.cpp
2025-10-21 14:31:49,288 - Knowledge - INFO - Worker kw4 processing /app/data/kaviademo4200/6784/b8996uu/RDK/WebKitBrowser/WebKitBrowserJsonRpc.cpp
2025-10-21 14:31:49,367 - Knowledge - INFO - Worker kw5 processing /app/data/kaviademo4200/6784/b8996uu/RDK/LocationSync/LocationSync.h
2025-10-21 14:31:49,455 - Knowledge - INFO - Worker kw6 processing /app/data/kaviademo4200/6784/b8996uu/RDK/HdmiCec_2/README.md
2025-10-21 14:31:49,540 - Knowledge - INFO - Worker kw7 processing /app/data/kaviademo4200/6784/b8996uu/RDK/MaintenanceManager/cmake/FindIARMBus.cmake
2025-10-21 14:31:49,673 - Knowledge - INFO - Fast-tracked /app/data/kaviademo4200/6784/b8996uu/RDK/SystemServices/System.json (ext=.json, size=89741)
2025-10-21 14:31:49,760 - Knowledge - INFO - Worker kw9 processing /app/data/kaviademo4200/6784/b8996uu/RDK/PerformanceMetrics/CHANGELOG.md
2025-10-21 14:31:49,864 - Knowledge - INFO - Fast-tracked /app/data/kaviademo4200/6784/b8996uu/RDK/docs/api/DeviceDiagnosticsPlugin.md (ext=.md, size=7610)
2025-10-21 14:31:49,955 - Knowledge - INFO - Worker kw11 processing /app/data/kaviademo4200/6784/b8996uu/RDK/RialtoServerManager/Module.h
2025-10-21 14:31:50,437 - Knowledge - INFO - done ingest for /app/data/kaviademo4200/6784/b8996uu/RDK/OpenCDMi/CENCParser.h
2025-10-21 14:31:50,554 - Knowledge - INFO - Worker kw12 processing /app/data/kaviademo4200/6784/b8996uu/RDK/XCast/XCastNotifier.h
2025-10-21 14:31:51,044 - Knowledge - INFO - Worker kw13 processing /app/data/kaviademo4200/6784/b8996uu/RDK/Tests/L1Tests/tests/test_SystemServices.cpp
2025-10-21 14:31:51,224 - Knowledge - INFO - Fast-tracked /app/data/kaviademo4200/6784/b8996uu/RDK/Tests/mocks/pkg.h (ext=.h, size=1820)
2025-10-21 14:31:51,424 - Knowledge - INFO - Worker kw15 processing /app/data/kaviademo4200/6784/b8996uu/RDK/Tests/mocks/Rfc.h
2025-10-21 14:31:51,581 - Knowledge - INFO - Fast-tracked /app/data/kaviademo4200/6784/b8996uu/RDK/Warehouse/Warehouse.json (ext=.json, size=12323)
2025-10-21 14:31:51,643 - Knowledge - INFO - [LLM_CALL] Completed: SecurityAgent.cpp:chunk1, Duration: 56810ms, PromptTokens: 66574, CompletionTokens: 10820, Cost: $0.00000
2025-10-21 14:31:51,678 - Knowledge - INFO - Fast-tracked /app/data/kaviademo4200/6784/b8996uu/RDK/TextToSpeech/TextToSpeechPlugin.json (ext=.json, size=525)
2025-10-21 14:31:51,768 - Knowledge - INFO - Worker kw2 processing /app/data/kaviademo4200/6784/b8996uu/RDK/FireboltMediaPlayer/test/settings/initConfig_04.json
2025-10-21 14:31:51,888 - Knowledge - INFO - Worker kw3 processing /app/data/kaviademo4200/6784/b8996uu/RDK/DisplayInfo/DeviceSettings/SoC_abstraction.h
2025-10-21 14:31:51,982 - Knowledge - INFO - Worker kw4 processing /app/data/kaviademo4200/6784/b8996uu/RDK/WebKitBrowser/doc/WebKitBrowserPlugin.md
2025-10-21 14:31:52,090 - Knowledge - INFO - Worker kw5 processing /app/data/kaviademo4200/6784/b8996uu/RDK/LocationSync/LocationSyncJsonRpc.cpp
2025-10-21 14:31:52,202 - Knowledge - INFO - Fast-tracked /app/data/kaviademo4200/6784/b8996uu/RDK/HdmiCec_2/README.md (ext=.md, size=250)
2025-10-21 14:31:52,313 - Knowledge - INFO - Fast-tracked /app/data/kaviademo4200/6784/b8996uu/RDK/MaintenanceManager/cmake/FindIARMBus.cmake (ext=.cmake, size=1841)
2025-10-21 14:31:52,405 - Knowledge - INFO - Worker kw8 processing /app/data/kaviademo4200/6784/b8996uu/RDK/SystemServices/uploadlogs.cpp
2025-10-21 14:31:52,491 - Knowledge - INFO - Fast-tracked /app/data/kaviademo4200/6784/b8996uu/RDK/PerformanceMetrics/CHANGELOG.md (ext=.md, size=1210)
2025-10-21 14:31:52,593 - Knowledge - INFO - Worker kw10 processing /app/data/kaviademo4200/6784/b8996uu/RDK/docs/api/MonitorPlugin.md
2025-10-21 14:31:52,684 - Knowledge - INFO - Fast-tracked /app/data/kaviademo4200/6784/b8996uu/RDK/RialtoServerManager/Module.h (ext=.h, size=1025)
2025-10-21 14:31:53,380 - Knowledge - INFO - Fast-tracked /app/data/kaviademo4200/6784/b8996uu/RDK/XCast/XCastNotifier.h (ext=.h, size=1524)
2025-10-21 14:31:53,511 - Knowledge - INFO - Fast-tracked /app/data/kaviademo4200/6784/b8996uu/RDK/Tests/L1Tests/tests/test_SystemServices.cpp (ext=.cpp, size=316189)
2025-10-21 14:31:53,640 - Knowledge - INFO - Worker kw14 processing /app/data/kaviademo4200/6784/b8996uu/RDK/Tests/mocks/BluetoothMocks.cpp
2025-10-21 14:31:53,735 - Knowledge - INFO - Fast-tracked /app/data/kaviademo4200/6784/b8996uu/RDK/Tests/mocks/Rfc.h (ext=.h, size=2904)
2025-10-21 14:31:53,831 - Knowledge - INFO - Worker kw16 processing /app/data/kaviademo4200/6784/b8996uu/RDK/Warehouse/Module.cpp
2025-10-21 14:31:53,942 - Knowledge - INFO - done ingest for /app/data/kaviademo4200/6784/b8996uu/RDK/SecurityAgent/SecurityAgent.cpp
2025-10-21 14:31:53,943 - Knowledge - INFO - [LLM_CALL] Completed: OCDM.cpp:chunk1, Duration: 54636ms, PromptTokens: 71508, CompletionTokens: 11629, Cost: $0.00000
2025-10-21 14:31:54,023 - Knowledge - INFO - Worker kw1 processing /app/data/kaviademo4200/6784/b8996uu/RDK/TextToSpeech/Module.cpp
2025-10-21 14:31:54,127 - Knowledge - INFO - Fast-tracked /app/data/kaviademo4200/6784/b8996uu/RDK/FireboltMediaPlayer/test/settings/initConfig_04.json (ext=.json, size=933)
2025-10-21 14:31:54,250 - Knowledge - INFO - Fast-tracked /app/data/kaviademo4200/6784/b8996uu/RDK/DisplayInfo/DeviceSettings/SoC_abstraction.h (ext=.h, size=1350)
2025-10-21 14:31:54,353 - Knowledge - INFO - Fast-tracked /app/data/kaviademo4200/6784/b8996uu/RDK/WebKitBrowser/doc/WebKitBrowserPlugin.md (ext=.md, size=373)
2025-10-21 14:31:54,450 - Knowledge - INFO - Worker kw5 processing /app/data/kaviademo4200/6784/b8996uu/RDK/LocationSync/CMakeLists.txt
2025-10-21 14:31:54,524 - Knowledge - INFO - Worker kw6 processing /app/data/kaviademo4200/6784/b8996uu/RDK/HdmiCec_2/Module.cpp
2025-10-21 14:31:54,623 - Knowledge - INFO - Worker kw7 processing /app/data/kaviademo4200/6784/b8996uu/RDK/MaintenanceManager/MaintenanceManagerPlugin.json
2025-10-21 14:31:54,722 - Knowledge - INFO - Worker kw8 processing /app/data/kaviademo4200/6784/b8996uu/RDK/SystemServices/Module.cpp
2025-10-21 14:31:54,833 - Knowledge - INFO - Worker kw9 processing /app/data/kaviademo4200/6784/b8996uu/RDK/PerformanceMetrics/PerformanceMetrics.h
2025-10-21 14:31:54,919 - Knowledge - INFO - Fast-tracked /app/data/kaviademo4200/6784/b8996uu/RDK/docs/api/MonitorPlugin.md (ext=.md, size=12119)
2025-10-21 14:31:55,020 - Knowledge - INFO - Worker kw11 processing /app/data/kaviademo4200/6784/b8996uu/RDK/RialtoServerManager/RialtoServerManager.cpp
2025-10-21 14:31:55,120 - Knowledge - INFO - Worker kw12 processing /app/data/kaviademo4200/6784/b8996uu/RDK/XCast/XCast.h
2025-10-21 14:31:55,233 - Knowledge - INFO - Worker kw13 processing /app/data/kaviademo4200/6784/b8996uu/RDK/Tests/L1Tests/tests/test_FrontPanel.cpp
2025-10-21 14:31:55,334 - Knowledge - INFO - Fast-tracked /app/data/kaviademo4200/6784/b8996uu/RDK/Tests/mocks/BluetoothMocks.cpp (ext=.cpp, size=7501)
2025-10-21 14:31:55,465 - Knowledge - INFO - Worker kw15 processing /app/data/kaviademo4200/6784/b8996uu/RDK/Tests/mocks/Dobby.cpp
2025-10-21 14:31:55,551 - Knowledge - INFO - Fast-tracked /app/data/kaviademo4200/6784/b8996uu/RDK/Warehouse/Module.cpp (ext=.cpp, size=765)
2025-10-21 14:31:56,213 - Knowledge - INFO - done ingest for /app/data/kaviademo4200/6784/b8996uu/RDK/OpenCDMi/OCDM.cpp
2025-10-21 14:31:56,242 - Knowledge - WARNING - File /app/data/kaviademo4200/6784/b8996uu/RDK/RustAdapter/RustAdapter.h not successfully processed
2025-10-21 14:31:56,337 - Knowledge - INFO - Fast-tracked /app/data/kaviademo4200/6784/b8996uu/RDK/TextToSpeech/Module.cpp (ext=.cpp, size=765)
2025-10-21 14:31:56,370 - Knowledge - INFO - [LLM_CALL] Completed: AccessControlList.h:chunk1, Duration: 54173ms, PromptTokens: 78574, CompletionTokens: 12537, Cost: $0.00000
2025-10-21 14:31:56,442 - Knowledge - INFO - Worker kw2 processing /app/data/kaviademo4200/6784/b8996uu/RDK/FireboltMediaPlayer/test/settings/setDRMConfig_01.json
2025-10-21 14:31:56,552 - Knowledge - INFO - Worker kw3 processing /app/data/kaviademo4200/6784/b8996uu/RDK/DisplayInfo/DeviceSettings/PlatformImplementation.cpp
2025-10-21 14:31:56,640 - Knowledge - INFO - Worker kw4 processing /app/data/kaviademo4200/6784/b8996uu/RDK/WebKitBrowser/doc/javascript/CORS/test.html
2025-10-21 14:31:56,746 - Knowledge - INFO - Fast-tracked /app/data/kaviademo4200/6784/b8996uu/RDK/LocationSync/CMakeLists.txt (ext=.txt, size=1778)
2025-10-21 14:31:56,865 - Knowledge - INFO - Fast-tracked /app/data/kaviademo4200/6784/b8996uu/RDK/HdmiCec_2/Module.cpp (ext=.cpp, size=765)
2025-10-21 14:31:56,938 - Knowledge - INFO - Fast-tracked /app/data/kaviademo4200/6784/b8996uu/RDK/MaintenanceManager/MaintenanceManagerPlugin.json (ext=.json, size=528)
2025-10-21 14:31:57,019 - Knowledge - INFO - Fast-tracked /app/data/kaviademo4200/6784/b8996uu/RDK/SystemServices/Module.cpp (ext=.cpp, size=765)
2025-10-21 14:31:57,122 - Knowledge - INFO - Worker kw9 processing /app/data/kaviademo4200/6784/b8996uu/RDK/common/common.json
2025-10-21 14:31:57,227 - Knowledge - INFO - Worker kw10 processing /app/data/kaviademo4200/6784/b8996uu/RDK/docs/api/AnalyticsPlugin.md
2025-10-21 14:31:57,349 - Knowledge - INFO - Worker kw11 processing /app/data/kaviademo4200/6784/b8996uu/RDK/RialtoServerManager/CMakeLists.txt
2025-10-21 14:31:57,445 - Knowledge - INFO - Worker kw12 processing /app/data/kaviademo4200/6784/b8996uu/RDK/XCast/README.md
2025-10-21 14:31:57,540 - Knowledge - INFO - Fast-tracked /app/data/kaviademo4200/6784/b8996uu/RDK/Tests/L1Tests/tests/test_FrontPanel.cpp (ext=.cpp, size=28356)
2025-10-21 14:31:57,638 - Knowledge - INFO - Worker kw14 processing /app/data/kaviademo4200/6784/b8996uu/RDK/Tests/mocks/UdevMock.h
2025-10-21 14:31:57,738 - Knowledge - INFO - Fast-tracked /app/data/kaviademo4200/6784/b8996uu/RDK/Tests/mocks/Dobby.cpp (ext=.cpp, size=5623)
2025-10-21 14:31:57,853 - Knowledge - INFO - Worker kw16 processing /app/data/kaviademo4200/6784/b8996uu/RDK/Warehouse/CHANGELOG.md
2025-10-21 14:31:58,197 - Knowledge - INFO - Worker kw1 processing /app/data/kaviademo4200/6784/b8996uu/RDK/TextToSpeech/CHANGELOG.md
2025-10-21 14:31:58,281 - Knowledge - INFO - done ingest for /app/data/kaviademo4200/6784/b8996uu/RDK/SecurityAgent/AccessControlList.h
2025-10-21 14:31:58,282 - Knowledge - INFO - [LLM_CALL] Completed: OCDMJsonRpc.cpp:chunk1, Duration: 48218ms, PromptTokens: 80770, CompletionTokens: 13040, Cost: $0.00000
2025-10-21 14:31:58,374 - Knowledge - INFO - Fast-tracked /app/data/kaviademo4200/6784/b8996uu/RDK/FireboltMediaPlayer/test/settings/setDRMConfig_01.json (ext=.json, size=422)
2025-10-21 14:31:58,491 - Knowledge - INFO - Worker kw3 processing /app/data/kaviademo4200/6784/b8996uu/RDK/DisplayInfo/DeviceSettings/Amlogic/kms.c
2025-10-21 14:31:58,589 - Knowledge - INFO - Fast-tracked /app/data/kaviademo4200/6784/b8996uu/RDK/WebKitBrowser/doc/javascript/CORS/test.html (ext=.html, size=421)
2025-10-21 14:31:58,667 - Knowledge - INFO - Worker kw5 processing /app/data/kaviademo4200/6784/b8996uu/RDK/LocationSync/LocationSync.json
2025-10-21 14:31:58,766 - Knowledge - INFO - Worker kw6 processing /app/data/kaviademo4200/6784/b8996uu/RDK/HdmiCec_2/CHANGELOG.md
2025-10-21 14:31:58,869 - Knowledge - INFO - Worker kw7 processing /app/data/kaviademo4200/6784/b8996uu/RDK/MaintenanceManager/README.md
2025-10-21 14:31:58,970 - Knowledge - INFO - Worker kw8 processing /app/data/kaviademo4200/6784/b8996uu/RDK/SystemServices/CHANGELOG.md
2025-10-21 14:31:59,099 - Knowledge - INFO - Fast-tracked /app/data/kaviademo4200/6784/b8996uu/RDK/common/common.json (ext=.json, size=5519)
2025-10-21 14:31:59,183 - Knowledge - INFO - Fast-tracked /app/data/kaviademo4200/6784/b8996uu/RDK/docs/api/AnalyticsPlugin.md (ext=.md, size=5358)
2025-10-21 14:31:59,268 - Knowledge - INFO - Fast-tracked /app/data/kaviademo4200/6784/b8996uu/RDK/RialtoServerManager/CMakeLists.txt (ext=.txt, size=2898)
2025-10-21 14:31:59,382 - Knowledge - INFO - Fast-tracked /app/data/kaviademo4200/6784/b8996uu/RDK/XCast/README.md (ext=.md, size=545)
2025-10-21 14:31:59,474 - Knowledge - INFO - Worker kw13 processing /app/data/kaviademo4200/6784/b8996uu/RDK/Tests/L1Tests/tests/test_RDKShell.cpp
2025-10-21 14:31:59,573 - Knowledge - INFO - Fast-tracked /app/data/kaviademo4200/6784/b8996uu/RDK/Tests/mocks/UdevMock.h (ext=.h, size=1481)
2025-10-21 14:31:59,684 - Knowledge - INFO - Worker kw15 processing /app/data/kaviademo4200/6784/b8996uu/RDK/Tests/mocks/rdkshellmock.h
2025-10-21 14:31:59,774 - Knowledge - INFO - Fast-tracked /app/data/kaviademo4200/6784/b8996uu/RDK/Warehouse/CHANGELOG.md (ext=.md, size=2185)
2025-10-21 14:31:59,866 - Knowledge - INFO - Fast-tracked /app/data/kaviademo4200/6784/b8996uu/RDK/TextToSpeech/CHANGELOG.md (ext=.md, size=4107)
2025-10-21 14:32:00,361 - Knowledge - INFO - done ingest for /app/data/kaviademo4200/6784/b8996uu/RDK/OpenCDMi/OCDMJsonRpc.cpp
2025-10-21 14:32:00,438 - Knowledge - ERROR - Timeout processing /app/data/kaviademo4200/6784/b8996uu/RDK/VoiceControl/VoiceControl.h after 90s
2025-10-21 14:32:00,446 - Knowledge - INFO - Processing batch of 13 files
2025-10-21 14:32:00,457 - Knowledge - INFO - Worker kw2 processing /app/data/kaviademo4200/6784/b8996uu/RDK/FireboltMediaPlayer/test/settings/Testing.md
2025-10-21 14:32:00,540 - Knowledge - INFO - Worker kw3 processing /app/data/kaviademo4200/6784/b8996uu/RDK/DisplayInfo/DeviceSettings/Amlogic/kms.h
2025-10-21 14:32:00,646 - Knowledge - INFO - Worker kw4 processing /app/data/kaviademo4200/6784/b8996uu/RDK/WebKitBrowser/Testing/testrunner.h
2025-10-21 14:32:00,728 - Knowledge - INFO - Fast-tracked /app/data/kaviademo4200/6784/b8996uu/RDK/LocationSync/LocationSync.json (ext=.json, size=2963)
2025-10-21 14:32:00,844 - Knowledge - INFO - Fast-tracked /app/data/kaviademo4200/6784/b8996uu/RDK/HdmiCec_2/CHANGELOG.md (ext=.md, size=2580)
2025-10-21 14:32:00,945 - Knowledge - INFO - Fast-tracked /app/data/kaviademo4200/6784/b8996uu/RDK/MaintenanceManager/README.md (ext=.md, size=1820)
2025-10-21 14:32:01,039 - Knowledge - INFO - Fast-tracked /app/data/kaviademo4200/6784/b8996uu/RDK/SystemServices/CHANGELOG.md (ext=.md, size=6344)
2025-10-21 14:32:01,121 - Knowledge - INFO - Worker kw9 processing /app/data/kaviademo4200/6784/b8996uu/RDK/Messenger/MessengerPlugin.json
2025-10-21 14:32:01,232 - Knowledge - INFO - Worker kw10 processing /app/data/kaviademo4200/6784/b8996uu/RDK/docs/api/UserSettingsPlugin.md
2025-10-21 14:32:01,347 - Knowledge - INFO - Worker kw11 processing /app/data/kaviademo4200/6784/b8996uu/RDK/RialtoServerManager/RialtoServerManagerConfig.h
2025-10-21 14:32:01,450 - Knowledge - INFO - Worker kw12 processing /app/data/kaviademo4200/6784/b8996uu/RDK/XCast/XCast.json
2025-10-21 14:32:01,558 - Knowledge - INFO - Fast-tracked /app/data/kaviademo4200/6784/b8996uu/RDK/Tests/L1Tests/tests/test_RDKShell.cpp (ext=.cpp, size=40804)
2025-10-21 14:32:01,659 - Knowledge - INFO - Worker kw14 processing /app/data/kaviademo4200/6784/b8996uu/RDK/Tests/mocks/RBusMock.h
2025-10-21 14:32:01,742 - Knowledge - INFO - Fast-tracked /app/data/kaviademo4200/6784/b8996uu/RDK/Tests/mocks/rdkshellmock.h (ext=.h, size=11652)
2025-10-21 14:32:01,821 - Knowledge - INFO - Worker kw16 processing /app/data/kaviademo4200/6784/b8996uu/RDK/Telemetry/Module.h
2025-10-21 14:32:01,902 - Knowledge - INFO - Worker kw1 processing /app/data/kaviademo4200/6784/b8996uu/RDK/l2tests.cmake
2025-10-21 14:32:02,197 - Knowledge - INFO - process ingested knowledge for /app/data/kaviademo4200/6784/b8996uu/RDK/RustAdapter/LocalPlugin.h
2025-10-21 14:32:02,327 - Knowledge - INFO - Fast-tracked /app/data/kaviademo4200/6784/b8996uu/RDK/FireboltMediaPlayer/test/settings/Testing.md (ext=.md, size=5287)
2025-10-21 14:32:02,571 - Knowledge - INFO - Worker kw3 processing /app/data/kaviademo4200/6784/b8996uu/RDK/DisplayInfo/DeviceSettings/Amlogic/SoC_abstraction.cpp
2025-10-21 14:32:02,843 - Knowledge - INFO - Fast-tracked /app/data/kaviademo4200/6784/b8996uu/RDK/WebKitBrowser/Testing/testrunner.h (ext=.h, size=1127)
2025-10-21 14:32:02,862 - Knowledge - INFO - Worker kw5 processing /app/data/kaviademo4200/6784/b8996uu/RDK/LocationSync/LocationSyncPlugin.json
2025-10-21 14:32:03,104 - Knowledge - INFO - Worker kw6 processing /app/data/kaviademo4200/6784/b8996uu/RDK/HdmiCec_2/HdmiCec_2.cpp
2025-10-21 14:32:03,209 - Knowledge - INFO - Worker kw7 processing /app/data/kaviademo4200/6784/b8996uu/RDK/MaintenanceManager/Module.cpp
2025-10-21 14:32:03,394 - Knowledge - INFO - Worker kw8 processing /app/data/kaviademo4200/6784/b8996uu/RDK/SystemServices/SystemServicesHelper.h
2025-10-21 14:32:03,600 - Knowledge - INFO - Fast-tracked /app/data/kaviademo4200/6784/b8996uu/RDK/Messenger/MessengerPlugin.json (ext=.json, size=671)
2025-10-21 14:32:03,771 - Knowledge - INFO - Fast-tracked /app/data/kaviademo4200/6784/b8996uu/RDK/docs/api/UserSettingsPlugin.md (ext=.md, size=34015)
2025-10-21 14:32:03,808 - Knowledge - INFO - [LLM_CALL] Completed: SecurityAgent.h:chunk1, Duration: 59862ms, PromptTokens: 84756, CompletionTokens: 13935, Cost: $0.00000
2025-10-21 14:32:03,891 - Knowledge - INFO - Worker kw11 processing /app/data/kaviademo4200/6784/b8996uu/RDK/RialtoServerManager/RialtoServerManager.h
2025-10-21 14:32:04,058 - Knowledge - INFO - Fast-tracked /app/data/kaviademo4200/6784/b8996uu/RDK/XCast/XCast.json (ext=.json, size=21139)
2025-10-21 14:32:04,150 - Knowledge - INFO - Worker kw13 processing /app/data/kaviademo4200/6784/b8996uu/RDK/Tests/L1Tests/tests/test_LoggingPreferences.cpp
2025-10-21 14:32:04,232 - Knowledge - INFO - Fast-tracked /app/data/kaviademo4200/6784/b8996uu/RDK/Tests/mocks/RBusMock.h (ext=.h, size=1108)
2025-10-21 14:32:04,313 - Knowledge - INFO - Worker kw15 processing /app/data/kaviademo4200/6784/b8996uu/RDK/Tests/mocks/BluetoothMocks.h
2025-10-21 14:32:04,393 - Knowledge - INFO - Fast-tracked /app/data/kaviademo4200/6784/b8996uu/RDK/Telemetry/Module.h (ext=.h, size=866)
2025-10-21 14:32:04,501 - Knowledge - INFO - Worker kw1 processing /app/data/kaviademo4200/6784/b8996uu/RDK/HdcpProfile/HdcpProfile.json
2025-10-21 14:32:04,618 - Knowledge - INFO - process ingested knowledge for /app/data/kaviademo4200/6784/b8996uu/RDK/RustAdapter/Module.h
2025-10-21 14:32:04,712 - Knowledge - INFO - Worker kw2 processing /app/data/kaviademo4200/6784/b8996uu/RDK/FireboltMediaPlayer/test/settings/initConfig_02.json
2025-10-21 14:32:04,821 - Knowledge - INFO - Worker kw3 processing /app/data/kaviademo4200/6784/b8996uu/RDK/DisplayInfo/DeviceSettings/RPI/kms.c
2025-10-21 14:32:04,904 - Knowledge - INFO - Worker kw4 processing /app/data/kaviademo4200/6784/b8996uu/RDK/WebKitBrowser/Testing/westerosfocusmanager.cpp
2025-10-21 14:32:04,992 - Knowledge - INFO - Fast-tracked /app/data/kaviademo4200/6784/b8996uu/RDK/LocationSync/LocationSyncPlugin.json (ext=.json, size=1459)
2025-10-21 14:32:05,082 - Knowledge - INFO - Worker kw6 processing /app/data/kaviademo4200/6784/b8996uu/RDK/OCIContainer/test/DobbySpecs/helloworld.json
2025-10-21 14:32:05,174 - Knowledge - INFO - Fast-tracked /app/data/kaviademo4200/6784/b8996uu/RDK/MaintenanceManager/Module.cpp (ext=.cpp, size=765)
2025-10-21 14:32:05,264 - Knowledge - INFO - Worker kw8 processing /app/data/kaviademo4200/6784/b8996uu/RDK/SystemServices/TestClient/Module.h
2025-10-21 14:32:05,350 - Knowledge - INFO - Worker kw9 processing /app/data/kaviademo4200/6784/b8996uu/RDK/Messenger/Module.h
2025-10-21 14:32:05,471 - Knowledge - INFO - Worker kw10 processing /app/data/kaviademo4200/6784/b8996uu/RDK/docs/api/HdcpProfilePlugin.md
2025-10-21 14:32:05,598 - Knowledge - INFO - done ingest for /app/data/kaviademo4200/6784/b8996uu/RDK/SecurityAgent/SecurityAgent.h
2025-10-21 14:32:05,599 - Knowledge - INFO - [LLM_CALL] Completed: FrameworkRPC.cpp:chunk1, Duration: 68019ms, PromptTokens: 109320, CompletionTokens: 15557, Cost: $0.00000
2025-10-21 14:32:05,692 - Knowledge - INFO - Worker kw11 processing /app/data/kaviademo4200/6784/b8996uu/RDK/RialtoServerManager/Module.cpp
2025-10-21 14:32:05,780 - Knowledge - INFO - Worker kw12 processing /app/data/kaviademo4200/6784/b8996uu/RDK/XCast/Module.cpp
2025-10-21 14:32:05,922 - Knowledge - INFO - Fast-tracked /app/data/kaviademo4200/6784/b8996uu/RDK/Tests/L1Tests/tests/test_LoggingPreferences.cpp (ext=.cpp, size=9152)
2025-10-21 14:32:06,042 - Knowledge - INFO - Worker kw14 processing /app/data/kaviademo4200/6784/b8996uu/RDK/Tests/mocks/opkgMock.cpp
2025-10-21 14:32:06,140 - Knowledge - INFO - Fast-tracked /app/data/kaviademo4200/6784/b8996uu/RDK/Tests/mocks/BluetoothMocks.h (ext=.h, size=4844)
2025-10-21 14:32:06,218 - Knowledge - INFO - Worker kw16 processing /app/data/kaviademo4200/6784/b8996uu/RDK/Telemetry/Telemetry.cpp
2025-10-21 14:32:06,350 - Knowledge - INFO - Fast-tracked /app/data/kaviademo4200/6784/b8996uu/RDK/HdcpProfile/HdcpProfile.json (ext=.json, size=4718)
2025-10-21 14:32:06,457 - Knowledge - INFO - process ingested knowledge for /app/data/kaviademo4200/6784/b8996uu/RDK/RustAdapter/RemotePlugin.cpp
2025-10-21 14:32:06,553 - Knowledge - INFO - Fast-tracked /app/data/kaviademo4200/6784/b8996uu/RDK/FireboltMediaPlayer/test/settings/initConfig_02.json (ext=.json, size=178)
2025-10-21 14:32:06,639 - Knowledge - INFO - Worker kw3 processing /app/data/kaviademo4200/6784/b8996uu/RDK/DisplayInfo/DeviceSettings/RPI/kms.h
2025-10-21 14:32:06,740 - Knowledge - INFO - Worker kw4 processing /app/data/kaviademo4200/6784/b8996uu/RDK/WebKitBrowser/Testing/mockfocusmanager.cpp
2025-10-21 14:32:06,830 - Knowledge - INFO - Worker kw5 processing /app/data/kaviademo4200/6784/b8996uu/RDK/LocationSync/LocationService.cpp
2025-10-21 14:32:06,946 - Knowledge - INFO - Fast-tracked /app/data/kaviademo4200/6784/b8996uu/RDK/OCIContainer/test/DobbySpecs/helloworld.json (ext=.json, size=480)
2025-10-21 14:32:07,065 - Knowledge - INFO - Worker kw7 processing /app/data/kaviademo4200/6784/b8996uu/RDK/MaintenanceManager/CHANGELOG.md
2025-10-21 14:32:07,175 - Knowledge - INFO - Fast-tracked /app/data/kaviademo4200/6784/b8996uu/RDK/SystemServices/TestClient/Module.h (ext=.h, size=845)
2025-10-21 14:32:07,259 - Knowledge - INFO - Fast-tracked /app/data/kaviademo4200/6784/b8996uu/RDK/Messenger/Module.h (ext=.h, size=1009)
2025-10-21 14:32:07,374 - Knowledge - INFO - Fast-tracked /app/data/kaviademo4200/6784/b8996uu/RDK/docs/api/HdcpProfilePlugin.md (ext=.md, size=6546)
2025-10-21 14:32:07,505 - Knowledge - WARNING - File /app/data/kaviademo4200/6784/b8996uu/RDK/VoiceControl/VoiceControl.h not successfully processed
2025-10-21 14:32:07,561 - Knowledge - INFO - done ingest for /app/data/kaviademo4200/6784/b8996uu/RDK/OpenCDMi/FrameworkRPC.cpp
2025-10-21 14:32:07,662 - Knowledge - INFO - Fast-tracked /app/data/kaviademo4200/6784/b8996uu/RDK/RialtoServerManager/Module.cpp (ext=.cpp, size=780)
2025-10-21 14:32:07,757 - Knowledge - INFO - Fast-tracked /app/data/kaviademo4200/6784/b8996uu/RDK/XCast/Module.cpp (ext=.cpp, size=765)
2025-10-21 14:32:07,833 - Knowledge - INFO - Worker kw13 processing /app/data/kaviademo4200/6784/b8996uu/RDK/Tests/L1Tests/tests/test_MiracastService.cpp
2025-10-21 14:32:07,918 - Knowledge - INFO - Fast-tracked /app/data/kaviademo4200/6784/b8996uu/RDK/Tests/mocks/opkgMock.cpp (ext=.cpp, size=785)
2025-10-21 14:32:07,997 - Knowledge - INFO - Worker kw15 processing /app/data/kaviademo4200/6784/b8996uu/RDK/Tests/mocks/Udev.cpp
2025-10-21 14:32:08,083 - Knowledge - INFO - Worker kw16 processing /app/data/kaviademo4200/6784/b8996uu/RDK/Telemetry/TelemetryPlugin.json
2025-10-21 14:32:08,159 - Knowledge - INFO - Worker kw1 processing /app/data/kaviademo4200/6784/b8996uu/RDK/HdcpProfile/Module.h
2025-10-21 14:32:08,244 - Knowledge - INFO - process ingested knowledge for /app/data/kaviademo4200/6784/b8996uu/RDK/RustAdapter/SocketServer.h
2025-10-21 14:32:08,362 - Knowledge - INFO - Worker kw2 processing /app/data/kaviademo4200/6784/b8996uu/RDK/FireboltMediaPlayer/Module.h
2025-10-21 14:32:08,441 - Knowledge - INFO - Worker kw3 processing /app/data/kaviademo4200/6784/b8996uu/RDK/DisplayInfo/DeviceSettings/RPI/SoC_abstraction.cpp
2025-10-21 14:32:08,524 - Knowledge - INFO - Fast-tracked /app/data/kaviademo4200/6784/b8996uu/RDK/WebKitBrowser/Testing/mockfocusmanager.cpp (ext=.cpp, size=1117)
2025-10-21 14:32:08,616 - Knowledge - INFO - Worker kw5 processing /app/data/kaviademo4200/6784/b8996uu/RDK/LocationSync/Module.cpp
2025-10-21 14:32:08,702 - Knowledge - INFO - Worker kw6 processing /app/data/kaviademo4200/6784/b8996uu/RDK/OCIContainer/test/DobbySpecs/sleepy.json
2025-10-21 14:32:08,802 - Knowledge - INFO - Fast-tracked /app/data/kaviademo4200/6784/b8996uu/RDK/MaintenanceManager/CHANGELOG.md (ext=.md, size=5230)
2025-10-21 14:32:08,894 - Knowledge - INFO - Worker kw8 processing /app/data/kaviademo4200/6784/b8996uu/RDK/SystemServices/TestClient/systemServiceTestClient.cpp
2025-10-21 14:32:09,005 - Knowledge - INFO - Worker kw9 processing /app/data/kaviademo4200/6784/b8996uu/RDK/Messenger/MessengerSecurity.cpp
2025-10-21 14:32:09,097 - Knowledge - INFO - Worker kw10 processing /app/data/kaviademo4200/6784/b8996uu/RDK/docs/api/TextToSpeechPlugin.md
2025-10-21 14:32:09,270 - Knowledge - ERROR - Timeout processing /app/data/kaviademo4200/6784/b8996uu/RDK/FrameRate/FrameRate.h after 90s
2025-10-21 14:32:09,289 - Knowledge - ERROR - Timeout processing /app/data/kaviademo4200/6784/b8996uu/RDK/SecurityAgent/SecurityAgentJsonRpc.cpp after 90s
2025-10-21 14:32:09,331 - Knowledge - INFO - Processing batch of 19 files
2025-10-21 14:32:09,366 - Knowledge - INFO - Worker kw11 processing /app/data/kaviademo4200/6784/b8996uu/RDK/RemoteControl/test/Module.h
2025-10-21 14:32:09,367 - Knowledge - ERROR - Timeout processing /app/data/kaviademo4200/6784/b8996uu/RDK/amlogic.cmake after 90s
2025-10-21 14:32:09,475 - Knowledge - INFO - Worker kw12 processing /app/data/kaviademo4200/6784/b8996uu/RDK/XCast/CHANGELOG.md
2025-10-21 14:32:09,566 - Knowledge - INFO - Fast-tracked /app/data/kaviademo4200/6784/b8996uu/RDK/Tests/L1Tests/tests/test_MiracastService.cpp (ext=.cpp, size=90622)
2025-10-21 14:32:09,665 - Knowledge - INFO - Worker kw14 processing /app/data/kaviademo4200/6784/b8996uu/RDK/Tests/mocks/Rfc.cpp
2025-10-21 14:32:09,755 - Knowledge - INFO - Fast-tracked /app/data/kaviademo4200/6784/b8996uu/RDK/Tests/mocks/Udev.cpp (ext=.cpp, size=4365)
2025-10-21 14:32:09,846 - Knowledge - INFO - Fast-tracked /app/data/kaviademo4200/6784/b8996uu/RDK/Telemetry/TelemetryPlugin.json (ext=.json, size=469)
2025-10-21 14:32:09,942 - Knowledge - INFO - Fast-tracked /app/data/kaviademo4200/6784/b8996uu/RDK/HdcpProfile/Module.h (ext=.h, size=875)
2025-10-21 14:32:10,055 - Knowledge - INFO - process ingested knowledge for /app/data/kaviademo4200/6784/b8996uu/RDK/RustAdapter/Logger.h
2025-10-21 14:32:10,195 - Knowledge - INFO - Fast-tracked /app/data/kaviademo4200/6784/b8996uu/RDK/FireboltMediaPlayer/Module.h (ext=.h, size=984)
2025-10-21 14:32:10,298 - Knowledge - INFO - Worker kw3 processing /app/data/kaviademo4200/6784/b8996uu/RDK/DisplayInfo/DeviceSettings/Broadcom/SoC_abstraction.cpp
2025-10-21 14:32:10,421 - Knowledge - INFO - Worker kw4 processing /app/data/kaviademo4200/6784/b8996uu/RDK/WebKitBrowser/Testing/CMakeLists.txt
2025-10-21 14:32:10,510 - Knowledge - INFO - Fast-tracked /app/data/kaviademo4200/6784/b8996uu/RDK/LocationSync/Module.cpp (ext=.cpp, size=781)
2025-10-21 14:32:10,602 - Knowledge - INFO - Fast-tracked /app/data/kaviademo4200/6784/b8996uu/RDK/OCIContainer/test/DobbySpecs/sleepy.json (ext=.json, size=477)
2025-10-21 14:32:10,712 - Knowledge - INFO - Worker kw7 processing /app/data/kaviademo4200/6784/b8996uu/RDK/MaintenanceManager/MaintenanceManager.cpp
2025-10-21 14:32:10,788 - Knowledge - INFO - Worker kw8 processing /app/data/kaviademo4200/6784/b8996uu/RDK/SystemServices/TestClient/CMakeLists.txt
2025-10-21 14:32:10,897 - Knowledge - INFO - Worker kw9 processing /app/data/kaviademo4200/6784/b8996uu/RDK/Messenger/Messenger.cpp
2025-10-21 14:32:10,979 - Knowledge - INFO - Fast-tracked /app/data/kaviademo4200/6784/b8996uu/RDK/docs/api/TextToSpeechPlugin.md (ext=.md, size=25444)
2025-10-21 14:32:11,063 - Knowledge - ERROR - Timeout processing /app/data/kaviademo4200/6784/b8996uu/RDK/realtek.cmake after 90s
2025-10-21 14:32:11,221 - Knowledge - WARNING - File /app/data/kaviademo4200/6784/b8996uu/RDK/SecurityAgent/SecurityAgentJsonRpc.cpp not successfully processed
2025-10-21 14:32:11,285 - Knowledge - INFO - process ingested knowledge for /app/data/kaviademo4200/6784/b8996uu/RDK/VoiceControl/CMakeLists.txt
2025-10-21 14:32:11,377 - Knowledge - INFO - Fast-tracked /app/data/kaviademo4200/6784/b8996uu/RDK/RemoteControl/test/Module.h (ext=.h, size=845)
2025-10-21 14:32:11,448 - Knowledge - ERROR - Timeout processing /app/data/kaviademo4200/6784/b8996uu/RDK/WebBridge/WebBridge.cpp after 90s
2025-10-21 14:32:11,539 - Knowledge - INFO - Fast-tracked /app/data/kaviademo4200/6784/b8996uu/RDK/XCast/CHANGELOG.md (ext=.md, size=3087)
2025-10-21 14:32:11,626 - Knowledge - INFO - Worker kw13 processing /app/data/kaviademo4200/6784/b8996uu/RDK/Tests/L1Tests/tests/test_MotionDetection.cpp
2025-10-21 14:32:11,726 - Knowledge - INFO - Fast-tracked /app/data/kaviademo4200/6784/b8996uu/RDK/Tests/mocks/Rfc.cpp (ext=.cpp, size=1896)
2025-10-21 14:32:11,821 - Knowledge - INFO - Worker kw15 processing /app/data/kaviademo4200/6784/b8996uu/RDK/Tests/mocks/RfcApiMock.h
2025-10-21 14:32:11,914 - Knowledge - INFO - Worker kw16 processing /app/data/kaviademo4200/6784/b8996uu/RDK/Telemetry/CMakeLists.txt
2025-10-21 14:32:12,011 - Knowledge - INFO - Worker kw1 processing /app/data/kaviademo4200/6784/b8996uu/RDK/HdcpProfile/HdcpProfile.h
2025-10-21 14:32:12,118 - Knowledge - INFO - process ingested knowledge for /app/data/kaviademo4200/6784/b8996uu/RDK/RustAdapter/CMakeLists.txt
2025-10-21 14:32:12,240 - Knowledge - INFO - Worker kw2 processing /app/data/kaviademo4200/6784/b8996uu/RDK/FireboltMediaPlayer/FireboltMediaPlayer.json
2025-10-21 14:32:12,337 - Knowledge - INFO - Worker kw3 processing /app/data/kaviademo4200/6784/b8996uu/RDK/DisplayInfo/DisplayInfoPlugin.json
2025-10-21 14:32:12,423 - Knowledge - INFO - Fast-tracked /app/data/kaviademo4200/6784/b8996uu/RDK/WebKitBrowser/Testing/CMakeLists.txt (ext=.txt, size=1386)
2025-10-21 14:32:12,526 - Knowledge - INFO - Worker kw5 processing /app/data/kaviademo4200/6784/b8996uu/RDK/LocationSync/CHANGELOG.md
2025-10-21 14:32:12,639 - Knowledge - INFO - Worker kw6 processing /app/data/kaviademo4200/6784/b8996uu/RDK/OCIContainer/test/DobbySpecs/wget.json
2025-10-21 14:32:12,760 - Knowledge - INFO - Worker kw7 processing /app/data/kaviademo4200/6784/b8996uu/RDK/cmake/FindDL.cmake
2025-10-21 14:32:12,841 - Knowledge - INFO - Fast-tracked /app/data/kaviademo4200/6784/b8996uu/RDK/SystemServices/TestClient/CMakeLists.txt (ext=.txt, size=1501)
2025-10-21 14:32:12,951 - Knowledge - INFO - Worker kw9 processing /app/data/kaviademo4200/6784/b8996uu/RDK/Messenger/RoomMaintainer.cpp
2025-10-21 14:32:13,040 - Knowledge - INFO - Worker kw10 processing /app/data/kaviademo4200/6784/b8996uu/RDK/docs/api/TraceControlPlugin.md
2025-10-21 14:32:13,120 - Knowledge - ERROR - Timeout processing /app/data/kaviademo4200/6784/b8996uu/RDK/AVInput/AVInput.cpp after 90s
2025-10-21 14:32:13,303 - Knowledge - INFO - Processing batch of 19 files
2025-10-21 14:32:13,305 - Knowledge - INFO - process ingested knowledge for /app/data/kaviademo4200/6784/b8996uu/RDK/VoiceControl/VoiceControlPlugin.json
2025-10-21 14:32:13,406 - Knowledge - INFO - Worker kw11 processing /app/data/kaviademo4200/6784/b8996uu/RDK/RemoteControl/test/CMakeLists.txt
2025-10-21 14:32:13,504 - Knowledge - ERROR - Timeout processing /app/data/kaviademo4200/6784/b8996uu/RDK/WebBridge/WebBridge.h after 90s
2025-10-21 14:32:13,594 - Knowledge - INFO - Worker kw12 processing /app/data/kaviademo4200/6784/b8996uu/RDK/XCast/XCastManager.cpp
2025-10-21 14:32:13,710 - Knowledge - INFO - Fast-tracked /app/data/kaviademo4200/6784/b8996uu/RDK/Tests/L1Tests/tests/test_MotionDetection.cpp (ext=.cpp, size=12926)
2025-10-21 14:32:13,812 - Knowledge - INFO - Worker kw14 processing /app/data/kaviademo4200/6784/b8996uu/RDK/Tests/mocks/Telemetry.cpp
2025-10-21 14:32:13,903 - Knowledge - INFO - Fast-tracked /app/data/kaviademo4200/6784/b8996uu/RDK/Tests/mocks/RfcApiMock.h (ext=.h, size=533)
2025-10-21 14:32:13,995 - Knowledge - INFO - Fast-tracked /app/data/kaviademo4200/6784/b8996uu/RDK/Telemetry/CMakeLists.txt (ext=.txt, size=2871)
2025-10-21 14:32:14,074 - Knowledge - INFO - Worker kw1 processing /app/data/kaviademo4200/6784/b8996uu/RDK/HdcpProfile/CMakeLists.txt
2025-10-21 14:32:14,156 - Knowledge - INFO - process ingested knowledge for /app/data/kaviademo4200/6784/b8996uu/RDK/RustAdapter/RemotePlugin.h
2025-10-21 14:32:14,252 - Knowledge - INFO - Fast-tracked /app/data/kaviademo4200/6784/b8996uu/RDK/FireboltMediaPlayer/FireboltMediaPlayer.json (ext=.json, size=8080)
2025-10-21 14:32:14,346 - Knowledge - INFO - Fast-tracked /app/data/kaviademo4200/6784/b8996uu/RDK/DisplayInfo/DisplayInfoPlugin.json (ext=.json, size=481)
2025-10-21 14:32:14,442 - Knowledge - INFO - Worker kw4 processing /app/data/kaviademo4200/6784/b8996uu/RDK/WebKitBrowser/Testing/focusmanager.h
2025-10-21 14:32:14,534 - Knowledge - INFO - Fast-tracked /app/data/kaviademo4200/6784/b8996uu/RDK/LocationSync/CHANGELOG.md (ext=.md, size=1501)
2025-10-21 14:32:14,612 - Knowledge - INFO - Fast-tracked /app/data/kaviademo4200/6784/b8996uu/RDK/OCIContainer/test/DobbySpecs/wget.json (ext=.json, size=744)
2025-10-21 14:32:14,717 - Knowledge - INFO - Fast-tracked /app/data/kaviademo4200/6784/b8996uu/RDK/cmake/FindDL.cmake (ext=.cmake, size=93)
2025-10-21 14:32:14,809 - Knowledge - INFO - Worker kw8 processing /app/data/kaviademo4200/6784/b8996uu/RDK/SystemServices/SystemServices.h
2025-10-21 14:32:14,899 - Knowledge - INFO - Worker kw9 processing /app/data/kaviademo4200/6784/b8996uu/RDK/Messenger/CMakeLists.txt
2025-10-21 14:32:14,993 - Knowledge - INFO - Fast-tracked /app/data/kaviademo4200/6784/b8996uu/RDK/docs/api/TraceControlPlugin.md (ext=.md, size=5357)
2025-10-21 14:32:15,099 - Knowledge - ERROR - Timeout processing /app/data/kaviademo4200/6784/b8996uu/RDK/AVInput/AVInput.h after 90s
2025-10-21 14:32:15,196 - Knowledge - INFO - process ingested knowledge for /app/data/kaviademo4200/6784/b8996uu/RDK/SecurityAgent/example_acl.json
2025-10-21 14:32:15,276 - Knowledge - INFO - process ingested knowledge for /app/data/kaviademo4200/6784/b8996uu/RDK/VoiceControl/README.md
2025-10-21 14:32:15,371 - Knowledge - INFO - Fast-tracked /app/data/kaviademo4200/6784/b8996uu/RDK/RemoteControl/test/CMakeLists.txt (ext=.txt, size=790)
2025-10-21 14:32:15,463 - Knowledge - ERROR - Timeout processing /app/data/kaviademo4200/6784/b8996uu/RDK/WebBridge/js/WebBridgeSDK.js after 90s
2025-10-21 14:32:15,594 - Knowledge - INFO - Worker kw12 processing /app/data/kaviademo4200/6784/b8996uu/RDK/XCast/XCastImplementation.h
2025-10-21 14:32:15,698 - Knowledge - INFO - Worker kw13 processing /app/data/kaviademo4200/6784/b8996uu/RDK/Tests/L1Tests/tests/test_ActivityMonitor.cpp
2025-10-21 14:32:15,820 - Knowledge - INFO - Fast-tracked /app/data/kaviademo4200/6784/b8996uu/RDK/Tests/mocks/Telemetry.cpp (ext=.cpp, size=1413)
2025-10-21 14:32:15,924 - Knowledge - INFO - Worker kw15 processing /app/data/kaviademo4200/6784/b8996uu/RDK/Tests/mocks/DRMScreenCapture.h
2025-10-21 14:32:16,026 - Knowledge - INFO - Worker kw16 processing /app/data/kaviademo4200/6784/b8996uu/RDK/Telemetry/Telemetry.h
2025-10-21 14:32:16,156 - Knowledge - INFO - Fast-tracked /app/data/kaviademo4200/6784/b8996uu/RDK/HdcpProfile/CMakeLists.txt (ext=.txt, size=2665)
2025-10-21 14:32:16,251 - Knowledge - INFO - process ingested knowledge for /app/data/kaviademo4200/6784/b8996uu/RDK/RustAdapter/SocketServer.cpp
2025-10-21 14:32:16,366 - Knowledge - INFO - Worker kw2 processing /app/data/kaviademo4200/6784/b8996uu/RDK/FireboltMediaPlayer/impl/AampMediaPlayer/AampEventListener.cpp
2025-10-21 14:32:16,476 - Knowledge - INFO - Worker kw3 processing /app/data/kaviademo4200/6784/b8996uu/RDK/DisplayInfo/DisplayInfo.cpp
2025-10-21 14:32:16,564 - Knowledge - INFO - Fast-tracked /app/data/kaviademo4200/6784/b8996uu/RDK/WebKitBrowser/Testing/focusmanager.h (ext=.h, size=1034)
2025-10-21 14:32:16,669 - Knowledge - INFO - Worker kw5 processing /app/data/kaviademo4200/6784/b8996uu/RDK/LocationSync/LocationSync.cpp
2025-10-21 14:32:16,780 - Knowledge - INFO - Worker kw6 processing /app/data/kaviademo4200/6784/b8996uu/RDK/OCIContainer/test/thunder-ocicontainer-test.js
2025-10-21 14:32:16,871 - Knowledge - INFO - Worker kw7 processing /app/data/kaviademo4200/6784/b8996uu/RDK/cmake/FindAC.cmake
2025-10-21 14:32:16,975 - Knowledge - INFO - Worker kw8 processing /app/data/kaviademo4200/6784/b8996uu/RDK/SystemServices/StateObserverHelper.h
2025-10-21 14:32:17,088 - Knowledge - INFO - Fast-tracked /app/data/kaviademo4200/6784/b8996uu/RDK/Messenger/CMakeLists.txt (ext=.txt, size=1998)
2025-10-21 14:32:17,178 - Knowledge - INFO - Worker kw10 processing /app/data/kaviademo4200/6784/b8996uu/RDK/docs/api/ResourceManagerPlugin.md
2025-10-21 14:32:17,398 - Knowledge - INFO - process ingested knowledge for /app/data/kaviademo4200/6784/b8996uu/RDK/SecurityAgent/Module.cpp
2025-10-21 14:32:17,504 - Knowledge - INFO - process ingested knowledge for /app/data/kaviademo4200/6784/b8996uu/RDK/VoiceControl/Module.cpp
2025-10-21 14:32:17,581 - Knowledge - INFO - Worker kw11 processing /app/data/kaviademo4200/6784/b8996uu/RDK/RemoteControl/test/remoteControlTestClient.cpp
2025-10-21 14:32:17,673 - Knowledge - ERROR - Timeout processing /app/data/kaviademo4200/6784/b8996uu/RDK/intel.cmake after 90s
2025-10-21 14:32:17,735 - Knowledge - INFO - Worker kw12 processing /app/data/kaviademo4200/6784/b8996uu/RDK/services.cmake
2025-10-21 14:32:17,816 - Knowledge - INFO - Fast-tracked /app/data/kaviademo4200/6784/b8996uu/RDK/Tests/L1Tests/tests/test_ActivityMonitor.cpp (ext=.cpp, size=9712)
2025-10-21 14:32:17,901 - Knowledge - INFO - Worker kw14 processing /app/data/kaviademo4200/6784/b8996uu/RDK/Tests/mocks/BluetoothMgr.h
2025-10-21 14:32:17,999 - Knowledge - INFO - Fast-tracked /app/data/kaviademo4200/6784/b8996uu/RDK/Tests/mocks/DRMScreenCapture.h (ext=.h, size=2402)
2025-10-21 14:32:18,084 - Knowledge - INFO - Worker kw16 processing /app/data/kaviademo4200/6784/b8996uu/RDK/Telemetry/README.md
2025-10-21 14:32:18,192 - Knowledge - INFO - Worker kw1 processing /app/data/kaviademo4200/6784/b8996uu/RDK/HdcpProfile/HdcpProfile.cpp
2025-10-21 14:32:18,285 - Knowledge - INFO - process ingested knowledge for /app/data/kaviademo4200/6784/b8996uu/RDK/RustAdapter/RustPlugin.h
2025-10-21 14:32:18,372 - Knowledge - INFO - Worker kw2 processing /app/data/kaviademo4200/6784/b8996uu/RDK/FireboltMediaPlayer/impl/AampMediaPlayer/AampMediaStream.cpp
2025-10-21 14:32:18,482 - Knowledge - INFO - Worker kw3 processing /app/data/kaviademo4200/6784/b8996uu/RDK/DisplayInfo/RPI/PlatformImplementation.cpp
2025-10-21 14:32:18,580 - Knowledge - INFO - Worker kw4 processing /app/data/kaviademo4200/6784/b8996uu/RDK/WebKitBrowser/Testing/tags.h
2025-10-21 14:32:18,683 - Knowledge - INFO - Worker kw5 processing /app/data/kaviademo4200/6784/b8996uu/RDK/MessageControl/Module.h
2025-10-21 14:32:18,779 - Knowledge - INFO - Fast-tracked /app/data/kaviademo4200/6784/b8996uu/RDK/OCIContainer/test/thunder-ocicontainer-test.js (ext=.js, size=11705)
2025-10-21 14:32:18,898 - Knowledge - INFO - Fast-tracked /app/data/kaviademo4200/6784/b8996uu/RDK/cmake/FindAC.cmake (ext=.cmake, size=1567)
2025-10-21 14:32:18,988 - Knowledge - INFO - Worker kw8 processing /app/data/kaviademo4200/6784/b8996uu/RDK/RDKShell/RDKShellPlugin.json
2025-10-21 14:32:19,088 - Knowledge - INFO - Worker kw9 processing /app/data/kaviademo4200/6784/b8996uu/RDK/Messenger/Messenger.json
2025-10-21 14:32:19,190 - Knowledge - INFO - Fast-tracked /app/data/kaviademo4200/6784/b8996uu/RDK/docs/api/ResourceManagerPlugin.md (ext=.md, size=4313)
2025-10-21 14:32:19,305 - Knowledge - INFO - process ingested knowledge for /app/data/kaviademo4200/6784/b8996uu/RDK/SecurityAgent/SecapiToken.cpp
2025-10-21 14:32:19,354 - Knowledge - INFO - process ingested knowledge for /app/data/kaviademo4200/6784/b8996uu/RDK/VoiceControl/CHANGELOG.md
2025-10-21 14:32:19,491 - Knowledge - INFO - Fast-tracked /app/data/kaviademo4200/6784/b8996uu/RDK/RemoteControl/test/remoteControlTestClient.cpp (ext=.cpp, size=34921)
2025-10-21 14:32:19,562 - Knowledge - ERROR - Timeout processing /app/data/kaviademo4200/6784/b8996uu/RDK/MigrationPreparer/MigrationPreparer.cpp after 90s
2025-10-21 14:32:19,680 - Knowledge - INFO - Worker kw12 processing /app/data/kaviademo4200/6784/b8996uu/RDK/Tests/L1Tests/CMakeLists.txt
2025-10-21 14:32:19,773 - Knowledge - INFO - Worker kw13 processing /app/data/kaviademo4200/6784/b8996uu/RDK/Tests/L1Tests/tests/test_HdmiCec.cpp
2025-10-21 14:32:19,868 - Knowledge - INFO - Fast-tracked /app/data/kaviademo4200/6784/b8996uu/RDK/Tests/mocks/BluetoothMgr.h (ext=.h, size=58650)
2025-10-21 14:32:19,959 - Knowledge - INFO - Worker kw15 processing /app/data/kaviademo4200/6784/b8996uu/RDK/Tests/mocks/WpaCtrlMock.h
2025-10-21 14:32:20,048 - Knowledge - INFO - Fast-tracked /app/data/kaviademo4200/6784/b8996uu/RDK/Telemetry/README.md (ext=.md, size=1185)
2025-10-21 14:32:20,159 - Knowledge - INFO - Worker kw1 processing /app/data/kaviademo4200/6784/b8996uu/RDK/HdcpProfile/README.md
2025-10-21 14:32:20,276 - Knowledge - INFO - process ingested knowledge for /app/data/kaviademo4200/6784/b8996uu/RDK/RustAdapter/LocalPlugin.cpp
2025-10-21 14:32:20,363 - Knowledge - INFO - Worker kw2 processing /app/data/kaviademo4200/6784/b8996uu/RDK/FireboltMediaPlayer/impl/AampMediaPlayer/AampMediaPlayer.h
2025-10-21 14:32:20,464 - Knowledge - INFO - Worker kw3 processing /app/data/kaviademo4200/6784/b8996uu/RDK/DisplayInfo/Module.cpp
2025-10-21 14:32:20,539 - Knowledge - INFO - Fast-tracked /app/data/kaviademo4200/6784/b8996uu/RDK/WebKitBrowser/Testing/tags.h (ext=.h, size=1152)
2025-10-21 14:32:20,631 - Knowledge - INFO - Fast-tracked /app/data/kaviademo4200/6784/b8996uu/RDK/MessageControl/Module.h (ext=.h, size=1029)
2025-10-21 14:32:20,747 - Knowledge - INFO - Worker kw6 processing /app/data/kaviademo4200/6784/b8996uu/RDK/OCIContainer/test/ociContainerTest.sh
2025-10-21 14:32:20,857 - Knowledge - INFO - Worker kw7 processing /app/data/kaviademo4200/6784/b8996uu/RDK/cmake/FindUdev.cmake
2025-10-21 14:32:20,990 - Knowledge - INFO - Fast-tracked /app/data/kaviademo4200/6784/b8996uu/RDK/RDKShell/RDKShellPlugin.json (ext=.json, size=477)
2025-10-21 14:32:21,095 - Knowledge - INFO - Fast-tracked /app/data/kaviademo4200/6784/b8996uu/RDK/Messenger/Messenger.json (ext=.json, size=7106)
2025-10-21 14:32:21,201 - Knowledge - INFO - Worker kw10 processing /app/data/kaviademo4200/6784/b8996uu/RDK/docs/api/XCastPlugin.md
2025-10-21 14:32:21,316 - Knowledge - INFO - process ingested knowledge for /app/data/kaviademo4200/6784/b8996uu/RDK/SecurityAgent/CHANGELOG.md
2025-10-21 14:32:21,440 - Knowledge - INFO - process ingested knowledge for /app/data/kaviademo4200/6784/b8996uu/RDK/VoiceControl/VoiceControl.json
2025-10-21 14:32:21,545 - Knowledge - INFO - Worker kw11 processing /app/data/kaviademo4200/6784/b8996uu/RDK/RemoteControl/RemoteControlPlugin.json
2025-10-21 14:32:21,669 - Knowledge - ERROR - Timeout processing /app/data/kaviademo4200/6784/b8996uu/RDK/MigrationPreparer/MigrationPreparerImplementation.cpp after 90s
2025-10-21 14:32:21,769 - Knowledge - INFO - Fast-tracked /app/data/kaviademo4200/6784/b8996uu/RDK/Tests/L1Tests/CMakeLists.txt (ext=.txt, size=5922)
2025-10-21 14:32:21,892 - Knowledge - INFO - Fast-tracked /app/data/kaviademo4200/6784/b8996uu/RDK/Tests/L1Tests/tests/test_HdmiCec.cpp (ext=.cpp, size=12175)
2025-10-21 14:32:21,970 - Knowledge - INFO - Worker kw14 processing /app/data/kaviademo4200/6784/b8996uu/RDK/Tests/mocks/RBus.h
2025-10-21 14:32:22,129 - Knowledge - INFO - Fast-tracked /app/data/kaviademo4200/6784/b8996uu/RDK/Tests/mocks/WpaCtrlMock.h (ext=.h, size=763)
2025-10-21 14:32:22,196 - Knowledge - INFO - Worker kw16 processing /app/data/kaviademo4200/6784/b8996uu/RDK/Telemetry/Telemetry.json
2025-10-21 14:32:22,297 - Knowledge - INFO - Fast-tracked /app/data/kaviademo4200/6784/b8996uu/RDK/HdcpProfile/README.md (ext=.md, size=244)
2025-10-21 14:32:22,396 - Knowledge - INFO - process ingested knowledge for /app/data/kaviademo4200/6784/b8996uu/RDK/RustAdapter/Module.cpp
2025-10-21 14:32:22,487 - Knowledge - INFO - Fast-tracked /app/data/kaviademo4200/6784/b8996uu/RDK/FireboltMediaPlayer/impl/AampMediaPlayer/AampMediaPlayer.h (ext=.h, size=1442)
2025-10-21 14:32:22,612 - Knowledge - INFO - Fast-tracked /app/data/kaviademo4200/6784/b8996uu/RDK/DisplayInfo/Module.cpp (ext=.cpp, size=781)
2025-10-21 14:32:22,729 - Knowledge - INFO - Worker kw4 processing /app/data/kaviademo4200/6784/b8996uu/RDK/WebKitBrowser/Testing/Extension/testrunnerextension.cpp
2025-10-21 14:32:22,809 - Knowledge - INFO - Worker kw5 processing /app/data/kaviademo4200/6784/b8996uu/RDK/MessageControl/MessageControl.h
2025-10-21 14:32:22,922 - Knowledge - INFO - Fast-tracked /app/data/kaviademo4200/6784/b8996uu/RDK/OCIContainer/test/ociContainerTest.sh (ext=.sh, size=7624)
2025-10-21 14:32:23,026 - Knowledge - INFO - Fast-tracked /app/data/kaviademo4200/6784/b8996uu/RDK/cmake/FindUdev.cmake (ext=.cmake, size=66)
2025-10-21 14:32:23,135 - Knowledge - INFO - Worker kw8 processing /app/data/kaviademo4200/6784/b8996uu/RDK/RDKShell/Module.h
2025-10-21 14:32:23,239 - Knowledge - INFO - Worker kw9 processing /app/data/kaviademo4200/6784/b8996uu/RDK/Messenger/MessengerJsonRpc.cpp
2025-10-21 14:32:23,360 - Knowledge - INFO - Fast-tracked /app/data/kaviademo4200/6784/b8996uu/RDK/docs/api/XCastPlugin.md (ext=.md, size=23587)
2025-10-21 14:32:23,471 - Knowledge - INFO - process ingested knowledge for /app/data/kaviademo4200/6784/b8996uu/RDK/SecurityAgent/TokenFactory.h
2025-10-21 14:32:23,593 - Knowledge - INFO - process ingested knowledge for /app/data/kaviademo4200/6784/b8996uu/RDK/CONTRIBUTING.md
2025-10-21 14:32:23,700 - Knowledge - INFO - Fast-tracked /app/data/kaviademo4200/6784/b8996uu/RDK/RemoteControl/RemoteControlPlugin.json (ext=.json, size=486)
2025-10-21 14:32:23,825 - Knowledge - ERROR - Timeout processing /app/data/kaviademo4200/6784/b8996uu/RDK/MigrationPreparer/MigrationPreparer.h after 90s
2025-10-21 14:32:24,000 - Knowledge - INFO - Worker kw13 processing /app/data/kaviademo4200/6784/b8996uu/RDK/Tests/L1Tests/tests/test_CompositeInput.cpp
2025-10-21 14:32:24,146 - Knowledge - INFO - Fast-tracked /app/data/kaviademo4200/6784/b8996uu/RDK/Tests/mocks/RBus.h (ext=.h, size=3005)
2025-10-21 14:32:24,225 - Knowledge - INFO - Worker kw15 processing /app/data/kaviademo4200/6784/b8996uu/RDK/Tests/mocks/WrapsMock.h
2025-10-21 14:32:24,331 - Knowledge - INFO - Fast-tracked /app/data/kaviademo4200/6784/b8996uu/RDK/Telemetry/Telemetry.json (ext=.json, size=4232)
2025-10-21 14:32:24,457 - Knowledge - INFO - Worker kw1 processing /app/data/kaviademo4200/6784/b8996uu/RDK/HdcpProfile/HdcpProfilePlugin.json
2025-10-21 14:32:24,541 - Knowledge - INFO - process ingested knowledge for /app/data/kaviademo4200/6784/b8996uu/RDK/RustAdapter/CHANGELOG.md
2025-10-21 14:32:24,663 - Knowledge - INFO - Worker kw2 processing /app/data/kaviademo4200/6784/b8996uu/RDK/FireboltMediaPlayer/impl/AampMediaPlayer/CMakeLists.txt
2025-10-21 14:32:24,771 - Knowledge - INFO - Worker kw3 processing /app/data/kaviademo4200/6784/b8996uu/RDK/DisplayInfo/CHANGELOG.md
2025-10-21 14:32:24,855 - Knowledge - INFO - Worker kw4 processing /app/data/kaviademo4200/6784/b8996uu/RDK/WebKitBrowser/Testing/Extension/TestRunnerJS.h
2025-10-21 14:32:24,957 - Knowledge - INFO - Worker kw5 processing /app/data/kaviademo4200/6784/b8996uu/RDK/MessageControl/MessageOutput.h
2025-10-21 14:32:25,051 - Knowledge - INFO - Worker kw6 processing /app/data/kaviademo4200/6784/b8996uu/RDK/OCIContainer/OCIContainer.h
2025-10-21 14:32:25,183 - Knowledge - INFO - Worker kw7 processing /app/data/kaviademo4200/6784/b8996uu/RDK/cmake/FindNopoll.cmake
2025-10-21 14:32:25,276 - Knowledge - INFO - Fast-tracked /app/data/kaviademo4200/6784/b8996uu/RDK/RDKShell/Module.h (ext=.h, size=872)
2025-10-21 14:32:25,430 - Knowledge - INFO - Worker kw9 processing /app/data/kaviademo4200/6784/b8996uu/RDK/Messenger/RoomImpl.h
2025-10-21 14:32:25,535 - Knowledge - INFO - Worker kw10 processing /app/data/kaviademo4200/6784/b8996uu/RDK/docs/api/CompositeInputPlugin.md
2025-10-21 14:32:25,640 - Knowledge - INFO - process ingested knowledge for /app/data/kaviademo4200/6784/b8996uu/RDK/SecurityAgent/SecurityAgent.json
2025-10-21 14:32:25,744 - Knowledge - INFO - process ingested knowledge for /app/data/kaviademo4200/6784/b8996uu/RDK/SecurityAgent/TestPage.html
2025-10-21 14:32:25,828 - Knowledge - INFO - Worker kw11 processing /app/data/kaviademo4200/6784/b8996uu/RDK/RemoteControl/Module.h
2025-10-21 14:32:26,061 - Knowledge - INFO - Fast-tracked /app/data/kaviademo4200/6784/b8996uu/RDK/Tests/L1Tests/tests/test_CompositeInput.cpp (ext=.cpp, size=18999)
2025-10-21 14:32:26,145 - Knowledge - INFO - Worker kw14 processing /app/data/kaviademo4200/6784/b8996uu/RDK/Tests/mocks/devicesettings.cpp
2025-10-21 14:32:26,270 - Knowledge - INFO - Fast-tracked /app/data/kaviademo4200/6784/b8996uu/RDK/Tests/mocks/WrapsMock.h (ext=.h, size=1601)
2025-10-21 14:32:26,352 - Knowledge - INFO - Worker kw16 processing /app/data/kaviademo4200/6784/b8996uu/RDK/Telemetry/Module.cpp
2025-10-21 14:32:26,478 - Knowledge - INFO - Fast-tracked /app/data/kaviademo4200/6784/b8996uu/RDK/HdcpProfile/HdcpProfilePlugin.json (ext=.json, size=471)
2025-10-21 14:32:26,648 - Knowledge - INFO - process ingested knowledge for /app/data/kaviademo4200/6784/b8996uu/RDK/l1tests.cmake
2025-10-21 14:32:26,722 - Knowledge - INFO - Fast-tracked /app/data/kaviademo4200/6784/b8996uu/RDK/FireboltMediaPlayer/impl/AampMediaPlayer/CMakeLists.txt (ext=.txt, size=1548)
2025-10-21 14:32:26,820 - Knowledge - INFO - Fast-tracked /app/data/kaviademo4200/6784/b8996uu/RDK/DisplayInfo/CHANGELOG.md (ext=.md, size=2226)
2025-10-21 14:32:26,924 - Knowledge - INFO - Fast-tracked /app/data/kaviademo4200/6784/b8996uu/RDK/WebKitBrowser/Testing/Extension/TestRunnerJS.h (ext=.h, size=1073)
2025-10-21 14:32:27,051 - Knowledge - INFO - Worker kw5 processing /app/data/kaviademo4200/6784/b8996uu/RDK/MessageControl/CMakeLists.txt
2025-10-21 14:32:27,182 - Knowledge - INFO - Worker kw6 processing /app/data/kaviademo4200/6784/b8996uu/RDK/OCIContainer/Module.h
2025-10-21 14:32:27,313 - Knowledge - INFO - Fast-tracked /app/data/kaviademo4200/6784/b8996uu/RDK/cmake/FindNopoll.cmake (ext=.cmake, size=1155)
2025-10-21 14:32:27,405 - Knowledge - INFO - Worker kw8 processing /app/data/kaviademo4200/6784/b8996uu/RDK/RDKShell/RialtoConnector.h
2025-10-21 14:32:27,526 - Knowledge - INFO - Worker kw9 processing /app/data/kaviademo4200/6784/b8996uu/RDK/Messenger/RoomMaintainer.h
2025-10-21 14:32:27,584 - Knowledge - INFO - [LLM_CALL] Completed: VoiceControl.cpp:chunk1, Duration: 20022ms, PromptTokens: 122902, CompletionTokens: 16708, Cost: $0.00000
2025-10-21 14:32:27,633 - Knowledge - INFO - Fast-tracked /app/data/kaviademo4200/6784/b8996uu/RDK/docs/api/CompositeInputPlugin.md (ext=.md, size=11261)
2025-10-21 14:32:27,892 - Knowledge - INFO - process ingested knowledge for /app/data/kaviademo4200/6784/b8996uu/RDK/OpenCDMi/FrameworkRPC.cpp
2025-10-21 14:32:28,007 - Knowledge - INFO - process ingested knowledge for /app/data/kaviademo4200/6784/b8996uu/RDK/SecurityAgent/AccessControlList.cpp
2025-10-21 14:32:28,102 - Knowledge - INFO - Fast-tracked /app/data/kaviademo4200/6784/b8996uu/RDK/RemoteControl/Module.h (ext=.h, size=870)
2025-10-21 14:32:28,229 - Knowledge - INFO - Worker kw13 processing /app/data/kaviademo4200/6784/b8996uu/RDK/Tests/L1Tests/tests/test_Warehouse.cpp
2025-10-21 14:32:28,376 - Knowledge - INFO - Fast-tracked /app/data/kaviademo4200/6784/b8996uu/RDK/Tests/mocks/devicesettings.cpp (ext=.cpp, size=23508)
2025-10-21 14:32:28,464 - Knowledge - INFO - Worker kw15 processing /app/data/kaviademo4200/6784/b8996uu/RDK/Tests/mocks/RBus.cpp
2025-10-21 14:32:28,548 - Knowledge - INFO - Fast-tracked /app/data/kaviademo4200/6784/b8996uu/RDK/Telemetry/Module.cpp (ext=.cpp, size=765)
2025-10-21 14:32:28,630 - Knowledge - INFO - Worker kw1 processing /app/data/kaviademo4200/6784/b8996uu/RDK/HdcpProfile/Module.cpp
2025-10-21 14:32:28,879 - Knowledge - INFO - Worker kw2 processing /app/data/kaviademo4200/6784/b8996uu/RDK/FireboltMediaPlayer/impl/AampMediaPlayer/AampMediaStream.h
2025-10-21 14:32:28,979 - Knowledge - INFO - Worker kw3 processing /app/data/kaviademo4200/6784/b8996uu/RDK/HdmiCecSink/HdmiCecSink.h
2025-10-21 14:32:29,092 - Knowledge - INFO - Worker kw4 processing /app/data/kaviademo4200/6784/b8996uu/RDK/WebKitBrowser/Testing/testrunner.cpp
2025-10-21 14:32:29,183 - Knowledge - INFO - Fast-tracked /app/data/kaviademo4200/6784/b8996uu/RDK/MessageControl/CMakeLists.txt (ext=.txt, size=2202)
2025-10-21 14:32:29,315 - Knowledge - INFO - Fast-tracked /app/data/kaviademo4200/6784/b8996uu/RDK/OCIContainer/Module.h (ext=.h, size=173)
2025-10-21 14:32:29,384 - Knowledge - INFO - Worker kw7 processing /app/data/kaviademo4200/6784/b8996uu/RDK/cmake/FindCTRLM.cmake
2025-10-21 14:32:29,473 - Knowledge - INFO - Worker kw8 processing /app/data/kaviademo4200/6784/b8996uu/RDK/RDKShell/RDKShell.cpp
2025-10-21 14:32:29,607 - Knowledge - INFO - Worker kw9 processing /app/data/kaviademo4200/6784/b8996uu/RDK/Messenger/Module.cpp
2025-10-21 14:32:29,685 - Knowledge - INFO - done ingest for /app/data/kaviademo4200/6784/b8996uu/RDK/VoiceControl/VoiceControl.cpp
2025-10-21 14:32:29,805 - Knowledge - INFO - Worker kw10 processing /app/data/kaviademo4200/6784/b8996uu/RDK/docs/api/WarehousePlugin.md
2025-10-21 14:32:29,914 - Knowledge - INFO - process ingested knowledge for /app/data/kaviademo4200/6784/b8996uu/RDK/OpenCDMi/OCDM.cpp
2025-10-21 14:32:30,024 - Knowledge - INFO - process ingested knowledge for /app/data/kaviademo4200/6784/b8996uu/RDK/SecurityAgent/SecurityAgent.cpp
2025-10-21 14:32:30,072 - Knowledge - INFO - Worker kw11 processing /app/data/kaviademo4200/6784/b8996uu/RDK/RemoteControl/RemoteControl.cpp
2025-10-21 14:32:30,194 - Knowledge - INFO - Fast-tracked /app/data/kaviademo4200/6784/b8996uu/RDK/Tests/L1Tests/tests/test_Warehouse.cpp (ext=.cpp, size=33835)
2025-10-21 14:32:30,307 - Knowledge - INFO - Worker kw14 processing /app/data/kaviademo4200/6784/b8996uu/RDK/Tests/mocks/Udev.h
2025-10-21 14:32:30,449 - Knowledge - INFO - Fast-tracked /app/data/kaviademo4200/6784/b8996uu/RDK/Tests/mocks/RBus.cpp (ext=.cpp, size=3324)
2025-10-21 14:32:30,556 - Knowledge - INFO - Worker kw16 processing /app/data/kaviademo4200/6784/b8996uu/RDK/Telemetry/CHANGELOG.md
2025-10-21 14:32:30,675 - Knowledge - INFO - Fast-tracked /app/data/kaviademo4200/6784/b8996uu/RDK/HdcpProfile/Module.cpp (ext=.cpp, size=765)
2025-10-21 14:32:30,758 - Knowledge - INFO - Worker kw2 processing /app/data/kaviademo4200/6784/b8996uu/RDK/FireboltMediaPlayer/impl/AampMediaPlayer/AampMediaPlayer.cpp
2025-10-21 14:32:30,845 - Knowledge - INFO - Worker kw3 processing /app/data/kaviademo4200/6784/b8996uu/RDK/HdmiCecSink/Module.h
2025-10-21 14:32:30,932 - Knowledge - INFO - Worker kw4 processing /app/data/kaviademo4200/6784/b8996uu/RDK/WebKitBrowser/CMakeLists.txt
2025-10-21 14:32:31,013 - Knowledge - INFO - Worker kw5 processing /app/data/kaviademo4200/6784/b8996uu/RDK/MessageControl/MessageControlPlugin.json
2025-10-21 14:32:31,135 - Knowledge - INFO - Worker kw6 processing /app/data/kaviademo4200/6784/b8996uu/RDK/OCIContainer/OCIContainer.json
2025-10-21 14:32:31,188 - Knowledge - ERROR - Timeout processing /app/data/kaviademo4200/6784/b8996uu/RDK/MigrationPreparer/MigrationPreparerJsonRpc.cpp after 90s
2025-10-21 14:32:31,226 - Knowledge - INFO - Fast-tracked /app/data/kaviademo4200/6784/b8996uu/RDK/cmake/FindCTRLM.cmake (ext=.cmake, size=1245)
2025-10-21 14:32:31,315 - Knowledge - INFO - Fast-tracked /app/data/kaviademo4200/6784/b8996uu/RDK/RDKShell/RDKShell.cpp (ext=.cpp, size=353467)
2025-10-21 14:32:31,418 - Knowledge - INFO - Fast-tracked /app/data/kaviademo4200/6784/b8996uu/RDK/Messenger/Module.cpp (ext=.cpp, size=781)
2025-10-21 14:32:31,815 - Knowledge - INFO - Fast-tracked /app/data/kaviademo4200/6784/b8996uu/RDK/docs/api/WarehousePlugin.md (ext=.md, size=12800)
2025-10-21 14:32:31,890 - Knowledge - INFO - process ingested knowledge for /app/data/kaviademo4200/6784/b8996uu/RDK/OpenCDMi/Module.h
2025-10-21 14:32:32,143 - Knowledge - INFO - process ingested knowledge for /app/data/kaviademo4200/6784/b8996uu/RDK/SecurityAgent/Module.h
2025-10-21 14:32:32,148 - Knowledge - INFO - Worker kw11 processing /app/data/kaviademo4200/6784/b8996uu/RDK/RemoteControl/CMakeLists.txt
2025-10-21 14:32:32,244 - Knowledge - INFO - Worker kw13 processing /app/data/kaviademo4200/6784/b8996uu/RDK/Tests/L1Tests/tests/test_FirmwareVersion.cpp
2025-10-21 14:32:32,365 - Knowledge - INFO - Fast-tracked /app/data/kaviademo4200/6784/b8996uu/RDK/Tests/mocks/Udev.h (ext=.h, size=3612)
2025-10-21 14:32:32,478 - Knowledge - INFO - [LLM_CALL] Completed: DisplaySettings.h:chunk1, Duration: 30378ms, PromptTokens: 131620, CompletionTokens: 18073, Cost: $0.00000
2025-10-21 14:32:32,479 - Knowledge - INFO - Worker kw15 processing /app/data/kaviademo4200/6784/b8996uu/RDK/Tests/mocks/HdmiCec.h
2025-10-21 14:32:32,606 - Knowledge - INFO - Fast-tracked /app/data/kaviademo4200/6784/b8996uu/RDK/Telemetry/CHANGELOG.md (ext=.md, size=1857)
2025-10-21 14:32:32,681 - Knowledge - INFO - Worker kw1 processing /app/data/kaviademo4200/6784/b8996uu/RDK/HdcpProfile/CHANGELOG.md
2025-10-21 14:32:32,773 - Knowledge - INFO - Fast-tracked /app/data/kaviademo4200/6784/b8996uu/RDK/FireboltMediaPlayer/impl/AampMediaPlayer/AampMediaPlayer.cpp (ext=.cpp, size=1630)
2025-10-21 14:32:32,864 - Knowledge - INFO - Fast-tracked /app/data/kaviademo4200/6784/b8996uu/RDK/HdmiCecSink/Module.h (ext=.h, size=875)
2025-10-21 14:32:32,951 - Knowledge - INFO - Fast-tracked /app/data/kaviademo4200/6784/b8996uu/RDK/WebKitBrowser/CMakeLists.txt (ext=.txt, size=34259)
2025-10-21 14:32:33,048 - Knowledge - INFO - Fast-tracked /app/data/kaviademo4200/6784/b8996uu/RDK/MessageControl/MessageControlPlugin.json (ext=.json, size=1729)
2025-10-21 14:32:33,159 - Knowledge - INFO - Fast-tracked /app/data/kaviademo4200/6784/b8996uu/RDK/OCIContainer/OCIContainer.json (ext=.json, size=18471)
2025-10-21 14:32:33,355 - Knowledge - INFO - Worker kw7 processing /app/data/kaviademo4200/6784/b8996uu/RDK/cmake/FindSqlite.cmake
2025-10-21 14:32:33,463 - Knowledge - INFO - Worker kw8 processing /app/data/kaviademo4200/6784/b8996uu/RDK/RDKShell/CMakeLists.txt
2025-10-21 14:32:33,551 - Knowledge - INFO - Worker kw9 processing /app/data/kaviademo4200/6784/b8996uu/RDK/Messenger/CHANGELOG.md
2025-10-21 14:32:33,631 - Knowledge - INFO - Worker kw10 processing /app/data/kaviademo4200/6784/b8996uu/RDK/docs/api/LinearPlaybackControlPlugin.md
2025-10-21 14:32:33,719 - Knowledge - INFO - process ingested knowledge for /app/data/kaviademo4200/6784/b8996uu/RDK/OpenCDMi/CENCParser.h
2025-10-21 14:32:33,820 - Knowledge - INFO - process ingested knowledge for /app/data/kaviademo4200/6784/b8996uu/RDK/SecurityAgent/SecapiToken.h
2025-10-21 14:32:33,899 - Knowledge - INFO - Fast-tracked /app/data/kaviademo4200/6784/b8996uu/RDK/RemoteControl/CMakeLists.txt (ext=.txt, size=1711)
2025-10-21 14:32:34,020 - Knowledge - INFO - Fast-tracked /app/data/kaviademo4200/6784/b8996uu/RDK/Tests/L1Tests/tests/test_FirmwareVersion.cpp (ext=.cpp, size=1877)
2025-10-21 14:32:34,102 - Knowledge - INFO - Worker kw14 processing /app/data/kaviademo4200/6784/b8996uu/RDK/Tests/mocks/Iarm.cpp
2025-10-21 14:32:34,190 - Knowledge - INFO - done ingest for /app/data/kaviademo4200/6784/b8996uu/RDK/DisplaySettings/DisplaySettings.h
2025-10-21 14:32:34,191 - Knowledge - INFO - [LLM_CALL] Completed: MigrationPreparerImplementation.h:chunk1, Duration: 31883ms, PromptTokens: 134544, CompletionTokens: 18668, Cost: $0.00000
2025-10-21 14:32:34,304 - Knowledge - INFO - Fast-tracked /app/data/kaviademo4200/6784/b8996uu/RDK/Tests/mocks/HdmiCec.h (ext=.h, size=21682)
2025-10-21 14:32:34,420 - Knowledge - INFO - Worker kw16 processing /app/data/kaviademo4200/6784/b8996uu/RDK/MediaEngineRMF/Module.h
2025-10-21 14:32:34,542 - Knowledge - INFO - Fast-tracked /app/data/kaviademo4200/6784/b8996uu/RDK/HdcpProfile/CHANGELOG.md (ext=.md, size=2089)
2025-10-21 14:32:34,622 - Knowledge - INFO - Worker kw2 processing /app/data/kaviademo4200/6784/b8996uu/RDK/FireboltMediaPlayer/impl/AampMediaPlayer/AampEventListener.h
2025-10-21 14:32:34,716 - Knowledge - INFO - Worker kw3 processing /app/data/kaviademo4200/6784/b8996uu/RDK/HdmiCecSink/HdmiCecSink.json
2025-10-21 14:32:34,807 - Knowledge - INFO - Worker kw4 processing /app/data/kaviademo4200/6784/b8996uu/RDK/WebKitBrowser/LoggingUtils.h
2025-10-21 14:32:34,882 - Knowledge - INFO - Worker kw5 processing /app/data/kaviademo4200/6784/b8996uu/RDK/MessageControl/MessageControlImplementation.cpp
2025-10-21 14:32:34,986 - Knowledge - INFO - Worker kw6 processing /app/data/kaviademo4200/6784/b8996uu/RDK/OCIContainer/CMakeLists.txt
2025-10-21 14:32:35,079 - Knowledge - INFO - Fast-tracked /app/data/kaviademo4200/6784/b8996uu/RDK/cmake/FindSqlite.cmake (ext=.cmake, size=68)
2025-10-21 14:32:35,191 - Knowledge - INFO - Fast-tracked /app/data/kaviademo4200/6784/b8996uu/RDK/RDKShell/CMakeLists.txt (ext=.txt, size=3704)
2025-10-21 14:32:35,294 - Knowledge - INFO - Fast-tracked /app/data/kaviademo4200/6784/b8996uu/RDK/Messenger/CHANGELOG.md (ext=.md, size=1776)
2025-10-21 14:32:35,390 - Knowledge - INFO - Fast-tracked /app/data/kaviademo4200/6784/b8996uu/RDK/docs/api/LinearPlaybackControlPlugin.md (ext=.md, size=9960)
2025-10-21 14:32:35,467 - Knowledge - INFO - process ingested knowledge for /app/data/kaviademo4200/6784/b8996uu/RDK/OpenCDMi/OpenCDMiPlugin.json
2025-10-21 14:32:35,550 - Knowledge - INFO - process ingested knowledge for /app/data/kaviademo4200/6784/b8996uu/RDK/SecurityAgent/Overview.md
2025-10-21 14:32:35,659 - Knowledge - INFO - Worker kw11 processing /app/data/kaviademo4200/6784/b8996uu/RDK/RemoteControl/RemoteControl.json
2025-10-21 14:32:35,755 - Knowledge - INFO - Worker kw13 processing /app/data/kaviademo4200/6784/b8996uu/RDK/Tests/L1Tests/tests/test_XCast.cpp
2025-10-21 14:32:35,844 - Knowledge - INFO - Fast-tracked /app/data/kaviademo4200/6784/b8996uu/RDK/Tests/mocks/Iarm.cpp (ext=.cpp, size=4135)
2025-10-21 14:32:35,942 - Knowledge - WARNING - File /app/data/kaviademo4200/6784/b8996uu/RDK/FrameRate/FrameRate.h not successfully processed
2025-10-21 14:32:36,035 - Knowledge - INFO - done ingest for /app/data/kaviademo4200/6784/b8996uu/RDK/MigrationPreparer/MigrationPreparerImplementation.h
2025-10-21 14:32:36,125 - Knowledge - INFO - Worker kw15 processing /app/data/kaviademo4200/6784/b8996uu/RDK/Tests/mocks/IarmBusMock.h
2025-10-21 14:32:36,198 - Knowledge - INFO - Fast-tracked /app/data/kaviademo4200/6784/b8996uu/RDK/MediaEngineRMF/Module.h (ext=.h, size=878)
2025-10-21 14:32:36,320 - Knowledge - INFO - Worker kw1 processing /app/data/kaviademo4200/6784/b8996uu/RDK/UnifiedCASManagement/Module.h
2025-10-21 14:32:36,444 - Knowledge - INFO - Fast-tracked /app/data/kaviademo4200/6784/b8996uu/RDK/FireboltMediaPlayer/impl/AampMediaPlayer/AampEventListener.h (ext=.h, size=1754)
2025-10-21 14:32:36,562 - Knowledge - INFO - Fast-tracked /app/data/kaviademo4200/6784/b8996uu/RDK/HdmiCecSink/HdmiCecSink.json (ext=.json, size=36130)
2025-10-21 14:32:36,666 - Knowledge - INFO - Fast-tracked /app/data/kaviademo4200/6784/b8996uu/RDK/WebKitBrowser/LoggingUtils.h (ext=.h, size=874)
2025-10-21 14:32:36,748 - Knowledge - INFO - Worker kw5 processing /app/data/kaviademo4200/6784/b8996uu/RDK/MessageControl/Module.cpp
2025-10-21 14:32:36,848 - Knowledge - INFO - Fast-tracked /app/data/kaviademo4200/6784/b8996uu/RDK/OCIContainer/CMakeLists.txt (ext=.txt, size=1632)
2025-10-21 14:32:36,958 - Knowledge - INFO - Worker kw7 processing /app/data/kaviademo4200/6784/b8996uu/RDK/cmake/FindGStreamer.cmake
2025-10-21 14:32:37,066 - Knowledge - INFO - Worker kw8 processing /app/data/kaviademo4200/6784/b8996uu/RDK/RDKShell/RDKShell.json
2025-10-21 14:32:37,150 - Knowledge - INFO - Worker kw9 processing /app/data/kaviademo4200/6784/b8996uu/RDK/Messenger/Messenger.h
2025-10-21 14:32:37,263 - Knowledge - INFO - Worker kw10 processing /app/data/kaviademo4200/6784/b8996uu/RDK/docs/api/MediaEngineRMFPlugin.md
2025-10-21 14:32:37,396 - Knowledge - INFO - process ingested knowledge for /app/data/kaviademo4200/6784/b8996uu/RDK/OpenCDMi/CMakeLists.txt
2025-10-21 14:32:37,514 - Knowledge - INFO - process ingested knowledge for /app/data/kaviademo4200/6784/b8996uu/RDK/SecurityAgent/CMakeLists.txt
2025-10-21 14:32:37,608 - Knowledge - INFO - Fast-tracked /app/data/kaviademo4200/6784/b8996uu/RDK/RemoteControl/RemoteControl.json (ext=.json, size=30264)
2025-10-21 14:32:37,699 - Knowledge - INFO - Fast-tracked /app/data/kaviademo4200/6784/b8996uu/RDK/Tests/L1Tests/tests/test_XCast.cpp (ext=.cpp, size=25189)
2025-10-21 14:32:37,813 - Knowledge - INFO - Worker kw14 processing /app/data/kaviademo4200/6784/b8996uu/RDK/Tests/mocks/thunder/WorkerPoolImplementation.h
2025-10-21 14:32:37,959 - Knowledge - WARNING - File /app/data/kaviademo4200/6784/b8996uu/RDK/realtek.cmake not successfully processed
2025-10-21 14:32:38,201 - Knowledge - INFO - Fast-tracked /app/data/kaviademo4200/6784/b8996uu/RDK/Tests/mocks/IarmBusMock.h (ext=.h, size=2974)
2025-10-21 14:32:38,337 - Knowledge - INFO - Worker kw16 processing /app/data/kaviademo4200/6784/b8996uu/RDK/MediaEngineRMF/MediaEngineRMF.cpp
2025-10-21 14:32:38,669 - Knowledge - INFO - Fast-tracked /app/data/kaviademo4200/6784/b8996uu/RDK/UnifiedCASManagement/Module.h (ext=.h, size=888)
2025-10-21 14:32:39,078 - Knowledge - INFO - Worker kw2 processing /app/data/kaviademo4200/6784/b8996uu/RDK/FireboltMediaPlayer/FireboltMediaPlayer.h
2025-10-21 14:32:39,209 - Knowledge - INFO - Worker kw3 processing /app/data/kaviademo4200/6784/b8996uu/RDK/HdmiCecSink/CMakeLists.txt
2025-10-21 14:32:39,363 - Knowledge - INFO - Worker kw4 processing /app/data/kaviademo4200/6784/b8996uu/RDK/WebKitBrowser/cmake/FindWPEBackend.cmake
2025-10-21 14:32:39,529 - Knowledge - INFO - Fast-tracked /app/data/kaviademo4200/6784/b8996uu/RDK/MessageControl/Module.cpp (ext=.cpp, size=781)
2025-10-21 14:32:39,554 - Knowledge - INFO - [LLM_CALL] Completed: FrameRate.cpp:chunk1, Duration: 31992ms, PromptTokens: 143256, CompletionTokens: 19742, Cost: $0.00000
2025-10-21 14:32:39,614 - Knowledge - INFO - Worker kw6 processing /app/data/kaviademo4200/6784/b8996uu/RDK/OCIContainer/stubs/i_omi_proxy.hpp
2025-10-21 14:32:39,716 - Knowledge - INFO - Worker kw7 processing /app/data/kaviademo4200/6784/b8996uu/RDK/cmake/FindLMPLAYER.cmake
2025-10-21 14:32:39,801 - Knowledge - INFO - Fast-tracked /app/data/kaviademo4200/6784/b8996uu/RDK/RDKShell/RDKShell.json (ext=.json, size=96457)
2025-10-21 14:32:39,887 - Knowledge - INFO - Worker kw9 processing /app/data/kaviademo4200/6784/b8996uu/RDK/docs/_sidebar.md
2025-10-21 14:32:40,010 - Knowledge - INFO - Fast-tracked /app/data/kaviademo4200/6784/b8996uu/RDK/docs/api/MediaEngineRMFPlugin.md (ext=.md, size=4606)
2025-10-21 14:32:40,102 - Knowledge - INFO - process ingested knowledge for /app/data/kaviademo4200/6784/b8996uu/RDK/OpenCDMi/OCDM.h
2025-10-21 14:32:40,216 - Knowledge - INFO - process ingested knowledge for /app/data/kaviademo4200/6784/b8996uu/RDK/SecurityAgent/SecurityAgentPlugin.json
2025-10-21 14:32:40,296 - Knowledge - INFO - Worker kw11 processing /app/data/kaviademo4200/6784/b8996uu/RDK/RemoteControl/README.md
2025-10-21 14:32:40,413 - Knowledge - INFO - Worker kw13 processing /app/data/kaviademo4200/6784/b8996uu/RDK/Tests/L1Tests/tests/test_Telemetry.cpp
2025-10-21 14:32:40,509 - Knowledge - INFO - Fast-tracked /app/data/kaviademo4200/6784/b8996uu/RDK/Tests/mocks/thunder/WorkerPoolImplementation.h (ext=.h, size=1206)
2025-10-21 14:32:40,617 - Knowledge - WARNING - File /app/data/kaviademo4200/6784/b8996uu/RDK/AVInput/AVInput.cpp not successfully processed
2025-10-21 14:32:40,719 - Knowledge - INFO - Worker kw15 processing /app/data/kaviademo4200/6784/b8996uu/RDK/Tests/mocks/Wraps.h
2025-10-21 14:32:40,809 - Knowledge - INFO - Worker kw16 processing /app/data/kaviademo4200/6784/b8996uu/RDK/MediaEngineRMF/MediaEngineRMFPlugin.json
2025-10-21 14:32:40,907 - Knowledge - INFO - Worker kw1 processing /app/data/kaviademo4200/6784/b8996uu/RDK/UnifiedCASManagement/LibMediaPlayerImpl.h
2025-10-21 14:32:41,019 - Knowledge - INFO - Worker kw2 processing /app/data/kaviademo4200/6784/b8996uu/RDK/FireboltMediaPlayer/CMakeLists.txt
2025-10-21 14:32:41,100 - Knowledge - INFO - Fast-tracked /app/data/kaviademo4200/6784/b8996uu/RDK/HdmiCecSink/CMakeLists.txt (ext=.txt, size=1931)
2025-10-21 14:32:41,222 - Knowledge - INFO - Worker kw4 processing /app/data/kaviademo4200/6784/b8996uu/RDK/WebKitBrowser/cmake/FindWPEWebKit.cmake
2025-10-21 14:32:41,304 - Knowledge - INFO - Worker kw5 processing /app/data/kaviademo4200/6784/b8996uu/RDK/MessageControl/MessageControl.cpp
2025-10-21 14:32:41,427 - Knowledge - INFO - done ingest for /app/data/kaviademo4200/6784/b8996uu/RDK/FrameRate/FrameRate.cpp
2025-10-21 14:32:41,511 - Knowledge - INFO - Worker kw6 processing /app/data/kaviademo4200/6784/b8996uu/RDK/OCIContainer/stubs/omi_proxy.hpp
2025-10-21 14:32:41,611 - Knowledge - INFO - Fast-tracked /app/data/kaviademo4200/6784/b8996uu/RDK/cmake/FindLMPLAYER.cmake (ext=.cmake, size=1893)
2025-10-21 14:32:41,720 - Knowledge - INFO - Worker kw8 processing /app/data/kaviademo4200/6784/b8996uu/RDK/RDKShell/README.md
2025-10-21 14:32:41,799 - Knowledge - INFO - Fast-tracked /app/data/kaviademo4200/6784/b8996uu/RDK/docs/_sidebar.md (ext=.md, size=2947)
2025-10-21 14:32:41,898 - Knowledge - INFO - Worker kw10 processing /app/data/kaviademo4200/6784/b8996uu/RDK/docs/api/TelemetryPlugin.md
2025-10-21 14:32:42,020 - Knowledge - INFO - process ingested knowledge for /app/data/kaviademo4200/6784/b8996uu/RDK/OpenCDMi/OCDMJsonRpc.cpp
2025-10-21 14:32:42,114 - Knowledge - INFO - process ingested knowledge for /app/data/kaviademo4200/6784/b8996uu/RDK/SecurityAgent/SecurityContext.cpp
2025-10-21 14:32:42,203 - Knowledge - INFO - Fast-tracked /app/data/kaviademo4200/6784/b8996uu/RDK/RemoteControl/README.md (ext=.md, size=508)
2025-10-21 14:32:42,291 - Knowledge - INFO - Fast-tracked /app/data/kaviademo4200/6784/b8996uu/RDK/Tests/L1Tests/tests/test_Telemetry.cpp (ext=.cpp, size=24202)
2025-10-21 14:32:42,395 - Knowledge - INFO - Worker kw14 processing /app/data/kaviademo4200/6784/b8996uu/RDK/Tests/mocks/thunder/Module.h
2025-10-21 14:32:42,548 - Knowledge - WARNING - File /app/data/kaviademo4200/6784/b8996uu/RDK/AVInput/AVInput.h not successfully processed
2025-10-21 14:32:42,578 - Knowledge - INFO - Fast-tracked /app/data/kaviademo4200/6784/b8996uu/RDK/Tests/mocks/Wraps.h (ext=.h, size=1676)
2025-10-21 14:32:42,654 - Knowledge - INFO - Fast-tracked /app/data/kaviademo4200/6784/b8996uu/RDK/MediaEngineRMF/MediaEngineRMFPlugin.json (ext=.json, size=479)
2025-10-21 14:32:42,770 - Knowledge - INFO - Worker kw1 processing /app/data/kaviademo4200/6784/b8996uu/RDK/UnifiedCASManagement/doc/UnifiedCASManagementService.md
2025-10-21 14:32:42,846 - Knowledge - INFO - Fast-tracked /app/data/kaviademo4200/6784/b8996uu/RDK/FireboltMediaPlayer/CMakeLists.txt (ext=.txt, size=2018)
2025-10-21 14:32:42,937 - Knowledge - INFO - Worker kw3 processing /app/data/kaviademo4200/6784/b8996uu/RDK/HdmiCecSink/HdmiCecSinkPlugin.json
2025-10-21 14:32:43,034 - Knowledge - INFO - Worker kw4 processing /app/data/kaviademo4200/6784/b8996uu/RDK/WebKitBrowser/cmake/FindAampJSBindings.cmake
2025-10-21 14:32:43,118 - Knowledge - INFO - Worker kw5 processing /app/data/kaviademo4200/6784/b8996uu/RDK/MessageControl/CHANGELOG.md
2025-10-21 14:32:43,266 - Knowledge - WARNING - File /app/data/kaviademo4200/6784/b8996uu/RDK/amlogic.cmake not successfully processed
2025-10-21 14:32:43,342 - Knowledge - INFO - Fast-tracked /app/data/kaviademo4200/6784/b8996uu/RDK/OCIContainer/stubs/omi_proxy.hpp (ext=.hpp, size=1493)
2025-10-21 14:32:43,434 - Knowledge - INFO - Worker kw7 processing /app/data/kaviademo4200/6784/b8996uu/RDK/cmake/FindCurl.cmake
2025-10-21 14:32:43,528 - Knowledge - INFO - Fast-tracked /app/data/kaviademo4200/6784/b8996uu/RDK/RDKShell/README.md (ext=.md, size=5095)
2025-10-21 14:32:43,612 - Knowledge - INFO - Worker kw9 processing /app/data/kaviademo4200/6784/b8996uu/RDK/docs/developerguide/Test&Validation.md
2025-10-21 14:32:43,738 - Knowledge - INFO - Fast-tracked /app/data/kaviademo4200/6784/b8996uu/RDK/docs/api/TelemetryPlugin.md (ext=.md, size=6290)
2025-10-21 14:32:43,839 - Knowledge - INFO - process ingested knowledge for /app/data/kaviademo4200/6784/b8996uu/RDK/OpenCDMi/Module.cpp
2025-10-21 14:32:43,917 - Knowledge - INFO - process ingested knowledge for /app/data/kaviademo4200/6784/b8996uu/RDK/SecurityAgent/AccessControlList.h
2025-10-21 14:32:44,014 - Knowledge - INFO - Worker kw11 processing /app/data/kaviademo4200/6784/b8996uu/RDK/RemoteControl/RemoteControl.h
2025-10-21 14:32:44,100 - Knowledge - INFO - Worker kw13 processing /app/data/kaviademo4200/6784/b8996uu/RDK/Tests/L1Tests/tests/test_DeviceInfoJsonRpc.cpp
2025-10-21 14:32:44,191 - Knowledge - INFO - Fast-tracked /app/data/kaviademo4200/6784/b8996uu/RDK/Tests/mocks/thunder/Module.h (ext=.h, size=132)
2025-10-21 14:32:44,347 - Knowledge - INFO - Processing batch of 26 files
2025-10-21 14:32:44,360 - Knowledge - INFO - Worker kw15 processing /app/data/kaviademo4200/6784/b8996uu/RDK/Tests/mocks/WpaCtrl.h
2025-10-21 14:32:44,466 - Knowledge - INFO - Worker kw16 processing /app/data/kaviademo4200/6784/b8996uu/RDK/MediaEngineRMF/CMakeLists.txt
2025-10-21 14:32:44,585 - Knowledge - INFO - Fast-tracked /app/data/kaviademo4200/6784/b8996uu/RDK/UnifiedCASManagement/doc/UnifiedCASManagementService.md (ext=.md, size=7810)
2025-10-21 14:32:44,685 - Knowledge - INFO - Worker kw2 processing /app/data/kaviademo4200/6784/b8996uu/RDK/FireboltMediaPlayer/FireboltMediaPlayer.cpp
2025-10-21 14:32:44,806 - Knowledge - INFO - Fast-tracked /app/data/kaviademo4200/6784/b8996uu/RDK/HdmiCecSink/HdmiCecSinkPlugin.json (ext=.json, size=505)
2025-10-21 14:32:44,900 - Knowledge - INFO - Fast-tracked /app/data/kaviademo4200/6784/b8996uu/RDK/WebKitBrowser/cmake/FindAampJSBindings.cmake (ext=.cmake, size=920)
2025-10-21 14:32:44,987 - Knowledge - INFO - Fast-tracked /app/data/kaviademo4200/6784/b8996uu/RDK/MessageControl/CHANGELOG.md (ext=.md, size=1260)
2025-10-21 14:32:45,098 - Knowledge - WARNING - File /app/data/kaviademo4200/6784/b8996uu/RDK/WebBridge/WebBridge.cpp not successfully processed
2025-10-21 14:32:45,151 - Knowledge - INFO - Worker kw6 processing /app/data/kaviademo4200/6784/b8996uu/RDK/OCIContainer/OCIContainerPlugin.json
2025-10-21 14:32:45,248 - Knowledge - INFO - Fast-tracked /app/data/kaviademo4200/6784/b8996uu/RDK/cmake/FindCurl.cmake (ext=.cmake, size=1002)
2025-10-21 14:32:45,351 - Knowledge - INFO - Worker kw8 processing /app/data/kaviademo4200/6784/b8996uu/RDK/RDKShell/Module.cpp
2025-10-21 14:32:45,473 - Knowledge - INFO - Fast-tracked /app/data/kaviademo4200/6784/b8996uu/RDK/docs/developerguide/Test&Validation.md (ext=.md, size=2502)
2025-10-21 14:32:45,551 - Knowledge - INFO - Worker kw10 processing /app/data/kaviademo4200/6784/b8996uu/RDK/docs/api/FrameRatePlugin.md
2025-10-21 14:32:45,671 - Knowledge - INFO - process ingested knowledge for /app/data/kaviademo4200/6784/b8996uu/RDK/OpenCDMi/OpenCDMi.json
2025-10-21 14:32:45,764 - Knowledge - INFO - process ingested knowledge for /app/data/kaviademo4200/6784/b8996uu/RDK/SecurityAgent/SecurityAgent.h
2025-10-21 14:32:45,870 - Knowledge - INFO - Worker kw11 processing /app/data/kaviademo4200/6784/b8996uu/RDK/RemoteControl/Module.cpp
2025-10-21 14:32:45,954 - Knowledge - INFO - Fast-tracked /app/data/kaviademo4200/6784/b8996uu/RDK/Tests/L1Tests/tests/test_DeviceInfoJsonRpc.cpp (ext=.cpp, size=18907)
2025-10-21 14:32:46,069 - Knowledge - INFO - Worker kw14 processing /app/data/kaviademo4200/6784/b8996uu/RDK/Tests/mocks/thunder/FactoriesImplementation.h
2025-10-21 14:32:46,149 - Knowledge - INFO - process ingested knowledge for /app/data/kaviademo4200/6784/b8996uu/RDK/FrameRate/cmake/FindIARMBus.cmake
2025-10-21 14:32:46,246 - Knowledge - INFO - Fast-tracked /app/data/kaviademo4200/6784/b8996uu/RDK/Tests/mocks/WpaCtrl.h (ext=.h, size=1894)
2025-10-21 14:32:46,352 - Knowledge - INFO - Fast-tracked /app/data/kaviademo4200/6784/b8996uu/RDK/MediaEngineRMF/CMakeLists.txt (ext=.txt, size=2399)
2025-10-21 14:32:46,438 - Knowledge - INFO - Worker kw1 processing /app/data/kaviademo4200/6784/b8996uu/RDK/UnifiedCASManagement/CMakeLists.txt
2025-10-21 14:32:46,521 - Knowledge - INFO - Worker kw2 processing /app/data/kaviademo4200/6784/b8996uu/RDK/FireboltMediaPlayer/FireboltMediaPlayerPlugin.json
2025-10-21 14:32:46,596 - Knowledge - INFO - Worker kw3 processing /app/data/kaviademo4200/6784/b8996uu/RDK/HdmiCecSink/README.md
2025-10-21 14:32:46,675 - Knowledge - INFO - Worker kw4 processing /app/data/kaviademo4200/6784/b8996uu/RDK/WebKitBrowser/WebKitBrowserPlugin.json
2025-10-21 14:32:46,749 - Knowledge - INFO - Worker kw5 processing /app/data/kaviademo4200/6784/b8996uu/RDK/MessageControl/MessageOutput.cpp
2025-10-21 14:32:46,854 - Knowledge - WARNING - File /app/data/kaviademo4200/6784/b8996uu/RDK/WebBridge/WebBridge.h not successfully processed
2025-10-21 14:32:46,974 - Knowledge - INFO - Fast-tracked /app/data/kaviademo4200/6784/b8996uu/RDK/OCIContainer/OCIContainerPlugin.json (ext=.json, size=488)
2025-10-21 14:32:47,054 - Knowledge - INFO - Worker kw7 processing /app/data/kaviademo4200/6784/b8996uu/RDK/cmake/FindGLIB.cmake
2025-10-21 14:32:47,159 - Knowledge - INFO - Fast-tracked /app/data/kaviademo4200/6784/b8996uu/RDK/RDKShell/Module.cpp (ext=.cpp, size=765)
2025-10-21 14:32:47,238 - Knowledge - INFO - Worker kw9 processing /app/data/kaviademo4200/6784/b8996uu/RDK/docs/developerguide/PluginJSONfile.md
2025-10-21 14:32:47,341 - Knowledge - INFO - Fast-tracked /app/data/kaviademo4200/6784/b8996uu/RDK/docs/api/FrameRatePlugin.md (ext=.md, size=10746)
2025-10-21 14:32:47,421 - Knowledge - INFO - process ingested knowledge for /app/data/kaviademo4200/6784/b8996uu/RDK/OpenCDMi/CENCParser.cpp
2025-10-21 14:32:47,503 - Knowledge - INFO - process ingested knowledge for /app/data/kaviademo4200/6784/b8996uu/RDK/SecurityAgent/SecurityContext.h
2025-10-21 14:32:47,590 - Knowledge - INFO - Fast-tracked /app/data/kaviademo4200/6784/b8996uu/RDK/RemoteControl/Module.cpp (ext=.cpp, size=765)
2025-10-21 14:32:47,673 - Knowledge - INFO - Worker kw13 processing /app/data/kaviademo4200/6784/b8996uu/RDK/Tests/L1Tests/tests/test_AVInput.cpp
2025-10-21 14:32:47,776 - Knowledge - INFO - Fast-tracked /app/data/kaviademo4200/6784/b8996uu/RDK/Tests/mocks/thunder/FactoriesImplementation.h (ext=.h, size=2068)
2025-10-21 14:32:47,849 - Knowledge - INFO - process ingested knowledge for /app/data/kaviademo4200/6784/b8996uu/RDK/FrameRate/cmake/FindDS.cmake
2025-10-21 14:32:47,941 - Knowledge - INFO - Worker kw15 processing /app/data/kaviademo4200/6784/b8996uu/RDK/Tests/mocks/TelemetryMock.h
2025-10-21 14:32:48,047 - Knowledge - INFO - Worker kw16 processing /app/data/kaviademo4200/6784/b8996uu/RDK/MediaEngineRMF/MediaEngineRMF.h
2025-10-21 14:32:48,125 - Knowledge - INFO - Fast-tracked /app/data/kaviademo4200/6784/b8996uu/RDK/UnifiedCASManagement/CMakeLists.txt (ext=.txt, size=2561)
2025-10-21 14:32:48,229 - Knowledge - INFO - Fast-tracked /app/data/kaviademo4200/6784/b8996uu/RDK/FireboltMediaPlayer/FireboltMediaPlayerPlugin.json (ext=.json, size=872)
2025-10-21 14:32:48,342 - Knowledge - INFO - Fast-tracked /app/data/kaviademo4200/6784/b8996uu/RDK/HdmiCecSink/README.md (ext=.md, size=252)
2025-10-21 14:32:48,421 - Knowledge - INFO - Fast-tracked /app/data/kaviademo4200/6784/b8996uu/RDK/WebKitBrowser/WebKitBrowserPlugin.json (ext=.json, size=6051)
2025-10-21 14:32:48,497 - Knowledge - INFO - Worker kw5 processing /app/data/kaviademo4200/6784/b8996uu/RDK/broadcom.cmake
2025-10-21 14:32:48,577 - Knowledge - WARNING - File /app/data/kaviademo4200/6784/b8996uu/RDK/WebBridge/js/WebBridgeSDK.js not successfully processed
2025-10-21 14:32:48,666 - Knowledge - INFO - Worker kw6 processing /app/data/kaviademo4200/6784/b8996uu/RDK/OCIContainer/README.md
2025-10-21 14:32:48,760 - Knowledge - INFO - Worker kw7 processing /app/data/kaviademo4200/6784/b8996uu/RDK/cmake/FindLibSoup.cmake
2025-10-21 14:32:48,855 - Knowledge - INFO - Worker kw8 processing /app/data/kaviademo4200/6784/b8996uu/RDK/RDKShell/CHANGELOG.md
2025-10-21 14:32:48,980 - Knowledge - INFO - Fast-tracked /app/data/kaviademo4200/6784/b8996uu/RDK/docs/developerguide/PluginJSONfile.md (ext=.md, size=6504)
2025-10-21 14:32:49,086 - Knowledge - INFO - Worker kw10 processing /app/data/kaviademo4200/6784/b8996uu/RDK/docs/api/SecurityAgentPlugin.md
2025-10-21 14:32:49,185 - Knowledge - INFO - process ingested knowledge for /app/data/kaviademo4200/6784/b8996uu/RDK/OpenCDMi/CHANGELOG.md
2025-10-21 14:32:49,377 - Knowledge - INFO - Worker kw11 processing /app/data/kaviademo4200/6784/b8996uu/RDK/RemoteControl/CHANGELOG.md
2025-10-21 14:32:49,458 - Knowledge - INFO - Fast-tracked /app/data/kaviademo4200/6784/b8996uu/RDK/Tests/L1Tests/tests/test_AVInput.cpp (ext=.cpp, size=2908)
2025-10-21 14:32:49,578 - Knowledge - INFO - Worker kw14 processing /app/data/kaviademo4200/6784/b8996uu/RDK/Tests/mocks/thunder/ServiceMock.h
2025-10-21 14:32:49,711 - Knowledge - INFO - process ingested knowledge for /app/data/kaviademo4200/6784/b8996uu/RDK/FrameRate/README.md
2025-10-21 14:32:49,834 - Knowledge - WARNING - File /app/data/kaviademo4200/6784/b8996uu/RDK/intel.cmake not successfully processed
2025-10-21 14:32:49,983 - Knowledge - INFO - Worker kw1 processing /app/data/kaviademo4200/6784/b8996uu/RDK/UnifiedCASManagement/UnifiedCASManagement.h
2025-10-21 14:32:50,078 - Knowledge - INFO - Worker kw2 processing /app/data/kaviademo4200/6784/b8996uu/RDK/FireboltMediaPlayer/Module.cpp
2025-10-21 14:32:50,192 - Knowledge - INFO - Worker kw3 processing /app/data/kaviademo4200/6784/b8996uu/RDK/HdmiCecSink/HdmiCecSink.cpp
2025-10-21 14:32:50,268 - Knowledge - INFO - Worker kw4 processing /app/data/kaviademo4200/6784/b8996uu/RDK/WebKitBrowser/LoggingUtils.cpp
2025-10-21 14:32:50,381 - Knowledge - INFO - Worker kw5 processing /app/data/kaviademo4200/6784/b8996uu/RDK/Bluetooth/Bluetooth.h
2025-10-21 14:32:50,478 - Knowledge - INFO - Fast-tracked /app/data/kaviademo4200/6784/b8996uu/RDK/Tests/mocks/TelemetryMock.h (ext=.h, size=320)
2025-10-21 14:32:50,558 - Knowledge - INFO - Fast-tracked /app/data/kaviademo4200/6784/b8996uu/RDK/OCIContainer/README.md (ext=.md, size=8805)
2025-10-21 14:32:50,641 - Knowledge - INFO - Fast-tracked /app/data/kaviademo4200/6784/b8996uu/RDK/cmake/FindLibSoup.cmake (ext=.cmake, size=1398)
2025-10-21 14:32:50,736 - Knowledge - INFO - Fast-tracked /app/data/kaviademo4200/6784/b8996uu/RDK/RDKShell/CHANGELOG.md (ext=.md, size=5879)
2025-10-21 14:32:50,843 - Knowledge - INFO - Worker kw9 processing /app/data/kaviademo4200/6784/b8996uu/RDK/docs/developerguide/_sidebar.md
2025-10-21 14:32:50,930 - Knowledge - INFO - Fast-tracked /app/data/kaviademo4200/6784/b8996uu/RDK/docs/api/SecurityAgentPlugin.md (ext=.md, size=4257)
2025-10-21 14:32:51,078 - Knowledge - INFO - process ingested knowledge for /app/data/kaviademo4200/6784/b8996uu/RDK/RustAdapter/RustAdapter.cpp
2025-10-21 14:32:51,127 - Knowledge - INFO - Fast-tracked /app/data/kaviademo4200/6784/b8996uu/RDK/RemoteControl/CHANGELOG.md (ext=.md, size=2346)
2025-10-21 14:32:51,245 - Knowledge - INFO - Worker kw13 processing /app/data/kaviademo4200/6784/b8996uu/RDK/Tests/L1Tests/tests/test_SecurityAgent.cpp
2025-10-21 14:32:51,331 - Knowledge - INFO - Fast-tracked /app/data/kaviademo4200/6784/b8996uu/RDK/Tests/mocks/thunder/ServiceMock.h (ext=.h, size=3988)
2025-10-21 14:32:51,504 - Knowledge - INFO - process ingested knowledge for /app/data/kaviademo4200/6784/b8996uu/RDK/FrameRate/Module.cpp
2025-10-21 14:32:51,557 - Knowledge - WARNING - File /app/data/kaviademo4200/6784/b8996uu/RDK/MigrationPreparer/MigrationPreparer.cpp not successfully processed
2025-10-21 14:32:51,624 - Knowledge - INFO - Worker kw1 processing /app/data/kaviademo4200/6784/b8996uu/RDK/UnifiedCASManagement/UnifiedCASManagement.cpp
2025-10-21 14:32:51,700 - Knowledge - INFO - Fast-tracked /app/data/kaviademo4200/6784/b8996uu/RDK/FireboltMediaPlayer/Module.cpp (ext=.cpp, size=781)
2025-10-21 14:32:51,798 - Knowledge - INFO - Fast-tracked /app/data/kaviademo4200/6784/b8996uu/RDK/HdmiCecSink/HdmiCecSink.cpp (ext=.cpp, size=145515)
2025-10-21 14:32:51,870 - Knowledge - INFO - Worker kw4 processing /app/data/kaviademo4200/6784/b8996uu/RDK/WebKitBrowser/Tags.h
2025-10-21 14:32:51,952 - Knowledge - INFO - Worker kw5 processing /app/data/kaviademo4200/6784/b8996uu/RDK/Bluetooth/Module.h
2025-10-21 14:32:52,031 - Knowledge - INFO - Worker kw15 processing /app/data/kaviademo4200/6784/b8996uu/RDK/Tests/mocks/MotionDetection.h
2025-10-21 14:32:52,121 - Knowledge - INFO - Worker kw6 processing /app/data/kaviademo4200/6784/b8996uu/RDK/OCIContainer/Module.cpp
2025-10-21 14:32:52,201 - Knowledge - INFO - Worker kw7 processing /app/data/kaviademo4200/6784/b8996uu/RDK/cmake/FindGStreamerVideo.cmake
2025-10-21 14:32:52,292 - Knowledge - INFO - Worker kw8 processing /app/data/kaviademo4200/6784/b8996uu/RDK/RDKShell/RialtoConnector.cpp
2025-10-21 14:32:52,405 - Knowledge - INFO - Fast-tracked /app/data/kaviademo4200/6784/b8996uu/RDK/docs/developerguide/_sidebar.md (ext=.md, size=970)
2025-10-21 14:32:52,499 - Knowledge - ERROR - Timeout processing /app/data/kaviademo4200/6784/b8996uu/RDK/helpers/WebSockets/Roles/SingleClientServer.h after 90s
2025-10-21 14:32:52,553 - Knowledge - INFO - Worker kw10 processing /app/data/kaviademo4200/6784/b8996uu/RDK/docs/api/DisplaySettingsPlugin.md
2025-10-21 14:32:52,756 - Knowledge - INFO - Worker kw11 processing /app/data/kaviademo4200/6784/b8996uu/RDK/README.md
2025-10-21 14:32:52,851 - Knowledge - INFO - Fast-tracked /app/data/kaviademo4200/6784/b8996uu/RDK/Tests/L1Tests/tests/test_SecurityAgent.cpp (ext=.cpp, size=9103)
2025-10-21 14:32:52,932 - Knowledge - INFO - Worker kw14 processing /app/data/kaviademo4200/6784/b8996uu/RDK/Tests/mocks/thunder/COMLinkMock.h
2025-10-21 14:32:53,041 - Knowledge - INFO - process ingested knowledge for /app/data/kaviademo4200/6784/b8996uu/RDK/FrameRate/CHANGELOG.md
2025-10-21 14:32:53,153 - Knowledge - WARNING - File /app/data/kaviademo4200/6784/b8996uu/RDK/MigrationPreparer/MigrationPreparerImplementation.cpp not successfully processed
2025-10-21 14:32:53,255 - Knowledge - INFO - Worker kw1 processing /app/data/kaviademo4200/6784/b8996uu/RDK/UnifiedCASManagement/MediaPlayer.h
2025-10-21 14:32:53,375 - Knowledge - INFO - Worker kw2 processing /app/data/kaviademo4200/6784/b8996uu/RDK/FireboltMediaPlayer/CHANGELOG.md
2025-10-21 14:32:53,492 - Knowledge - INFO - Worker kw3 processing /app/data/kaviademo4200/6784/b8996uu/RDK/HdmiCecSink/Module.cpp
2025-10-21 14:32:53,601 - Knowledge - INFO - Fast-tracked /app/data/kaviademo4200/6784/b8996uu/RDK/WebKitBrowser/Tags.h (ext=.h, size=1051)
2025-10-21 14:32:53,699 - Knowledge - INFO - Fast-tracked /app/data/kaviademo4200/6784/b8996uu/RDK/Bluetooth/Module.h (ext=.h, size=873)
2025-10-21 14:32:53,785 - Knowledge - INFO - Fast-tracked /app/data/kaviademo4200/6784/b8996uu/RDK/Tests/mocks/MotionDetection.h (ext=.h, size=7608)
2025-10-21 14:32:53,900 - Knowledge - INFO - Fast-tracked /app/data/kaviademo4200/6784/b8996uu/RDK/OCIContainer/Module.cpp (ext=.cpp, size=62)
2025-10-21 14:32:54,017 - Knowledge - INFO - Worker kw7 processing /app/data/kaviademo4200/6784/b8996uu/RDK/cmake/FindRDKStorageManager.cmake
2025-10-21 14:32:54,118 - Knowledge - INFO - Worker kw8 processing /app/data/kaviademo4200/6784/b8996uu/RDK/RDKShell/RDKShell.h
2025-10-21 14:32:54,218 - Knowledge - INFO - Worker kw9 processing /app/data/kaviademo4200/6784/b8996uu/RDK/docs/developerguide/develperguidefornewplugin.md
2025-10-21 14:32:54,298 - Knowledge - ERROR - Timeout processing /app/data/kaviademo4200/6784/b8996uu/RDK/helpers/WebSockets/Roles/Client.h after 90s
2025-10-21 14:32:54,382 - Knowledge - INFO - Fast-tracked /app/data/kaviademo4200/6784/b8996uu/RDK/docs/api/DisplaySettingsPlugin.md (ext=.md, size=110340)
2025-10-21 14:32:54,470 - Knowledge - INFO - Fast-tracked /app/data/kaviademo4200/6784/b8996uu/RDK/README.md (ext=.md, size=22041)
2025-10-21 14:32:54,551 - Knowledge - INFO - Worker kw13 processing /app/data/kaviademo4200/6784/b8996uu/RDK/Tests/L1Tests/tests/test_FrameRate.cpp
2025-10-21 14:32:54,667 - Knowledge - INFO - Fast-tracked /app/data/kaviademo4200/6784/b8996uu/RDK/Tests/mocks/thunder/COMLinkMock.h (ext=.h, size=763)
2025-10-21 14:32:54,837 - Knowledge - INFO - process ingested knowledge for /app/data/kaviademo4200/6784/b8996uu/RDK/FrameRate/FrameRate.json
2025-10-21 14:32:54,873 - Knowledge - WARNING - File /app/data/kaviademo4200/6784/b8996uu/RDK/MigrationPreparer/MigrationPreparer.h not successfully processed
2025-10-21 14:32:54,977 - Knowledge - INFO - Worker kw1 processing /app/data/kaviademo4200/6784/b8996uu/RDK/UnifiedCASManagement/Module.cpp
2025-10-21 14:32:55,067 - Knowledge - INFO - Fast-tracked /app/data/kaviademo4200/6784/b8996uu/RDK/FireboltMediaPlayer/CHANGELOG.md (ext=.md, size=1295)
2025-10-21 14:32:55,142 - Knowledge - INFO - Fast-tracked /app/data/kaviademo4200/6784/b8996uu/RDK/HdmiCecSink/Module.cpp (ext=.cpp, size=765)
2025-10-21 14:32:55,227 - Knowledge - INFO - Worker kw4 processing /app/data/kaviademo4200/6784/b8996uu/RDK/WebKitBrowser/CookieJar.h
2025-10-21 14:32:55,352 - Knowledge - INFO - Worker kw5 processing /app/data/kaviademo4200/6784/b8996uu/RDK/Bluetooth/Bluetooth.json
2025-10-21 14:32:55,480 - Knowledge - INFO - Worker kw15 processing /app/data/kaviademo4200/6784/b8996uu/RDK/Tests/mocks/secure_wrappermock.h
2025-10-21 14:32:55,591 - Knowledge - INFO - Worker kw6 processing /app/data/kaviademo4200/6784/b8996uu/RDK/OCIContainer/CHANGELOG.md
2025-10-21 14:32:55,696 - Knowledge - INFO - Fast-tracked /app/data/kaviademo4200/6784/b8996uu/RDK/cmake/FindRDKStorageManager.cmake (ext=.cmake, size=983)
2025-10-21 14:32:55,808 - Knowledge - INFO - Worker kw8 processing /app/data/kaviademo4200/6784/b8996uu/RDK/FrontPanel/FrontPanelPlugin.json
2025-10-21 14:32:55,919 - Knowledge - INFO - Fast-tracked /app/data/kaviademo4200/6784/b8996uu/RDK/docs/developerguide/develperguidefornewplugin.md (ext=.md, size=1692)
2025-10-21 14:32:56,041 - Knowledge - ERROR - Timeout processing /app/data/kaviademo4200/6784/b8996uu/RDK/helpers/WebSockets/Encryption/TlsEnabled.h after 90s
2025-10-21 14:32:56,152 - Knowledge - INFO - Worker kw10 processing /app/data/kaviademo4200/6784/b8996uu/RDK/docs/api/AVInputPlugin.md
2025-10-21 14:32:56,280 - Knowledge - INFO - Worker kw11 processing /app/data/kaviademo4200/6784/b8996uu/RDK/CompositeInput/CompositeInput.cpp
2025-10-21 14:32:56,403 - Knowledge - INFO - Fast-tracked /app/data/kaviademo4200/6784/b8996uu/RDK/Tests/L1Tests/tests/test_FrameRate.cpp (ext=.cpp, size=10210)
2025-10-21 14:32:56,483 - Knowledge - INFO - Worker kw14 processing /app/data/kaviademo4200/6784/b8996uu/RDK/Tests/mocks/thunder/SystemInfo.h
2025-10-21 14:32:56,566 - Knowledge - INFO - process ingested knowledge for /app/data/kaviademo4200/6784/b8996uu/RDK/AVInput/Module.h
2025-10-21 14:32:56,659 - Knowledge - WARNING - File /app/data/kaviademo4200/6784/b8996uu/RDK/MigrationPreparer/MigrationPreparerJsonRpc.cpp not successfully processed
2025-10-21 14:32:56,760 - Knowledge - INFO - Fast-tracked /app/data/kaviademo4200/6784/b8996uu/RDK/UnifiedCASManagement/Module.cpp (ext=.cpp, size=776)
2025-10-21 14:32:56,890 - Knowledge - INFO - Worker kw2 processing /app/data/kaviademo4200/6784/b8996uu/RDK/DeviceInfo/DeviceInfo.json
2025-10-21 14:32:56,988 - Knowledge - INFO - Worker kw3 processing /app/data/kaviademo4200/6784/b8996uu/RDK/HdmiCecSink/CHANGELOG.md
2025-10-21 14:32:57,094 - Knowledge - INFO - Fast-tracked /app/data/kaviademo4200/6784/b8996uu/RDK/WebKitBrowser/CookieJar.h (ext=.h, size=1725)
2025-10-21 14:32:57,203 - Knowledge - INFO - Fast-tracked /app/data/kaviademo4200/6784/b8996uu/RDK/Bluetooth/Bluetooth.json (ext=.json, size=54044)
2025-10-21 14:32:57,295 - Knowledge - INFO - Fast-tracked /app/data/kaviademo4200/6784/b8996uu/RDK/Tests/mocks/secure_wrappermock.h (ext=.h, size=280)
2025-10-21 14:32:57,418 - Knowledge - INFO - Fast-tracked /app/data/kaviademo4200/6784/b8996uu/RDK/OCIContainer/CHANGELOG.md (ext=.md, size=1736)
2025-10-21 14:32:57,506 - Knowledge - INFO - Worker kw7 processing /app/data/kaviademo4200/6784/b8996uu/RDK/cmake/FindNXCLIENT.cmake
2025-10-21 14:32:57,633 - Knowledge - INFO - Fast-tracked /app/data/kaviademo4200/6784/b8996uu/RDK/FrontPanel/FrontPanelPlugin.json (ext=.json, size=488)
2025-10-21 14:32:57,709 - Knowledge - INFO - Worker kw9 processing /app/data/kaviademo4200/6784/b8996uu/RDK/docs/developerguide/new_plugin_Inprocess.md
2025-10-21 14:32:57,798 - Knowledge - ERROR - Timeout processing /app/data/kaviademo4200/6784/b8996uu/RDK/helpers/WebSockets/CommunicationInterface/JsonRpcInterface.h after 90s
2025-10-21 14:32:57,880 - Knowledge - INFO - Fast-tracked /app/data/kaviademo4200/6784/b8996uu/RDK/docs/api/AVInputPlugin.md (ext=.md, size=29511)
2025-10-21 14:32:57,974 - Knowledge - INFO - Worker kw11 processing /app/data/kaviademo4200/6784/b8996uu/RDK/CompositeInput/Module.h
2025-10-21 14:32:58,091 - Knowledge - INFO - Worker kw13 processing /app/data/kaviademo4200/6784/b8996uu/RDK/Tests/L1Tests/tests/test_HdmiCec2.cpp
2025-10-21 14:32:58,184 - Knowledge - INFO - Fast-tracked /app/data/kaviademo4200/6784/b8996uu/RDK/Tests/mocks/thunder/SystemInfo.h (ext=.h, size=2365)
2025-10-21 14:32:58,295 - Knowledge - INFO - process ingested knowledge for /app/data/kaviademo4200/6784/b8996uu/RDK/AVInput/CMakeLists.txt
2025-10-21 14:32:58,443 - Knowledge - INFO - Processing batch of 21 files
2025-10-21 14:32:58,476 - Knowledge - INFO - Worker kw1 processing /app/data/kaviademo4200/6784/b8996uu/RDK/UnifiedCASManagement/CHANGELOG.md
2025-10-21 14:32:58,552 - Knowledge - INFO - Fast-tracked /app/data/kaviademo4200/6784/b8996uu/RDK/DeviceInfo/DeviceInfo.json (ext=.json, size=20944)
2025-10-21 14:32:58,660 - Knowledge - INFO - Fast-tracked /app/data/kaviademo4200/6784/b8996uu/RDK/HdmiCecSink/CHANGELOG.md (ext=.md, size=4279)
2025-10-21 14:32:58,751 - Knowledge - INFO - Worker kw4 processing /app/data/kaviademo4200/6784/b8996uu/RDK/WebKitBrowser/Extension/AAMPJSBindings.h
2025-10-21 14:32:58,823 - Knowledge - INFO - Worker kw5 processing /app/data/kaviademo4200/6784/b8996uu/RDK/Bluetooth/CMakeLists.txt
2025-10-21 14:32:58,910 - Knowledge - INFO - Worker kw15 processing /app/data/kaviademo4200/6784/b8996uu/RDK/Tests/mocks/devicesettings.h
2025-10-21 14:32:59,023 - Knowledge - INFO - Worker kw6 processing /app/data/kaviademo4200/6784/b8996uu/RDK/OCIContainer/OCIContainer.cpp
2025-10-21 14:32:59,127 - Knowledge - INFO - Worker kw7 processing /app/data/kaviademo4200/6784/b8996uu/RDK/cmake/Findjsoncpp.cmake
2025-10-21 14:32:59,255 - Knowledge - INFO - Worker kw8 processing /app/data/kaviademo4200/6784/b8996uu/RDK/FrontPanel/Module.h
2025-10-21 14:32:59,358 - Knowledge - INFO - Fast-tracked /app/data/kaviademo4200/6784/b8996uu/RDK/docs/developerguide/new_plugin_Inprocess.md (ext=.md, size=1032)
2025-10-21 14:32:59,450 - Knowledge - ERROR - Timeout processing /app/data/kaviademo4200/6784/b8996uu/RDK/helpers/WebSockets/CommunicationInterface/CommandInterface.h after 90s
2025-10-21 14:32:59,520 - Knowledge - INFO - Worker kw10 processing /app/data/kaviademo4200/6784/b8996uu/RDK/docs/api/VoiceControlPlugin.md
2025-10-21 14:32:59,606 - Knowledge - INFO - Fast-tracked /app/data/kaviademo4200/6784/b8996uu/RDK/CompositeInput/Module.h (ext=.h, size=878)
2025-10-21 14:32:59,696 - Knowledge - INFO - Fast-tracked /app/data/kaviademo4200/6784/b8996uu/RDK/Tests/L1Tests/tests/test_HdmiCec2.cpp (ext=.cpp, size=28770)
2025-10-21 14:32:59,782 - Knowledge - INFO - Worker kw14 processing /app/data/kaviademo4200/6784/b8996uu/RDK/Tests/mocks/thunder/Module.cpp
2025-10-21 14:32:59,870 - Knowledge - INFO - process ingested knowledge for /app/data/kaviademo4200/6784/b8996uu/RDK/AVInput/AVInputPlugin.json
2025-10-21 14:32:59,979 - Knowledge - INFO - process ingested knowledge for /app/data/kaviademo4200/6784/b8996uu/RDK/MediaEngineRMF/MediaEngineRMF.json
2025-10-21 14:33:00,059 - Knowledge - INFO - Fast-tracked /app/data/kaviademo4200/6784/b8996uu/RDK/UnifiedCASManagement/CHANGELOG.md (ext=.md, size=1660)
2025-10-21 14:33:00,165 - Knowledge - INFO - Worker kw2 processing /app/data/kaviademo4200/6784/b8996uu/RDK/DeviceInfo/Module.h
2025-10-21 14:33:00,248 - Knowledge - INFO - Worker kw3 processing /app/data/kaviademo4200/6784/b8996uu/RDK/HdmiInput/HdmiInput.h
2025-10-21 14:33:00,349 - Knowledge - INFO - Fast-tracked /app/data/kaviademo4200/6784/b8996uu/RDK/WebKitBrowser/Extension/AAMPJSBindings.h (ext=.h, size=1097)
2025-10-21 14:33:00,441 - Knowledge - INFO - Fast-tracked /app/data/kaviademo4200/6784/b8996uu/RDK/Bluetooth/CMakeLists.txt (ext=.txt, size=1956)
2025-10-21 14:33:00,526 - Knowledge - INFO - Fast-tracked /app/data/kaviademo4200/6784/b8996uu/RDK/Tests/mocks/devicesettings.h (ext=.h, size=43794)
2025-10-21 14:33:00,653 - Knowledge - INFO - Worker kw6 processing /app/data/kaviademo4200/6784/b8996uu/RDK/HdmiCecSource/HdmiCecSource.h
2025-10-21 14:33:00,745 - Knowledge - INFO - Fast-tracked /app/data/kaviademo4200/6784/b8996uu/RDK/cmake/Findjsoncpp.cmake (ext=.cmake, size=1853)
2025-10-21 14:33:00,837 - Knowledge - INFO - Fast-tracked /app/data/kaviademo4200/6784/b8996uu/RDK/FrontPanel/Module.h (ext=.h, size=874)
2025-10-21 14:33:00,923 - Knowledge - INFO - Worker kw9 processing /app/data/kaviademo4200/6784/b8996uu/RDK/docs/developerguide/createprojectfolder.md
2025-10-21 14:33:01,039 - Knowledge - ERROR - Timeout processing /app/data/kaviademo4200/6784/b8996uu/RDK/helpers/WebSockets/JsonRpc/Response.cpp after 90s
2025-10-21 14:33:01,163 - Knowledge - INFO - Fast-tracked /app/data/kaviademo4200/6784/b8996uu/RDK/docs/api/VoiceControlPlugin.md (ext=.md, size=26333)
2025-10-21 14:33:01,312 - Knowledge - INFO - Worker kw11 processing /app/data/kaviademo4200/6784/b8996uu/RDK/CompositeInput/CompositeInputPlugin.json
2025-10-21 14:33:01,430 - Knowledge - INFO - Worker kw13 processing /app/data/kaviademo4200/6784/b8996uu/RDK/Tests/L1Tests/tests/test_TraceControlJsonRpc.cpp
2025-10-21 14:33:01,524 - Knowledge - INFO - Fast-tracked /app/data/kaviademo4200/6784/b8996uu/RDK/Tests/mocks/thunder/Module.cpp (ext=.cpp, size=62)
2025-10-21 14:33:01,618 - Knowledge - INFO - process ingested knowledge for /app/data/kaviademo4200/6784/b8996uu/RDK/AVInput/README.md
2025-10-21 14:33:01,723 - Knowledge - INFO - process ingested knowledge for /app/data/kaviademo4200/6784/b8996uu/RDK/MediaEngineRMF/Module.cpp
2025-10-21 14:33:01,792 - Knowledge - INFO - Worker kw1 processing /app/data/kaviademo4200/6784/b8996uu/RDK/UnifiedCASManagement/LibMediaPlayerImpl.cpp
2025-10-21 14:33:01,913 - Knowledge - INFO - Fast-tracked /app/data/kaviademo4200/6784/b8996uu/RDK/DeviceInfo/Module.h (ext=.h, size=1115)
2025-10-21 14:33:02,007 - Knowledge - INFO - Worker kw3 processing /app/data/kaviademo4200/6784/b8996uu/RDK/HdmiInput/Module.h
2025-10-21 14:33:02,115 - Knowledge - INFO - Worker kw4 processing /app/data/kaviademo4200/6784/b8996uu/RDK/WebKitBrowser/Extension/SecurityAgent.cpp
2025-10-21 14:33:02,229 - Knowledge - INFO - Worker kw5 processing /app/data/kaviademo4200/6784/b8996uu/RDK/Bluetooth/cmake/FindBTMGR.cmake
2025-10-21 14:33:02,318 - Knowledge - INFO - Worker kw15 processing /app/data/kaviademo4200/6784/b8996uu/RDK/Tests/mocks/DRMScreenCaptureMock.h
2025-10-21 14:33:02,407 - Knowledge - INFO - Worker kw6 processing /app/data/kaviademo4200/6784/b8996uu/RDK/HdmiCecSource/Module.h
2025-10-21 14:33:02,491 - Knowledge - INFO - Worker kw7 processing /app/data/kaviademo4200/6784/b8996uu/RDK/cmake/FindPlabels.cmake
2025-10-21 14:33:02,589 - Knowledge - INFO - Worker kw8 processing /app/data/kaviademo4200/6784/b8996uu/RDK/FrontPanel/FrontPanel.cpp
2025-10-21 14:33:02,682 - Knowledge - INFO - Fast-tracked /app/data/kaviademo4200/6784/b8996uu/RDK/docs/developerguide/createprojectfolder.md (ext=.md, size=349)
2025-10-21 14:33:02,809 - Knowledge - ERROR - Timeout processing /app/data/kaviademo4200/6784/b8996uu/RDK/helpers/frontpanel.cpp after 90s
2025-10-21 14:33:02,896 - Knowledge - INFO - Worker kw10 processing /app/data/kaviademo4200/6784/b8996uu/RDK/docs/api/OpenCDMiPlugin.md
2025-10-21 14:33:03,006 - Knowledge - INFO - Fast-tracked /app/data/kaviademo4200/6784/b8996uu/RDK/CompositeInput/CompositeInputPlugin.json (ext=.json, size=494)
2025-10-21 14:33:03,096 - Knowledge - INFO - Fast-tracked /app/data/kaviademo4200/6784/b8996uu/RDK/Tests/L1Tests/tests/test_TraceControlJsonRpc.cpp (ext=.cpp, size=6810)
2025-10-21 14:33:03,182 - Knowledge - INFO - Worker kw14 processing /app/data/kaviademo4200/6784/b8996uu/RDK/Tests/mocks/thunder/DispatcherMock.h
2025-10-21 14:33:03,274 - Knowledge - INFO - process ingested knowledge for /app/data/kaviademo4200/6784/b8996uu/RDK/AVInput/Module.cpp
2025-10-21 14:33:03,361 - Knowledge - INFO - process ingested knowledge for /app/data/kaviademo4200/6784/b8996uu/RDK/MediaEngineRMF/CHANGELOG.md
2025-10-21 14:33:03,477 - Knowledge - INFO - Worker kw1 processing /app/data/kaviademo4200/6784/b8996uu/RDK/UnifiedCASManagement/UnifiedCASManagementPlugin.json
2025-10-21 14:33:03,516 - Knowledge - ERROR - Timeout processing /app/data/kaviademo4200/6784/b8996uu/RDK/ResourceManager/ResourceManager.cpp after 90s
2025-10-21 14:33:03,551 - Knowledge - INFO - Worker kw2 processing /app/data/kaviademo4200/6784/b8996uu/RDK/DeviceInfo/DeviceInfoJsonRpc.cpp
2025-10-21 14:33:03,675 - Knowledge - INFO - Fast-tracked /app/data/kaviademo4200/6784/b8996uu/RDK/HdmiInput/Module.h (ext=.h, size=873)
2025-10-21 14:33:03,797 - Knowledge - INFO - Worker kw4 processing /app/data/kaviademo4200/6784/b8996uu/RDK/WebKitBrowser/Extension/NotifyWPEFramework.cpp
2025-10-21 14:33:03,912 - Knowledge - INFO - Fast-tracked /app/data/kaviademo4200/6784/b8996uu/RDK/Bluetooth/cmake/FindBTMGR.cmake (ext=.cmake, size=1591)
2025-10-21 14:33:04,031 - Knowledge - INFO - Fast-tracked /app/data/kaviademo4200/6784/b8996uu/RDK/Tests/mocks/DRMScreenCaptureMock.h (ext=.h, size=523)
2025-10-21 14:33:04,119 - Knowledge - INFO - Fast-tracked /app/data/kaviademo4200/6784/b8996uu/RDK/HdmiCecSource/Module.h (ext=.h, size=877)
2025-10-21 14:33:04,239 - Knowledge - INFO - Fast-tracked /app/data/kaviademo4200/6784/b8996uu/RDK/cmake/FindPlabels.cmake (ext=.cmake, size=348)
2025-10-21 14:33:04,344 - Knowledge - INFO - Worker kw8 processing /app/data/kaviademo4200/6784/b8996uu/RDK/FrontPanel/CMakeLists.txt
2025-10-21 14:33:04,462 - Knowledge - INFO - Worker kw9 processing /app/data/kaviademo4200/6784/b8996uu/RDK/docs/developerguide/ControllerUI.md
2025-10-21 14:33:04,543 - Knowledge - ERROR - Timeout processing /app/data/kaviademo4200/6784/b8996uu/RDK/helpers/cSettings.h after 90s
2025-10-21 14:33:04,628 - Knowledge - INFO - Fast-tracked /app/data/kaviademo4200/6784/b8996uu/RDK/docs/api/OpenCDMiPlugin.md (ext=.md, size=4090)
2025-10-21 14:33:04,706 - Knowledge - INFO - Worker kw11 processing /app/data/kaviademo4200/6784/b8996uu/RDK/CompositeInput/CMakeLists.txt
2025-10-21 14:33:04,793 - Knowledge - INFO - Worker kw13 processing /app/data/kaviademo4200/6784/b8996uu/RDK/Tests/clang.cmake
2025-10-21 14:33:04,876 - Knowledge - INFO - Fast-tracked /app/data/kaviademo4200/6784/b8996uu/RDK/Tests/mocks/thunder/DispatcherMock.h (ext=.h, size=1493)
2025-10-21 14:33:05,000 - Knowledge - INFO - process ingested knowledge for /app/data/kaviademo4200/6784/b8996uu/RDK/AVInput/CHANGELOG.md
2025-10-21 14:33:05,100 - Knowledge - INFO - process ingested knowledge for /app/data/kaviademo4200/6784/b8996uu/RDK/WebBridge/Module.h
2025-10-21 14:33:05,196 - Knowledge - INFO - Fast-tracked /app/data/kaviademo4200/6784/b8996uu/RDK/UnifiedCASManagement/UnifiedCASManagementPlugin.json (ext=.json, size=399)
2025-10-21 14:33:05,294 - Knowledge - ERROR - Timeout processing /app/data/kaviademo4200/6784/b8996uu/RDK/ResourceManager/ResourceManager.h after 90s
2025-10-21 14:33:05,374 - Knowledge - INFO - Worker kw2 processing /app/data/kaviademo4200/6784/b8996uu/RDK/DeviceInfo/DeviceInfo.h
2025-10-21 14:33:05,455 - Knowledge - INFO - Worker kw3 processing /app/data/kaviademo4200/6784/b8996uu/RDK/HdmiInput/HdmiInput.json
2025-10-21 14:33:05,533 - Knowledge - INFO - Fast-tracked /app/data/kaviademo4200/6784/b8996uu/RDK/WebKitBrowser/Extension/NotifyWPEFramework.cpp (ext=.cpp, size=1649)
2025-10-21 14:33:05,619 - Knowledge - INFO - Worker kw5 processing /app/data/kaviademo4200/6784/b8996uu/RDK/Bluetooth/BluetoothPlugin.json
2025-10-21 14:33:05,698 - Knowledge - INFO - Worker kw15 processing /app/data/kaviademo4200/6784/b8996uu/RDK/Tests/mocks/RdkLoggerMilestone.h
2025-10-21 14:33:05,821 - Knowledge - INFO - Worker kw6 processing /app/data/kaviademo4200/6784/b8996uu/RDK/HdmiCecSource/HDMICecSource.json
2025-10-21 14:33:05,908 - Knowledge - INFO - Worker kw7 processing /app/data/kaviademo4200/6784/b8996uu/RDK/cmake/FindIARMBus.cmake
2025-10-21 14:33:06,009 - Knowledge - INFO - Fast-tracked /app/data/kaviademo4200/6784/b8996uu/RDK/FrontPanel/CMakeLists.txt (ext=.txt, size=2299)
2025-10-21 14:33:06,115 - Knowledge - INFO - Fast-tracked /app/data/kaviademo4200/6784/b8996uu/RDK/docs/developerguide/ControllerUI.md (ext=.md, size=404)
2025-10-21 14:33:06,194 - Knowledge - ERROR - Timeout processing /app/data/kaviademo4200/6784/b8996uu/RDK/helpers/UtilsJsonRpc.h after 90s
2025-10-21 14:33:06,277 - Knowledge - INFO - Worker kw10 processing /app/data/kaviademo4200/6784/b8996uu/RDK/docs/api/WifiPlugin.md
2025-10-21 14:33:06,404 - Knowledge - INFO - Fast-tracked /app/data/kaviademo4200/6784/b8996uu/RDK/CompositeInput/CMakeLists.txt (ext=.txt, size=1994)
2025-10-21 14:33:06,495 - Knowledge - INFO - Fast-tracked /app/data/kaviademo4200/6784/b8996uu/RDK/Tests/clang.cmake (ext=.cmake, size=636)
2025-10-21 14:33:06,604 - Knowledge - INFO - Worker kw14 processing /app/data/kaviademo4200/6784/b8996uu/RDK/Tests/mocks/rdkshell.cpp
2025-10-21 14:33:06,692 - Knowledge - INFO - process ingested knowledge for /app/data/kaviademo4200/6784/b8996uu/RDK/AVInput/AVInput.json
2025-10-21 14:33:06,785 - Knowledge - INFO - process ingested knowledge for /app/data/kaviademo4200/6784/b8996uu/RDK/WebBridge/CMakeLists.txt
2025-10-21 14:33:06,883 - Knowledge - INFO - Worker kw1 processing /app/data/kaviademo4200/6784/b8996uu/RDK/Monitor/Monitor.json
2025-10-21 14:33:06,969 - Knowledge - ERROR - Timeout processing /app/data/kaviademo4200/6784/b8996uu/RDK/LinearPlaybackControl/LinearPlaybackControl.cpp after 90s
2025-10-21 14:33:07,076 - Knowledge - INFO - Worker kw2 processing /app/data/kaviademo4200/6784/b8996uu/RDK/DeviceInfo/Implementation/FirmwareVersion.cpp
2025-10-21 14:33:07,178 - Knowledge - INFO - Fast-tracked /app/data/kaviademo4200/6784/b8996uu/RDK/HdmiInput/HdmiInput.json (ext=.json, size=25856)
2025-10-21 14:33:07,266 - Knowledge - INFO - Worker kw4 processing /app/data/kaviademo4200/6784/b8996uu/RDK/WebKitBrowser/Extension/Module.h
2025-10-21 14:33:07,365 - Knowledge - INFO - Fast-tracked /app/data/kaviademo4200/6784/b8996uu/RDK/Bluetooth/BluetoothPlugin.json (ext=.json, size=492)
2025-10-21 14:33:07,449 - Knowledge - INFO - Fast-tracked /app/data/kaviademo4200/6784/b8996uu/RDK/Tests/mocks/RdkLoggerMilestone.h (ext=.h, size=568)
2025-10-21 14:33:07,518 - Knowledge - INFO - Fast-tracked /app/data/kaviademo4200/6784/b8996uu/RDK/HdmiCecSource/HDMICecSource.json (ext=.json, size=14944)
2025-10-21 14:33:07,608 - Knowledge - INFO - Fast-tracked /app/data/kaviademo4200/6784/b8996uu/RDK/cmake/FindIARMBus.cmake (ext=.cmake, size=1860)
2025-10-21 14:33:07,712 - Knowledge - INFO - Worker kw8 processing /app/data/kaviademo4200/6784/b8996uu/RDK/FrontPanel/FrontPanel.json
2025-10-21 14:33:07,827 - Knowledge - INFO - Worker kw9 processing /app/data/kaviademo4200/6784/b8996uu/RDK/docs/developerguide/PluginmetadataJSONfile.md
2025-10-21 14:33:07,935 - Knowledge - ERROR - Timeout processing /app/data/kaviademo4200/6784/b8996uu/RDK/helpers/UtilsSynchroIarm.hpp after 90s
2025-10-21 14:33:08,043 - Knowledge - INFO - Fast-tracked /app/data/kaviademo4200/6784/b8996uu/RDK/docs/api/WifiPlugin.md (ext=.md, size=28580)
2025-10-21 14:33:08,118 - Knowledge - INFO - Worker kw11 processing /app/data/kaviademo4200/6784/b8996uu/RDK/CompositeInput/cmake/FindIARMBus.cmake
2025-10-21 14:33:08,291 - Knowledge - INFO - Fast-tracked /app/data/kaviademo4200/6784/b8996uu/RDK/Tests/mocks/rdkshell.cpp (ext=.cpp, size=19718)
2025-10-21 14:33:08,381 - Knowledge - INFO - process ingested knowledge for /app/data/kaviademo4200/6784/b8996uu/RDK/DisplaySettings/DisplaySettings.cpp
2025-10-21 14:33:08,458 - Knowledge - INFO - process ingested knowledge for /app/data/kaviademo4200/6784/b8996uu/RDK/WebBridge/js/calc_server.html
2025-10-21 14:33:08,490 - Knowledge - INFO - Processing batch of 50 files
2025-10-21 14:33:08,557 - Knowledge - INFO - Fast-tracked /app/data/kaviademo4200/6784/b8996uu/RDK/Monitor/Monitor.json (ext=.json, size=8120)
2025-10-21 14:33:08,659 - Knowledge - ERROR - Timeout processing /app/data/kaviademo4200/6784/b8996uu/RDK/LinearPlaybackControl/DemuxerStreamFsFCC.cpp after 90s
2025-10-21 14:33:08,748 - Knowledge - INFO - Fast-tracked /app/data/kaviademo4200/6784/b8996uu/RDK/DeviceInfo/Implementation/FirmwareVersion.cpp (ext=.cpp, size=1501)
2025-10-21 14:33:08,844 - Knowledge - INFO - Worker kw3 processing /app/data/kaviademo4200/6784/b8996uu/RDK/HdmiInput/CMakeLists.txt
2025-10-21 14:33:08,955 - Knowledge - INFO - Fast-tracked /app/data/kaviademo4200/6784/b8996uu/RDK/WebKitBrowser/Extension/Module.h (ext=.h, size=989)
2025-10-21 14:33:09,028 - Knowledge - INFO - Worker kw5 processing /app/data/kaviademo4200/6784/b8996uu/RDK/Bluetooth/README.md
2025-10-21 14:33:09,165 - Knowledge - INFO - Worker kw15 processing /app/data/kaviademo4200/6784/b8996uu/RDK/Tests/mocks/Iarm.h
2025-10-21 14:33:09,274 - Knowledge - INFO - Worker kw6 processing /app/data/kaviademo4200/6784/b8996uu/RDK/HdmiCecSource/CMakeLists.txt
2025-10-21 14:33:09,365 - Knowledge - INFO - Worker kw7 processing /app/data/kaviademo4200/6784/b8996uu/RDK/cmake/FindNEXUS.cmake
2025-10-21 14:33:09,453 - Knowledge - INFO - Fast-tracked /app/data/kaviademo4200/6784/b8996uu/RDK/FrontPanel/FrontPanel.json (ext=.json, size=18094)
2025-10-21 14:33:09,571 - Knowledge - INFO - Fast-tracked /app/data/kaviademo4200/6784/b8996uu/RDK/docs/developerguide/PluginmetadataJSONfile.md (ext=.md, size=720)
2025-10-21 14:33:09,656 - Knowledge - ERROR - Timeout processing /app/data/kaviademo4200/6784/b8996uu/RDK/helpers/UtilsString.h after 90s
2025-10-21 14:33:09,766 - Knowledge - INFO - Worker kw10 processing /app/data/kaviademo4200/6784/b8996uu/RDK/docs/api/ActivityMonitorPlugin.md
2025-10-21 14:33:09,876 - Knowledge - INFO - Fast-tracked /app/data/kaviademo4200/6784/b8996uu/RDK/CompositeInput/cmake/FindIARMBus.cmake (ext=.cmake, size=1747)
2025-10-21 14:33:10,047 - Knowledge - INFO - process ingested knowledge for /app/data/kaviademo4200/6784/b8996uu/RDK/DisplaySettings/Module.h
2025-10-21 14:33:10,140 - Knowledge - INFO - process ingested knowledge for /app/data/kaviademo4200/6784/b8996uu/RDK/WebBridge/js/WebBridgeClient.js
2025-10-21 14:33:10,187 - Knowledge - INFO - Processing batch of 50 files
2025-10-21 14:33:10,258 - Knowledge - INFO - process ingested knowledge for /app/data/kaviademo4200/6784/b8996uu/RDK/Tests/L1Tests/README.md
2025-10-21 14:33:10,372 - Knowledge - INFO - Worker kw1 processing /app/data/kaviademo4200/6784/b8996uu/RDK/Monitor/MonitorJsonRpc.cpp
2025-10-21 14:33:10,453 - Knowledge - ERROR - Timeout processing /app/data/kaviademo4200/6784/b8996uu/RDK/LinearPlaybackControl/FileSelectListener.h after 90s
2025-10-21 14:33:10,532 - Knowledge - INFO - Worker kw2 processing /app/data/kaviademo4200/6784/b8996uu/RDK/DeviceInfo/Implementation/DeviceVideoCapabilities.cpp
2025-10-21 14:33:10,634 - Knowledge - INFO - Fast-tracked /app/data/kaviademo4200/6784/b8996uu/RDK/HdmiInput/CMakeLists.txt (ext=.txt, size=2193)
2025-10-21 14:33:10,725 - Knowledge - INFO - Worker kw4 processing /app/data/kaviademo4200/6784/b8996uu/RDK/WebKitBrowser/Extension/ProcessInfo.cpp
2025-10-21 14:33:10,817 - Knowledge - INFO - Fast-tracked /app/data/kaviademo4200/6784/b8996uu/RDK/Bluetooth/README.md (ext=.md, size=8245)
2025-10-21 14:33:10,905 - Knowledge - INFO - Fast-tracked /app/data/kaviademo4200/6784/b8996uu/RDK/Tests/mocks/Iarm.h (ext=.h, size=41195)
2025-10-21 14:33:10,979 - Knowledge - INFO - Fast-tracked /app/data/kaviademo4200/6784/b8996uu/RDK/HdmiCecSource/CMakeLists.txt (ext=.txt, size=1855)
2025-10-21 14:33:11,056 - Knowledge - INFO - Worker kw7 processing /app/data/kaviademo4200/6784/b8996uu/RDK/cmake/FindTTS.cmake
2025-10-21 14:33:11,138 - Knowledge - INFO - Worker kw8 processing /app/data/kaviademo4200/6784/b8996uu/RDK/FrontPanel/Module.cpp
2025-10-21 14:33:11,214 - Knowledge - INFO - Worker kw9 processing /app/data/kaviademo4200/6784/b8996uu/RDK/docs/developerguide/Compile&Installfile.md
2025-10-21 14:33:11,302 - Knowledge - ERROR - Timeout processing /app/data/kaviademo4200/6784/b8996uu/RDK/helpers/UtilsInputValidator.h after 90s
2025-10-21 14:33:11,377 - Knowledge - INFO - Fast-tracked /app/data/kaviademo4200/6784/b8996uu/RDK/docs/api/ActivityMonitorPlugin.md (ext=.md, size=10254)
2025-10-21 14:33:11,466 - Knowledge - INFO - Worker kw11 processing /app/data/kaviademo4200/6784/b8996uu/RDK/CompositeInput/cmake/FindDS.cmake
2025-10-21 14:33:11,589 - Knowledge - INFO - process ingested knowledge for /app/data/kaviademo4200/6784/b8996uu/RDK/DisplaySettings/CMakeLists.txt
2025-10-21 14:33:11,661 - Knowledge - INFO - process ingested knowledge for /app/data/kaviademo4200/6784/b8996uu/RDK/WebBridge/js/WebBridgeServer.js
2025-10-21 14:33:11,758 - Knowledge - INFO - process ingested knowledge for /app/data/kaviademo4200/6784/b8996uu/RDK/Tests/gcc-with-coverage.cmake
2025-10-21 14:33:11,852 - Knowledge - INFO - process ingested knowledge for /app/data/kaviademo4200/6784/b8996uu/RDK/Tests/L1Tests/tests/test_HdcpProfile.cpp
2025-10-21 14:33:11,933 - Knowledge - INFO - Worker kw1 processing /app/data/kaviademo4200/6784/b8996uu/RDK/Monitor/Module.h
2025-10-21 14:33:12,026 - Knowledge - ERROR - Timeout processing /app/data/kaviademo4200/6784/b8996uu/RDK/LinearPlaybackControl/DemuxerStreamFsFCC.h after 90s
2025-10-21 14:33:12,149 - Knowledge - INFO - Worker kw2 processing /app/data/kaviademo4200/6784/b8996uu/RDK/DeviceInfo/Implementation/DeviceInfo.h
2025-10-21 14:33:12,241 - Knowledge - INFO - Worker kw3 processing /app/data/kaviademo4200/6784/b8996uu/RDK/HdmiInput/cmake/FindIARMBus.cmake
2025-10-21 14:33:12,357 - Knowledge - INFO - Fast-tracked /app/data/kaviademo4200/6784/b8996uu/RDK/WebKitBrowser/Extension/ProcessInfo.cpp (ext=.cpp, size=1499)
2025-10-21 14:33:12,484 - Knowledge - INFO - Worker kw5 processing /app/data/kaviademo4200/6784/b8996uu/RDK/Bluetooth/Bluetooth.cpp
2025-10-21 14:33:12,692 - Knowledge - INFO - Worker kw6 processing /app/data/kaviademo4200/6784/b8996uu/RDK/HdmiCecSource/HdmiCecSourcePlugin.json
2025-10-21 14:33:12,792 - Knowledge - INFO - Fast-tracked /app/data/kaviademo4200/6784/b8996uu/RDK/cmake/FindTTS.cmake (ext=.cmake, size=1379)
2025-10-21 14:33:12,860 - Knowledge - INFO - Processing batch of 50 files
2025-10-21 14:33:12,913 - Knowledge - INFO - Fast-tracked /app/data/kaviademo4200/6784/b8996uu/RDK/FrontPanel/Module.cpp (ext=.cpp, size=765)
2025-10-21 14:33:13,023 - Knowledge - INFO - Fast-tracked /app/data/kaviademo4200/6784/b8996uu/RDK/docs/developerguide/Compile&Installfile.md (ext=.md, size=2188)
2025-10-21 14:33:13,141 - Knowledge - ERROR - Timeout processing /app/data/kaviademo4200/6784/b8996uu/RDK/helpers/UtilsSynchro.hpp after 90s
2025-10-21 14:33:13,240 - Knowledge - INFO - Worker kw10 processing /app/data/kaviademo4200/6784/b8996uu/RDK/docs/api/MotionDetectionPlugin.md
2025-10-21 14:33:13,339 - Knowledge - INFO - Worker kw11 processing /app/data/kaviademo4200/6784/b8996uu/RDK/CompositeInput/CompositeInput.h
2025-10-21 14:33:13,442 - Knowledge - INFO - process ingested knowledge for /app/data/kaviademo4200/6784/b8996uu/RDK/DisplaySettings/DisplaySettingsPlugin.json
2025-10-21 14:33:13,533 - Knowledge - INFO - process ingested knowledge for /app/data/kaviademo4200/6784/b8996uu/RDK/WebBridge/Module.cpp
2025-10-21 14:33:13,653 - Knowledge - INFO - process ingested knowledge for /app/data/kaviademo4200/6784/b8996uu/RDK/Tests/L2Tests/L2TestsPlugin/L2TestsPlugin.json
2025-10-21 14:33:13,764 - Knowledge - INFO - process ingested knowledge for /app/data/kaviademo4200/6784/b8996uu/RDK/Tests/L1Tests/tests/test_TextToSpeech.cpp
2025-10-21 14:33:13,851 - Knowledge - INFO - Fast-tracked /app/data/kaviademo4200/6784/b8996uu/RDK/Monitor/Module.h (ext=.h, size=951)
2025-10-21 14:33:13,947 - Knowledge - ERROR - Timeout processing /app/data/kaviademo4200/6784/b8996uu/RDK/LinearPlaybackControl/LinearPlaybackControl.h after 90s
2025-10-21 14:33:14,032 - Knowledge - INFO - Fast-tracked /app/data/kaviademo4200/6784/b8996uu/RDK/DeviceInfo/Implementation/DeviceInfo.h (ext=.h, size=1102)
2025-10-21 14:33:14,144 - Knowledge - INFO - Fast-tracked /app/data/kaviademo4200/6784/b8996uu/RDK/HdmiInput/cmake/FindIARMBus.cmake (ext=.cmake, size=1747)
2025-10-21 14:33:14,232 - Knowledge - INFO - Worker kw4 processing /app/data/kaviademo4200/6784/b8996uu/RDK/WebKitBrowser/Extension/BridgeObject.h
2025-10-21 14:33:14,318 - Knowledge - INFO - Worker kw5 processing /app/data/kaviademo4200/6784/b8996uu/RDK/Bluetooth/Module.cpp
2025-10-21 14:33:14,433 - Knowledge - INFO - Fast-tracked /app/data/kaviademo4200/6784/b8996uu/RDK/HdmiCecSource/HdmiCecSourcePlugin.json (ext=.json, size=741)
2025-10-21 14:33:14,510 - Knowledge - INFO - Worker kw7 processing /app/data/kaviademo4200/6784/b8996uu/RDK/cmake/FindCEC.cmake
2025-10-21 14:33:14,592 - Knowledge - INFO - process ingested knowledge for /app/data/kaviademo4200/6784/b8996uu/RDK/Tests/mocks/Dobby.h
2025-10-21 14:33:14,673 - Knowledge - INFO - Worker kw8 processing /app/data/kaviademo4200/6784/b8996uu/RDK/FrontPanel/CHANGELOG.md
2025-10-21 14:33:14,773 - Knowledge - INFO - Worker kw9 processing /app/data/kaviademo4200/6784/b8996uu/RDK/docs/developerguide/FooPlugin/FooPlugin.cpp
2025-10-21 14:33:14,854 - Knowledge - ERROR - Timeout processing /app/data/kaviademo4200/6784/b8996uu/RDK/helpers/UtilsController.h after 90s
2025-10-21 14:33:14,945 - Knowledge - INFO - Fast-tracked /app/data/kaviademo4200/6784/b8996uu/RDK/docs/api/MotionDetectionPlugin.md (ext=.md, size=19747)
2025-10-21 14:33:15,030 - Knowledge - INFO - Worker kw11 processing /app/data/kaviademo4200/6784/b8996uu/RDK/CompositeInput/README.md
2025-10-21 14:33:15,124 - Knowledge - INFO - process ingested knowledge for /app/data/kaviademo4200/6784/b8996uu/RDK/DisplaySettings/cmake/FindIARMBus.cmake
2025-10-21 14:33:15,223 - Knowledge - INFO - process ingested knowledge for /app/data/kaviademo4200/6784/b8996uu/RDK/WebBridge/CHANGELOG.md
2025-10-21 14:33:15,294 - Knowledge - INFO - process ingested knowledge for /app/data/kaviademo4200/6784/b8996uu/RDK/Tests/L2Tests/L2TestsPlugin/Module.h
2025-10-21 14:33:15,374 - Knowledge - INFO - process ingested knowledge for /app/data/kaviademo4200/6784/b8996uu/RDK/Tests/L1Tests/tests/test_DeviceDiagnostics.cpp
2025-10-21 14:33:15,479 - Knowledge - INFO - Worker kw1 processing /app/data/kaviademo4200/6784/b8996uu/RDK/Monitor/doc/MonitorPlugin.md
2025-10-21 14:33:15,574 - Knowledge - ERROR - Timeout processing /app/data/kaviademo4200/6784/b8996uu/RDK/LinearPlaybackControl/LinearPlaybackControlJsonRpc.cpp after 90s
2025-10-21 14:33:15,673 - Knowledge - INFO - Worker kw2 processing /app/data/kaviademo4200/6784/b8996uu/RDK/DeviceInfo/Implementation/DeviceAudioCapabilities.h
2025-10-21 14:33:15,770 - Knowledge - INFO - Worker kw3 processing /app/data/kaviademo4200/6784/b8996uu/RDK/HdmiInput/cmake/FindDS.cmake
2025-10-21 14:33:15,858 - Knowledge - INFO - Fast-tracked /app/data/kaviademo4200/6784/b8996uu/RDK/WebKitBrowser/Extension/BridgeObject.h (ext=.h, size=1041)
2025-10-21 14:33:15,958 - Knowledge - INFO - Fast-tracked /app/data/kaviademo4200/6784/b8996uu/RDK/Bluetooth/Module.cpp (ext=.cpp, size=765)
2025-10-21 14:33:16,061 - Knowledge - INFO - Worker kw6 processing /app/data/kaviademo4200/6784/b8996uu/RDK/HdmiCecSource/README.md
2025-10-21 14:33:16,173 - Knowledge - INFO - Worker kw7 processing /app/data/kaviademo4200/6784/b8996uu/RDK/cmake/FindDS.cmake
2025-10-21 14:33:16,264 - Knowledge - INFO - process ingested knowledge for /app/data/kaviademo4200/6784/b8996uu/RDK/Tests/mocks/MotionDetection.cpp
2025-10-21 14:33:16,344 - Knowledge - INFO - Fast-tracked /app/data/kaviademo4200/6784/b8996uu/RDK/FrontPanel/CHANGELOG.md (ext=.md, size=1928)
2025-10-21 14:33:16,435 - Knowledge - INFO - Worker kw9 processing /app/data/kaviademo4200/6784/b8996uu/RDK/docs/developerguide/FooPlugin/Module.h
2025-10-21 14:33:16,534 - Knowledge - ERROR - Timeout processing /app/data/kaviademo4200/6784/b8996uu/RDK/helpers/tptimer.h after 90s
2025-10-21 14:33:16,638 - Knowledge - INFO - Worker kw10 processing /app/data/kaviademo4200/6784/b8996uu/RDK/docs/api/SystemPlugin.md
2025-10-21 14:33:16,716 - Knowledge - INFO - Fast-tracked /app/data/kaviademo4200/6784/b8996uu/RDK/CompositeInput/README.md (ext=.md, size=247)
2025-10-21 14:33:16,842 - Knowledge - INFO - process ingested knowledge for /app/data/kaviademo4200/6784/b8996uu/RDK/DisplaySettings/cmake/FindDS.cmake
2025-10-21 14:33:16,938 - Knowledge - INFO - process ingested knowledge for /app/data/kaviademo4200/6784/b8996uu/RDK/MigrationPreparer/Module.h
2025-10-21 14:33:17,043 - Knowledge - INFO - process ingested knowledge for /app/data/kaviademo4200/6784/b8996uu/RDK/Tests/L2Tests/L2TestsPlugin/L2TestsMock.cpp
2025-10-21 14:33:17,146 - Knowledge - INFO - process ingested knowledge for /app/data/kaviademo4200/6784/b8996uu/RDK/Tests/L1Tests/tests/test_SystemAudioPlayer.cpp
2025-10-21 14:33:17,272 - Knowledge - INFO - Fast-tracked /app/data/kaviademo4200/6784/b8996uu/RDK/Monitor/doc/MonitorPlugin.md (ext=.md, size=373)
2025-10-21 14:33:17,353 - Knowledge - ERROR - Timeout processing /app/data/kaviademo4200/6784/b8996uu/RDK/Warehouse/Warehouse.cpp after 90s
2025-10-21 14:33:17,475 - Knowledge - INFO - Fast-tracked /app/data/kaviademo4200/6784/b8996uu/RDK/DeviceInfo/Implementation/DeviceAudioCapabilities.h (ext=.h, size=1268)
2025-10-21 14:33:17,553 - Knowledge - INFO - Worker kw3 processing /app/data/kaviademo4200/6784/b8996uu/RDK/HdmiInput/HdmiInputPlugin.json
2025-10-21 14:33:17,633 - Knowledge - INFO - Worker kw4 processing /app/data/kaviademo4200/6784/b8996uu/RDK/WebKitBrowser/Extension/WhiteListedOriginDomainsList.cpp
2025-10-21 14:33:17,743 - Knowledge - INFO - Worker kw5 processing /app/data/kaviademo4200/6784/b8996uu/RDK/Bluetooth/CHANGELOG.md
2025-10-21 14:33:18,025 - Knowledge - INFO - Fast-tracked /app/data/kaviademo4200/6784/b8996uu/RDK/HdmiCecSource/README.md (ext=.md, size=254)
2025-10-21 14:33:18,127 - Knowledge - INFO - Fast-tracked /app/data/kaviademo4200/6784/b8996uu/RDK/cmake/FindDS.cmake (ext=.cmake, size=1836)
2025-10-21 14:33:18,247 - Knowledge - INFO - process ingested knowledge for /app/data/kaviademo4200/6784/b8996uu/RDK/Tests/mocks/HdmiCec.cpp
2025-10-21 14:33:18,331 - Knowledge - INFO - Worker kw8 processing /app/data/kaviademo4200/6784/b8996uu/RDK/FrontPanel/FrontPanel.h
2025-10-21 14:33:18,413 - Knowledge - INFO - Fast-tracked /app/data/kaviademo4200/6784/b8996uu/RDK/docs/developerguide/FooPlugin/Module.h (ext=.h, size=873)
2025-10-21 14:33:18,513 - Knowledge - ERROR - Timeout processing /app/data/kaviademo4200/6784/b8996uu/RDK/helpers/frontpanel.h after 90s
2025-10-21 14:33:18,612 - Knowledge - INFO - Fast-tracked /app/data/kaviademo4200/6784/b8996uu/RDK/docs/api/SystemPlugin.md (ext=.md, size=94742)
2025-10-21 14:33:18,707 - Knowledge - INFO - Worker kw11 processing /app/data/kaviademo4200/6784/b8996uu/RDK/CompositeInput/CompositeInput.json
2025-10-21 14:33:18,819 - Knowledge - INFO - process ingested knowledge for /app/data/kaviademo4200/6784/b8996uu/RDK/DisplaySettings/DisplaySettings.h
2025-10-21 14:33:18,891 - Knowledge - INFO - process ingested knowledge for /app/data/kaviademo4200/6784/b8996uu/RDK/MigrationPreparer/MigrationPreparerPlugin.json
2025-10-21 14:33:19,006 - Knowledge - INFO - process ingested knowledge for /app/data/kaviademo4200/6784/b8996uu/RDK/Tests/L2Tests/L2TestsPlugin/L2Tests.cpp
2025-10-21 14:33:19,096 - Knowledge - INFO - process ingested knowledge for /app/data/kaviademo4200/6784/b8996uu/RDK/Tests/L1Tests/tests/test_ScreenCapture.cpp
2025-10-21 14:33:19,222 - Knowledge - INFO - Worker kw1 processing /app/data/kaviademo4200/6784/b8996uu/RDK/Monitor/Monitor.h
2025-10-21 14:33:19,336 - Knowledge - ERROR - Timeout processing /app/data/kaviademo4200/6784/b8996uu/RDK/Warehouse/Warehouse.h after 90s
2025-10-21 14:33:19,458 - Knowledge - INFO - Worker kw2 processing /app/data/kaviademo4200/6784/b8996uu/RDK/DeviceInfo/Implementation/FirmwareVersion.h
2025-10-21 14:33:19,541 - Knowledge - INFO - Fast-tracked /app/data/kaviademo4200/6784/b8996uu/RDK/HdmiInput/HdmiInputPlugin.json (ext=.json, size=461)
2025-10-21 14:33:19,638 - Knowledge - INFO - Worker kw4 processing /app/data/kaviademo4200/6784/b8996uu/RDK/WebKitBrowser/Extension/Milestone.h
2025-10-21 14:33:19,754 - Knowledge - INFO - Fast-tracked /app/data/kaviademo4200/6784/b8996uu/RDK/Bluetooth/CHANGELOG.md (ext=.md, size=2531)
2025-10-21 14:33:19,874 - Knowledge - INFO - Worker kw6 processing /app/data/kaviademo4200/6784/b8996uu/RDK/HdmiCecSource/Module.cpp
2025-10-21 14:33:19,984 - Knowledge - INFO - Worker kw7 processing /app/data/kaviademo4200/6784/b8996uu/RDK/cmake/FindAamp.cmake
2025-10-21 14:33:20,109 - Knowledge - INFO - process ingested knowledge for /app/data/kaviademo4200/6784/b8996uu/RDK/Tests/mocks/CMakeLists.txt
2025-10-21 14:33:20,204 - Knowledge - INFO - Worker kw8 processing /app/data/kaviademo4200/6784/b8996uu/RDK/PlayerInfo/PlayerInfoPlugin.json
2025-10-21 14:33:20,318 - Knowledge - INFO - Worker kw9 processing /app/data/kaviademo4200/6784/b8996uu/RDK/docs/developerguide/FooPlugin/FooPluginPlugin.json
2025-10-21 14:33:20,412 - Knowledge - ERROR - Timeout processing /app/data/kaviademo4200/6784/b8996uu/RDK/XCast/XCastManager.h after 90s
2025-10-21 14:33:20,534 - Knowledge - INFO - Worker kw10 processing /app/data/kaviademo4200/6784/b8996uu/RDK/docs/api/MiracastServicePlugin.md
2025-10-21 14:33:20,636 - Knowledge - INFO - Fast-tracked /app/data/kaviademo4200/6784/b8996uu/RDK/CompositeInput/CompositeInput.json (ext=.json, size=11545)
2025-10-21 14:33:20,748 - Knowledge - INFO - process ingested knowledge for /app/data/kaviademo4200/6784/b8996uu/RDK/DisplaySettings/README.md
2025-10-21 14:33:20,869 - Knowledge - INFO - process ingested knowledge for /app/data/kaviademo4200/6784/b8996uu/RDK/MigrationPreparer/CMakeLists.txt
2025-10-21 14:33:20,980 - Knowledge - INFO - process ingested knowledge for /app/data/kaviademo4200/6784/b8996uu/RDK/Tests/L2Tests/L2TestsPlugin/L2TestsAPI.md
2025-10-21 14:33:21,104 - Knowledge - INFO - process ingested knowledge for /app/data/kaviademo4200/6784/b8996uu/RDK/Tests/L1Tests/tests/test_DeviceAudioCapabilities.cpp
2025-10-21 14:33:21,192 - Knowledge - INFO - Worker kw1 processing /app/data/kaviademo4200/6784/b8996uu/RDK/Monitor/CMakeLists.txt
2025-10-21 14:33:21,406 - Knowledge - INFO - Fast-tracked /app/data/kaviademo4200/6784/b8996uu/RDK/DeviceInfo/Implementation/FirmwareVersion.h (ext=.h, size=792)
2025-10-21 14:33:21,512 - Knowledge - INFO - Worker kw3 processing /app/data/kaviademo4200/6784/b8996uu/RDK/HdmiInput/README.md
2025-10-21 14:33:21,602 - Knowledge - INFO - Fast-tracked /app/data/kaviademo4200/6784/b8996uu/RDK/WebKitBrowser/Extension/Milestone.h (ext=.h, size=956)
2025-10-21 14:33:21,676 - Knowledge - INFO - Worker kw5 processing /app/data/kaviademo4200/6784/b8996uu/RDK/LEDControl/Module.h
2025-10-21 14:33:21,779 - Knowledge - INFO - Fast-tracked /app/data/kaviademo4200/6784/b8996uu/RDK/HdmiCecSource/Module.cpp (ext=.cpp, size=765)
2025-10-21 14:33:21,888 - Knowledge - INFO - Worker kw7 processing /app/data/kaviademo4200/6784/b8996uu/RDK/cmake/FindSqliteSee.cmake
2025-10-21 14:33:21,994 - Knowledge - INFO - process ingested knowledge for /app/data/kaviademo4200/6784/b8996uu/RDK/Tests/mocks/WpaCtrl.cpp
2025-10-21 14:33:22,130 - Knowledge - INFO - Fast-tracked /app/data/kaviademo4200/6784/b8996uu/RDK/PlayerInfo/PlayerInfoPlugin.json (ext=.json, size=454)
2025-10-21 14:33:22,250 - Knowledge - INFO - Fast-tracked /app/data/kaviademo4200/6784/b8996uu/RDK/docs/developerguide/FooPlugin/FooPluginPlugin.json (ext=.json, size=467)
2025-10-21 14:33:22,454 - Knowledge - ERROR - Timeout processing /app/data/kaviademo4200/6784/b8996uu/RDK/XCast/XCast.cpp after 90s
2025-10-21 14:33:22,515 - Knowledge - INFO - Fast-tracked /app/data/kaviademo4200/6784/b8996uu/RDK/docs/api/MiracastServicePlugin.md (ext=.md, size=12335)
2025-10-21 14:33:22,606 - Knowledge - INFO - Worker kw11 processing /app/data/kaviademo4200/6784/b8996uu/RDK/CompositeInput/Module.cpp
2025-10-21 14:33:22,757 - Knowledge - INFO - process ingested knowledge for /app/data/kaviademo4200/6784/b8996uu/RDK/DisplaySettings/Module.cpp
2025-10-21 14:33:22,971 - Knowledge - INFO - process ingested knowledge for /app/data/kaviademo4200/6784/b8996uu/RDK/MigrationPreparer/README.md
2025-10-21 14:33:23,088 - Knowledge - INFO - process ingested knowledge for /app/data/kaviademo4200/6784/b8996uu/RDK/Tests/L2Tests/L2TestsPlugin/CMakeLists.txt
2025-10-21 14:33:23,266 - Knowledge - INFO - process ingested knowledge for /app/data/kaviademo4200/6784/b8996uu/RDK/Tests/L1Tests/tests/test_UsbAccess.cpp
2025-10-21 14:33:23,287 - Knowledge - INFO - Fast-tracked /app/data/kaviademo4200/6784/b8996uu/RDK/Monitor/CMakeLists.txt (ext=.txt, size=5128)
2025-10-21 14:33:23,408 - Knowledge - INFO - Worker kw2 processing /app/data/kaviademo4200/6784/b8996uu/RDK/DeviceInfo/Implementation/DeviceInfo.cpp
2025-10-21 14:33:23,581 - Knowledge - INFO - Fast-tracked /app/data/kaviademo4200/6784/b8996uu/RDK/HdmiInput/README.md (ext=.md, size=242)
2025-10-21 14:33:23,705 - Knowledge - INFO - Worker kw4 processing /app/data/kaviademo4200/6784/b8996uu/RDK/WebKitBrowser/Extension/RequestHeaders.cpp
2025-10-21 14:33:23,861 - Knowledge - INFO - Fast-tracked /app/data/kaviademo4200/6784/b8996uu/RDK/LEDControl/Module.h (ext=.h, size=874)
2025-10-21 14:33:23,977 - Knowledge - INFO - Worker kw6 processing /app/data/kaviademo4200/6784/b8996uu/RDK/HdmiCecSource/CHANGELOG.md
2025-10-21 14:33:24,080 - Knowledge - INFO - Fast-tracked /app/data/kaviademo4200/6784/b8996uu/RDK/cmake/FindSqliteSee.cmake (ext=.cmake, size=71)
2025-10-21 14:33:24,166 - Knowledge - INFO - process ingested knowledge for /app/data/kaviademo4200/6784/b8996uu/RDK/Tests/mocks/Wraps.cpp
2025-10-21 14:33:24,304 - Knowledge - INFO - Worker kw8 processing /app/data/kaviademo4200/6784/b8996uu/RDK/PlayerInfo/Module.h
2025-10-21 14:33:24,441 - Knowledge - INFO - Worker kw9 processing /app/data/kaviademo4200/6784/b8996uu/RDK/docs/developerguide/FooPlugin/CMakeLists.txt
2025-10-21 14:33:24,547 - Knowledge - ERROR - Timeout processing /app/data/kaviademo4200/6784/b8996uu/RDK/XCast/XCastImplementation.cpp after 90s
2025-10-21 14:33:24,665 - Knowledge - INFO - Worker kw10 processing /app/data/kaviademo4200/6784/b8996uu/RDK/docs/api/HdmiCecPlugin.md
2025-10-21 14:33:24,768 - Knowledge - INFO - Fast-tracked /app/data/kaviademo4200/6784/b8996uu/RDK/CompositeInput/Module.cpp (ext=.cpp, size=765)
2025-10-21 14:33:24,911 - Knowledge - INFO - process ingested knowledge for /app/data/kaviademo4200/6784/b8996uu/RDK/DisplaySettings/CHANGELOG.md
2025-10-21 14:33:25,050 - Knowledge - INFO - process ingested knowledge for /app/data/kaviademo4200/6784/b8996uu/RDK/MigrationPreparer/MigrationPreparer.json
2025-10-21 14:33:25,131 - Knowledge - INFO - process ingested knowledge for /app/data/kaviademo4200/6784/b8996uu/RDK/Tests/L2Tests/L2TestsPlugin/L2TestsMock.h
2025-10-21 14:33:25,240 - Knowledge - INFO - process ingested knowledge for /app/data/kaviademo4200/6784/b8996uu/RDK/Tests/L1Tests/tests/test_DeviceInfo.cpp
2025-10-21 14:33:25,304 - Knowledge - INFO - Worker kw1 processing /app/data/kaviademo4200/6784/b8996uu/RDK/Monitor/Monitor.cpp
2025-10-21 14:33:25,442 - Knowledge - INFO - Worker kw2 processing /app/data/kaviademo4200/6784/b8996uu/RDK/DeviceInfo/Implementation/DeviceAudioCapabilities.cpp
2025-10-21 14:33:25,571 - Knowledge - INFO - Worker kw3 processing /app/data/kaviademo4200/6784/b8996uu/RDK/HdmiInput/HdmiInput.cpp
2025-10-21 14:33:25,653 - Knowledge - INFO - Worker kw4 processing /app/data/kaviademo4200/6784/b8996uu/RDK/WebKitBrowser/Extension/main.cpp
2025-10-21 14:33:25,737 - Knowledge - INFO - Worker kw5 processing /app/data/kaviademo4200/6784/b8996uu/RDK/LEDControl/LEDControl.h
2025-10-21 14:33:25,858 - Knowledge - INFO - Fast-tracked /app/data/kaviademo4200/6784/b8996uu/RDK/HdmiCecSource/CHANGELOG.md (ext=.md, size=2320)
2025-10-21 14:33:25,946 - Knowledge - INFO - Worker kw7 processing /app/data/kaviademo4200/6784/b8996uu/RDK/cmake/FindBCM_HOST.cmake
2025-10-21 14:33:26,066 - Knowledge - INFO - process ingested knowledge for /app/data/kaviademo4200/6784/b8996uu/RDK/Tests/mocks/devicesettings/RtObjectBaseMock.h
2025-10-21 14:33:26,165 - Knowledge - INFO - Fast-tracked /app/data/kaviademo4200/6784/b8996uu/RDK/PlayerInfo/Module.h (ext=.h, size=862)
2025-10-21 14:33:26,316 - Knowledge - INFO - Fast-tracked /app/data/kaviademo4200/6784/b8996uu/RDK/docs/developerguide/FooPlugin/CMakeLists.txt (ext=.txt, size=1409)
2025-10-21 14:33:26,567 - Knowledge - INFO - Fast-tracked /app/data/kaviademo4200/6784/b8996uu/RDK/docs/api/HdmiCecPlugin.md (ext=.md, size=12796)
2025-10-21 14:33:26,678 - Knowledge - INFO - Worker kw11 processing /app/data/kaviademo4200/6784/b8996uu/RDK/CompositeInput/CHANGELOG.md
2025-10-21 14:33:26,764 - Knowledge - INFO - process ingested knowledge for /app/data/kaviademo4200/6784/b8996uu/RDK/DisplaySettings/DisplaySettings.json
2025-10-21 14:33:26,867 - Knowledge - INFO - process ingested knowledge for /app/data/kaviademo4200/6784/b8996uu/RDK/MigrationPreparer/Module.cpp
2025-10-21 14:33:26,956 - Knowledge - INFO - process ingested knowledge for /app/data/kaviademo4200/6784/b8996uu/RDK/Tests/L2Tests/L2TestsPlugin/L2Tests.json
2025-10-21 14:33:27,105 - Knowledge - INFO - process ingested knowledge for /app/data/kaviademo4200/6784/b8996uu/RDK/Tests/L1Tests/tests/test_HdmiInput.cpp
2025-10-21 14:33:27,182 - Knowledge - INFO - Worker kw1 processing /app/data/kaviademo4200/6784/b8996uu/RDK/Monitor/Module.cpp
2025-10-21 14:33:27,322 - Knowledge - INFO - Worker kw2 processing /app/data/kaviademo4200/6784/b8996uu/RDK/DeviceInfo/Implementation/DeviceVideoCapabilities.h
2025-10-21 14:33:27,445 - Knowledge - INFO - Worker kw3 processing /app/data/kaviademo4200/6784/b8996uu/RDK/HdmiInput/Module.cpp
2025-10-21 14:33:27,535 - Knowledge - INFO - Worker kw4 processing /app/data/kaviademo4200/6784/b8996uu/RDK/WebKitBrowser/Extension/CMakeLists.txt
2025-10-21 14:33:27,585 - Knowledge - ERROR - Timeout processing /app/data/kaviademo4200/6784/b8996uu/RDK/XCast/XCast.h after 90s
2025-10-21 14:33:27,750 - Knowledge - INFO - Worker kw6 processing /app/data/kaviademo4200/6784/b8996uu/RDK/HdmiCecSource/HdmiCecSource.cpp
2025-10-21 14:33:27,863 - Knowledge - INFO - Worker kw7 processing /app/data/kaviademo4200/6784/b8996uu/RDK/Tools/json_generator/schemas/interface.schema.json
2025-10-21 14:33:28,002 - Knowledge - INFO - process ingested knowledge for /app/data/kaviademo4200/6784/b8996uu/RDK/Tests/mocks/devicesettings/AudioOutputPortMock.h
2025-10-21 14:33:28,068 - Knowledge - INFO - Worker kw8 processing /app/data/kaviademo4200/6784/b8996uu/RDK/PlayerInfo/Dolby/include/Dolby.h
2025-10-21 14:33:28,169 - Knowledge - INFO - Worker kw9 processing /app/data/kaviademo4200/6784/b8996uu/RDK/docs/developerguide/FooPlugin/FooPlugin.h
2025-10-21 14:33:28,273 - Knowledge - INFO - Worker kw10 processing /app/data/kaviademo4200/6784/b8996uu/RDK/docs/api/RemoteControlPlugin.md
2025-10-21 14:33:28,326 - Knowledge - INFO - [LLM_CALL] Completed: Telemetry.h:chunk1, Duration: 27484ms, PromptTokens: 145508, CompletionTokens: 20441, Cost: $0.00000
2025-10-21 14:33:28,379 - Knowledge - INFO - Fast-tracked /app/data/kaviademo4200/6784/b8996uu/RDK/CompositeInput/CHANGELOG.md (ext=.md, size=1775)
2025-10-21 14:33:28,482 - Knowledge - INFO - process ingested knowledge for /app/data/kaviademo4200/6784/b8996uu/RDK/VoiceControl/VoiceControl.cpp
2025-10-21 14:33:28,574 - Knowledge - INFO - process ingested knowledge for /app/data/kaviademo4200/6784/b8996uu/RDK/MigrationPreparer/MigrationPreparerImplementation.h
2025-10-21 14:33:28,668 - Knowledge - INFO - process ingested knowledge for /app/data/kaviademo4200/6784/b8996uu/RDK/Tests/L2Tests/L2TestsPlugin/tests/SystemMode_L2Test.cpp
2025-10-21 14:33:28,749 - Knowledge - INFO - process ingested knowledge for /app/data/kaviademo4200/6784/b8996uu/RDK/Tests/L1Tests/tests/test_HdmiCecSink.cpp
2025-10-21 14:33:28,869 - Knowledge - INFO - Fast-tracked /app/data/kaviademo4200/6784/b8996uu/RDK/Monitor/Module.cpp (ext=.cpp, size=781)
2025-10-21 14:33:28,985 - Knowledge - INFO - Fast-tracked /app/data/kaviademo4200/6784/b8996uu/RDK/DeviceInfo/Implementation/DeviceVideoCapabilities.h (ext=.h, size=1263)
2025-10-21 14:33:29,070 - Knowledge - INFO - Fast-tracked /app/data/kaviademo4200/6784/b8996uu/RDK/HdmiInput/Module.cpp (ext=.cpp, size=765)
2025-10-21 14:33:29,160 - Knowledge - INFO - Fast-tracked /app/data/kaviademo4200/6784/b8996uu/RDK/WebKitBrowser/Extension/CMakeLists.txt (ext=.txt, size=3530)
2025-10-21 14:33:29,453 - Knowledge - INFO - Worker kw6 processing /app/data/kaviademo4200/6784/b8996uu/RDK/DTV/DTV.h
2025-10-21 14:33:29,576 - Knowledge - INFO - Fast-tracked /app/data/kaviademo4200/6784/b8996uu/RDK/Tools/json_generator/schemas/interface.schema.json (ext=.json, size=8197)
2025-10-21 14:33:29,726 - Knowledge - INFO - process ingested knowledge for /app/data/kaviademo4200/6784/b8996uu/RDK/Tests/mocks/devicesettings/FrontPanelTextDisplayMock.h
2025-10-21 14:33:29,893 - Knowledge - INFO - Fast-tracked /app/data/kaviademo4200/6784/b8996uu/RDK/PlayerInfo/Dolby/include/Dolby.h (ext=.h, size=1777)
2025-10-21 14:33:30,048 - Knowledge - INFO - Worker kw9 processing /app/data/kaviademo4200/6784/b8996uu/RDK/docs/developerguide/FooPlugin/FooPlugin.json
2025-10-21 14:33:30,146 - Knowledge - INFO - Fast-tracked /app/data/kaviademo4200/6784/b8996uu/RDK/docs/api/RemoteControlPlugin.md (ext=.md, size=30569)
2025-10-21 14:33:30,264 - Knowledge - INFO - done ingest for /app/data/kaviademo4200/6784/b8996uu/RDK/Telemetry/Telemetry.h
2025-10-21 14:33:30,264 - Knowledge - INFO - [LLM_CALL] Completed: services.cmake:chunk1, Duration: 39716ms, PromptTokens: 151012, CompletionTokens: 20500, Cost: $0.00000
2025-10-21 14:33:30,352 - Knowledge - INFO - Worker kw11 processing /app/data/kaviademo4200/6784/b8996uu/RDK/helpers/UtilsIarm.h
2025-10-21 14:33:30,469 - Knowledge - INFO - process ingested knowledge for /app/data/kaviademo4200/6784/b8996uu/RDK/VoiceControl/Module.h
2025-10-21 14:33:30,551 - Knowledge - INFO - process ingested knowledge for /app/data/kaviademo4200/6784/b8996uu/RDK/FrameRate/FrameRate.cpp
2025-10-21 14:33:30,653 - Knowledge - INFO - process ingested knowledge for /app/data/kaviademo4200/6784/b8996uu/RDK/Tests/L2Tests/L2TestsPlugin/tests/SystemService_L2Test.cpp
2025-10-21 14:33:30,735 - Knowledge - INFO - process ingested knowledge for /app/data/kaviademo4200/6784/b8996uu/RDK/Tests/L1Tests/tests/test_JSON.cpp
2025-10-21 14:33:30,829 - Knowledge - INFO - Worker kw1 processing /app/data/kaviademo4200/6784/b8996uu/RDK/Monitor/CHANGELOG.md
2025-10-21 14:33:30,932 - Knowledge - INFO - Worker kw2 processing /app/data/kaviademo4200/6784/b8996uu/RDK/DeviceInfo/CMakeLists.txt
2025-10-21 14:33:31,015 - Knowledge - INFO - Worker kw3 processing /app/data/kaviademo4200/6784/b8996uu/RDK/HdmiInput/CHANGELOG.md
2025-10-21 14:33:31,122 - Knowledge - INFO - Worker kw4 processing /app/data/kaviademo4200/6784/b8996uu/RDK/WebKitBrowser/Extension/Milestone.cpp
2025-10-21 14:33:31,220 - Knowledge - INFO - Worker kw6 processing /app/data/kaviademo4200/6784/b8996uu/RDK/DTV/Module.h
2025-10-21 14:33:31,305 - Knowledge - INFO - Worker kw7 processing /app/data/kaviademo4200/6784/b8996uu/RDK/Tools/json_generator/schemas/plugin.schema.json
2025-10-21 14:33:31,411 - Knowledge - INFO - process ingested knowledge for /app/data/kaviademo4200/6784/b8996uu/RDK/Tests/mocks/devicesettings/RtArrayObjectMock.h
2025-10-21 14:33:31,511 - Knowledge - INFO - Worker kw8 processing /app/data/kaviademo4200/6784/b8996uu/RDK/PlayerInfo/Dolby/DolbyOutput.cpp
2025-10-21 14:33:31,617 - Knowledge - INFO - Fast-tracked /app/data/kaviademo4200/6784/b8996uu/RDK/docs/developerguide/FooPlugin/FooPlugin.json (ext=.json, size=2117)
2025-10-21 14:33:31,693 - Knowledge - INFO - Worker kw10 processing /app/data/kaviademo4200/6784/b8996uu/RDK/docs/api/RDKShellPlugin.md
2025-10-21 14:33:31,920 - Knowledge - INFO - done ingest for /app/data/kaviademo4200/6784/b8996uu/RDK/services.cmake
2025-10-21 14:33:32,122 - Knowledge - INFO - Worker kw11 processing /app/data/kaviademo4200/6784/b8996uu/RDK/helpers/UtilsLOG_MILESTONE.h
2025-10-21 14:33:32,251 - Knowledge - INFO - [LLM_CALL] Completed: MediaEngineRMF.h:chunk1, Duration: 29610ms, PromptTokens: 153318, CompletionTokens: 21352, Cost: $0.00000
2025-10-21 14:33:32,350 - Knowledge - INFO - process ingested knowledge for /app/data/kaviademo4200/6784/b8996uu/RDK/FrameRate/Module.h
2025-10-21 14:33:32,462 - Knowledge - INFO - process ingested knowledge for /app/data/kaviademo4200/6784/b8996uu/RDK/Tests/L2Tests/L2TestsPlugin/tests/UsbAccess_L2Test.cpp
2025-10-21 14:33:32,586 - Knowledge - INFO - process ingested knowledge for /app/data/kaviademo4200/6784/b8996uu/RDK/Tests/L1Tests/tests/test_DeviceIdentification.cpp
2025-10-21 14:33:32,652 - Knowledge - INFO - Fast-tracked /app/data/kaviademo4200/6784/b8996uu/RDK/Monitor/CHANGELOG.md (ext=.md, size=2232)
2025-10-21 14:33:32,731 - Knowledge - INFO - Fast-tracked /app/data/kaviademo4200/6784/b8996uu/RDK/DeviceInfo/CMakeLists.txt (ext=.txt, size=2334)
2025-10-21 14:33:32,828 - Knowledge - INFO - Fast-tracked /app/data/kaviademo4200/6784/b8996uu/RDK/HdmiInput/CHANGELOG.md (ext=.md, size=2619)
2025-10-21 14:33:32,932 - Knowledge - INFO - Fast-tracked /app/data/kaviademo4200/6784/b8996uu/RDK/WebKitBrowser/Extension/Milestone.cpp (ext=.cpp, size=1879)
2025-10-21 14:33:33,025 - Knowledge - INFO - Fast-tracked /app/data/kaviademo4200/6784/b8996uu/RDK/DTV/Module.h (ext=.h, size=854)
2025-10-21 14:33:33,147 - Knowledge - INFO - Fast-tracked /app/data/kaviademo4200/6784/b8996uu/RDK/Tools/json_generator/schemas/plugin.schema.json (ext=.json, size=5211)
2025-10-21 14:33:33,323 - Knowledge - INFO - process ingested knowledge for /app/data/kaviademo4200/6784/b8996uu/RDK/Tests/mocks/devicesettings/HdmiInputMock.h
2025-10-21 14:33:33,357 - Knowledge - INFO - Worker kw8 processing /app/data/kaviademo4200/6784/b8996uu/RDK/PlayerInfo/Dolby/CMakeLists.txt
2025-10-21 14:33:33,468 - Knowledge - INFO - Worker kw9 processing /app/data/kaviademo4200/6784/b8996uu/RDK/docs/developerguide/FooPlugin/Module.cpp
2025-10-21 14:33:33,554 - Knowledge - INFO - Fast-tracked /app/data/kaviademo4200/6784/b8996uu/RDK/docs/api/RDKShellPlugin.md (ext=.md, size=102571)
2025-10-21 14:33:33,952 - Knowledge - INFO - Fast-tracked /app/data/kaviademo4200/6784/b8996uu/RDK/helpers/UtilsLOG_MILESTONE.h (ext=.h, size=107)
2025-10-21 14:33:34,046 - Knowledge - INFO - done ingest for /app/data/kaviademo4200/6784/b8996uu/RDK/MediaEngineRMF/MediaEngineRMF.h
2025-10-21 14:33:34,707 - Knowledge - INFO - process ingested knowledge for /app/data/kaviademo4200/6784/b8996uu/RDK/Tests/L1Tests/tests/test_WifiManager.cpp
2025-10-21 14:33:34,839 - Knowledge - INFO - Worker kw1 processing /app/data/kaviademo4200/6784/b8996uu/RDK/Monitor/MonitorPlugin.json
2025-10-21 14:33:34,888 - Knowledge - INFO - process ingested knowledge for /app/data/kaviademo4200/6784/b8996uu/RDK/Tests/L2Tests/L2TestsPlugin/tests/Analytics_L2Test.cpp
2025-10-21 14:33:34,963 - Knowledge - INFO - Worker kw2 processing /app/data/kaviademo4200/6784/b8996uu/RDK/DeviceInfo/DeviceInfo.cpp
2025-10-21 14:33:35,073 - Knowledge - INFO - Worker kw3 processing /app/data/kaviademo4200/6784/b8996uu/RDK/Network/Network.h
2025-10-21 14:33:35,424 - Knowledge - INFO - Worker kw4 processing /app/data/kaviademo4200/6784/b8996uu/RDK/WebKitBrowser/Extension/ProcessInfo.h
2025-10-21 14:33:35,652 - Knowledge - INFO - Worker kw6 processing /app/data/kaviademo4200/6784/b8996uu/RDK/DTV/DTVImpl.h
2025-10-21 14:33:35,825 - Knowledge - INFO - Worker kw7 processing /app/data/kaviademo4200/6784/b8996uu/RDK/Tools/json_generator/docs_common.json
2025-10-21 14:33:35,843 - Knowledge - INFO - process ingested knowledge for /app/data/kaviademo4200/6784/b8996uu/RDK/FrameRate/FrameRatePlugin.json
2025-10-21 14:33:36,012 - Knowledge - INFO - process ingested knowledge for /app/data/kaviademo4200/6784/b8996uu/RDK/Tests/mocks/devicesettings/RtObjectRefMock.h
2025-10-21 14:33:36,024 - Knowledge - INFO - Fast-tracked /app/data/kaviademo4200/6784/b8996uu/RDK/PlayerInfo/Dolby/CMakeLists.txt (ext=.txt, size=2103)
2025-10-21 14:33:36,167 - Knowledge - INFO - Fast-tracked /app/data/kaviademo4200/6784/b8996uu/RDK/docs/developerguide/FooPlugin/Module.cpp (ext=.cpp, size=765)
2025-10-21 14:33:36,245 - Knowledge - INFO - [LLM_CALL] Completed: XCastImplementation.h:chunk1, Duration: 46852ms, PromptTokens: 157106, CompletionTokens: 22174, Cost: $0.00000
2025-10-21 14:33:36,247 - Knowledge - INFO - Worker kw10 processing /app/data/kaviademo4200/6784/b8996uu/RDK/docs/api/FrontPanelPlugin.md
2025-10-21 14:33:36,333 - Knowledge - INFO - Worker kw11 processing /app/data/kaviademo4200/6784/b8996uu/RDK/helpers/UtilsgetRFCConfig.h
2025-10-21 14:33:36,731 - Knowledge - INFO - Fast-tracked /app/data/kaviademo4200/6784/b8996uu/RDK/Monitor/MonitorPlugin.json (ext=.json, size=462)
2025-10-21 14:33:36,920 - Knowledge - INFO - process ingested knowledge for /app/data/kaviademo4200/6784/b8996uu/RDK/Tests/L2Tests/L2TestsPlugin/tests/UserSettings_L2Test.cpp
2025-10-21 14:33:36,920 - Knowledge - INFO - process ingested knowledge for /app/data/kaviademo4200/6784/b8996uu/RDK/Tests/L1Tests/tests/test_DeviceInfoWeb.cpp
2025-10-21 14:33:36,925 - Knowledge - INFO - Worker kw2 processing /app/data/kaviademo4200/6784/b8996uu/RDK/DeviceInfo/DeviceInfoPlugin.json
2025-10-21 14:33:37,036 - Knowledge - INFO - Worker kw3 processing /app/data/kaviademo4200/6784/b8996uu/RDK/Network/Module.h
2025-10-21 14:33:37,134 - Knowledge - INFO - Fast-tracked /app/data/kaviademo4200/6784/b8996uu/RDK/WebKitBrowser/Extension/ProcessInfo.h (ext=.h, size=902)
2025-10-21 14:33:37,221 - Knowledge - INFO - Worker kw6 processing /app/data/kaviademo4200/6784/b8996uu/RDK/DTV/DTV.json
2025-10-21 14:33:37,321 - Knowledge - INFO - Fast-tracked /app/data/kaviademo4200/6784/b8996uu/RDK/Tools/json_generator/docs_common.json (ext=.json, size=1694)
2025-10-21 14:33:37,443 - Knowledge - INFO - process ingested knowledge for /app/data/kaviademo4200/6784/b8996uu/RDK/FrameRate/CMakeLists.txt
2025-10-21 14:33:37,556 - Knowledge - INFO - process ingested knowledge for /app/data/kaviademo4200/6784/b8996uu/RDK/Tests/mocks/devicesettings/FrontPanelIndicatorMock.h
2025-10-21 14:33:37,678 - Knowledge - INFO - Worker kw8 processing /app/data/kaviademo4200/6784/b8996uu/RDK/PlayerInfo/PlayerInfo.cpp
2025-10-21 14:33:37,799 - Knowledge - INFO - Worker kw9 processing /app/data/kaviademo4200/6784/b8996uu/RDK/docs/developerguide/FooPlugin/CHANGELOG.md
2025-10-21 14:33:37,894 - Knowledge - INFO - done ingest for /app/data/kaviademo4200/6784/b8996uu/RDK/XCast/XCastImplementation.h
2025-10-21 14:33:37,895 - Knowledge - INFO - [LLM_CALL] Completed: Telemetry.cpp:chunk1, Duration: 37937ms, PromptTokens: 165786, CompletionTokens: 22883, Cost: $0.00000
2025-10-21 14:33:37,990 - Knowledge - INFO - Fast-tracked /app/data/kaviademo4200/6784/b8996uu/RDK/docs/api/FrontPanelPlugin.md (ext=.md, size=18831)
2025-10-21 14:33:38,066 - Knowledge - INFO - Fast-tracked /app/data/kaviademo4200/6784/b8996uu/RDK/helpers/UtilsgetRFCConfig.h (ext=.h, size=340)
2025-10-21 14:33:38,186 - Knowledge - INFO - Worker kw1 processing /app/data/kaviademo4200/6784/b8996uu/RDK/DeviceDiagnostics/DeviceDiagnostics.json
2025-10-21 14:33:38,307 - Knowledge - INFO - process ingested knowledge for /app/data/kaviademo4200/6784/b8996uu/RDK/Tests/L2Tests/L2TestsPlugin/tests/Warehouse_L2Test.cpp
2025-10-21 14:33:38,410 - Knowledge - INFO - process ingested knowledge for /app/data/kaviademo4200/6784/b8996uu/RDK/Tests/L1Tests/tests/test_Network.cpp
2025-10-21 14:33:38,492 - Knowledge - INFO - Fast-tracked /app/data/kaviademo4200/6784/b8996uu/RDK/DeviceInfo/DeviceInfoPlugin.json (ext=.json, size=440)
2025-10-21 14:33:38,563 - Knowledge - INFO - Fast-tracked /app/data/kaviademo4200/6784/b8996uu/RDK/Network/Module.h (ext=.h, size=871)
2025-10-21 14:33:38,680 - Knowledge - INFO - Worker kw4 processing /app/data/kaviademo4200/6784/b8996uu/RDK/WebKitBrowser/Extension/NotifyWPEFramework.h
2025-10-21 14:33:38,785 - Knowledge - INFO - Fast-tracked /app/data/kaviademo4200/6784/b8996uu/RDK/DTV/DTV.json (ext=.json, size=49988)
2025-10-21 14:33:39,166 - Knowledge - INFO - process ingested knowledge for /app/data/kaviademo4200/6784/b8996uu/RDK/Tests/mocks/devicesettings/DisplayMock.h
2025-10-21 14:33:39,203 - Knowledge - INFO - Worker kw8 processing /app/data/kaviademo4200/6784/b8996uu/RDK/PlayerInfo/GStreamer/PlatformImplementation.cpp
2025-10-21 14:33:39,318 - Knowledge - INFO - Fast-tracked /app/data/kaviademo4200/6784/b8996uu/RDK/docs/developerguide/FooPlugin/CHANGELOG.md (ext=.md, size=1295)
2025-10-21 14:33:39,581 - Knowledge - INFO - done ingest for /app/data/kaviademo4200/6784/b8996uu/RDK/Telemetry/Telemetry.cpp
2025-10-21 14:33:39,710 - Knowledge - INFO - Worker kw10 processing /app/data/kaviademo4200/6784/b8996uu/RDK/docs/api/PlayerInfoPlugin.md
2025-10-21 14:33:39,878 - Knowledge - INFO - Worker kw11 processing /app/data/kaviademo4200/6784/b8996uu/RDK/helpers/UtilscRunScript.h
2025-10-21 14:33:39,997 - Knowledge - INFO - Fast-tracked /app/data/kaviademo4200/6784/b8996uu/RDK/DeviceDiagnostics/DeviceDiagnostics.json (ext=.json, size=6518)
2025-10-21 14:33:40,238 - Knowledge - INFO - [WEBSOCKET] Sent: Type=progress_update, Size: 296, Duration: 0ms
2025-10-21 14:33:40,239 - Knowledge - INFO - process ingested knowledge for /app/data/kaviademo4200/6784/b8996uu/RDK/Tests/L2Tests/L2TestsPlugin/tests/Telemetry_L2Test.cpp
2025-10-21 14:33:40,257 - Knowledge - INFO - process ingested knowledge for /app/data/kaviademo4200/6784/b8996uu/RDK/Tests/L1Tests/tests/test_Bluetooth.cpp
2025-10-21 14:33:40,335 - Knowledge - INFO - Worker kw2 processing /app/data/kaviademo4200/6784/b8996uu/RDK/DeviceInfo/Module.cpp
2025-10-21 14:33:40,432 - Knowledge - INFO - Worker kw3 processing /app/data/kaviademo4200/6784/b8996uu/RDK/Network/Network.json
2025-10-21 14:33:40,552 - Knowledge - INFO - Fast-tracked /app/data/kaviademo4200/6784/b8996uu/RDK/WebKitBrowser/Extension/NotifyWPEFramework.h (ext=.h, size=974)
2025-10-21 14:33:40,644 - Knowledge - INFO - Worker kw6 processing /app/data/kaviademo4200/6784/b8996uu/RDK/DTV/CMakeLists.txt
2025-10-21 14:33:40,755 - Knowledge - INFO - process ingested knowledge for /app/data/kaviademo4200/6784/b8996uu/RDK/Tests/mocks/devicesettings/HostMock.h
2025-10-21 14:33:40,903 - Knowledge - INFO - Worker kw9 processing /app/data/kaviademo4200/6784/b8996uu/RDK/docs/developerguide/Sourcefiles.md
2025-10-21 14:33:41,119 - Knowledge - INFO - Fast-tracked /app/data/kaviademo4200/6784/b8996uu/RDK/docs/api/PlayerInfoPlugin.md (ext=.md, size=9895)
2025-10-21 14:33:41,195 - Knowledge - INFO - Fast-tracked /app/data/kaviademo4200/6784/b8996uu/RDK/helpers/UtilscRunScript.h (ext=.h, size=508)
2025-10-21 14:33:41,287 - Knowledge - INFO - Worker kw1 processing /app/data/kaviademo4200/6784/b8996uu/RDK/DeviceDiagnostics/Module.h
2025-10-21 14:33:41,368 - Knowledge - INFO - [LLM_CALL] Completed: XCastManager.cpp:chunk1, Duration: 52883ms, PromptTokens: 174748, CompletionTokens: 24061, Cost: $0.00000
2025-10-21 14:33:41,519 - Knowledge - INFO - process ingested knowledge for /app/data/kaviademo4200/6784/b8996uu/RDK/Tests/L2Tests/L2TestsPlugin/tests/VerifyContracts.cpp
2025-10-21 14:33:41,609 - Knowledge - INFO - process ingested knowledge for /app/data/kaviademo4200/6784/b8996uu/RDK/Tests/L1Tests/tests/test_LocationSync.cpp
2025-10-21 14:33:41,664 - Knowledge - INFO - Fast-tracked /app/data/kaviademo4200/6784/b8996uu/RDK/DeviceInfo/Module.cpp (ext=.cpp, size=780)
2025-10-21 14:33:41,772 - Knowledge - INFO - Fast-tracked /app/data/kaviademo4200/6784/b8996uu/RDK/Network/Network.json (ext=.json, size=41419)
2025-10-21 14:33:41,874 - Knowledge - INFO - Worker kw4 processing /app/data/kaviademo4200/6784/b8996uu/RDK/WebKitBrowser/Extension/BridgeObject.cpp
2025-10-21 14:33:41,954 - Knowledge - INFO - Fast-tracked /app/data/kaviademo4200/6784/b8996uu/RDK/DTV/CMakeLists.txt (ext=.txt, size=3200)
2025-10-21 14:33:42,039 - Knowledge - INFO - process ingested knowledge for /app/data/kaviademo4200/6784/b8996uu/RDK/Tests/mocks/devicesettings/SleepModeMock.h
2025-10-21 14:33:42,167 - Knowledge - INFO - Fast-tracked /app/data/kaviademo4200/6784/b8996uu/RDK/docs/developerguide/Sourcefiles.md (ext=.md, size=5952)
2025-10-21 14:33:42,255 - Knowledge - INFO - Worker kw10 processing /app/data/kaviademo4200/6784/b8996uu/RDK/docs/api/PerformanceMetricsPlugin.md
2025-10-21 14:33:42,342 - Knowledge - INFO - Worker kw11 processing /app/data/kaviademo4200/6784/b8996uu/RDK/helpers/UtilsThreadRAII.h
2025-10-21 14:33:42,442 - Knowledge - INFO - Fast-tracked /app/data/kaviademo4200/6784/b8996uu/RDK/DeviceDiagnostics/Module.h (ext=.h, size=881)
2025-10-21 14:33:42,521 - Knowledge - INFO - done ingest for /app/data/kaviademo4200/6784/b8996uu/RDK/XCast/XCastManager.cpp
2025-10-21 14:33:42,522 - Knowledge - INFO - [LLM_CALL] Completed: MediaEngineRMF.cpp:chunk1, Duration: 40800ms, PromptTokens: 181728, CompletionTokens: 24777, Cost: $0.00000
2025-10-21 14:33:42,621 - Knowledge - INFO - process ingested knowledge for /app/data/kaviademo4200/6784/b8996uu/RDK/Tests/L2Tests/L2TestsPlugin/Module.cpp
2025-10-21 14:33:42,714 - Knowledge - INFO - process ingested knowledge for /app/data/kaviademo4200/6784/b8996uu/RDK/Tests/L1Tests/tests/test_TraceControlWeb.cpp
2025-10-21 14:33:42,803 - Knowledge - INFO - Worker kw2 processing /app/data/kaviademo4200/6784/b8996uu/RDK/DeviceInfo/CHANGELOG.md
2025-10-21 14:33:42,907 - Knowledge - INFO - Worker kw3 processing /app/data/kaviademo4200/6784/b8996uu/RDK/Network/NetworkConnectivity.cpp
2025-10-21 14:33:42,992 - Knowledge - INFO - Worker kw4 processing /app/data/kaviademo4200/6784/b8996uu/RDK/WebKitBrowser/Extension/SecurityAgent.h
2025-10-21 14:33:43,117 - Knowledge - INFO - Worker kw6 processing /app/data/kaviademo4200/6784/b8996uu/RDK/DTV/cmake/FindDTVKit.cmake
2025-10-21 14:33:43,204 - Knowledge - INFO - process ingested knowledge for /app/data/kaviademo4200/6784/b8996uu/RDK/Tests/mocks/devicesettings/MotionDetectionMock.h
2025-10-21 14:33:43,310 - Knowledge - INFO - Worker kw9 processing /app/data/kaviademo4200/6784/b8996uu/RDK/docs/developerguide/Headerfiles.md
2025-10-21 14:33:43,403 - Knowledge - INFO - Fast-tracked /app/data/kaviademo4200/6784/b8996uu/RDK/docs/api/PerformanceMetricsPlugin.md (ext=.md, size=1344)
2025-10-21 14:33:43,513 - Knowledge - INFO - Fast-tracked /app/data/kaviademo4200/6784/b8996uu/RDK/helpers/UtilsThreadRAII.h (ext=.h, size=714)
2025-10-21 14:33:43,613 - Knowledge - INFO - Worker kw1 processing /app/data/kaviademo4200/6784/b8996uu/RDK/DeviceDiagnostics/DeviceDiagnostics.h
2025-10-21 14:33:43,715 - Knowledge - WARNING - File /app/data/kaviademo4200/6784/b8996uu/RDK/helpers/WebSockets/Roles/SingleClientServer.h not successfully processed
2025-10-21 14:33:43,805 - Knowledge - INFO - done ingest for /app/data/kaviademo4200/6784/b8996uu/RDK/MediaEngineRMF/MediaEngineRMF.cpp
2025-10-21 14:33:43,806 - Knowledge - INFO - [WEBSOCKET] Sent: Type=unknown, Size: ?, Duration: 3568ms
2025-10-21 14:33:43,899 - Knowledge - INFO - process ingested knowledge for /app/data/kaviademo4200/6784/b8996uu/RDK/Tests/L2Tests/L2TestsPlugin/L2Tests.h
2025-10-21 14:33:44,016 - Knowledge - INFO - process ingested knowledge for /app/data/kaviademo4200/6784/b8996uu/RDK/Tests/L1Tests/tests/test_DataCapture.cpp
2025-10-21 14:33:44,122 - Knowledge - INFO - Fast-tracked /app/data/kaviademo4200/6784/b8996uu/RDK/DeviceInfo/CHANGELOG.md (ext=.md, size=2891)
2025-10-21 14:33:44,212 - Knowledge - INFO - Worker kw3 processing /app/data/kaviademo4200/6784/b8996uu/RDK/Network/NetUtils.h
2025-10-21 14:33:44,302 - Knowledge - INFO - Fast-tracked /app/data/kaviademo4200/6784/b8996uu/RDK/WebKitBrowser/Extension/SecurityAgent.h (ext=.h, size=963)
2025-10-21 14:33:44,391 - Knowledge - INFO - Fast-tracked /app/data/kaviademo4200/6784/b8996uu/RDK/DTV/cmake/FindDTVKit.cmake (ext=.cmake, size=1688)
2025-10-21 14:33:44,539 - Knowledge - INFO - process ingested knowledge for /app/data/kaviademo4200/6784/b8996uu/RDK/Tests/mocks/devicesettings/HdmiCecMock.h
2025-10-21 14:33:44,637 - Knowledge - INFO - Fast-tracked /app/data/kaviademo4200/6784/b8996uu/RDK/docs/developerguide/Headerfiles.md (ext=.md, size=4531)
2025-10-21 14:33:44,726 - Knowledge - INFO - Worker kw10 processing /app/data/kaviademo4200/6784/b8996uu/RDK/docs/api/StateObserverPlugin.md
2025-10-21 14:33:44,844 - Knowledge - INFO - Worker kw11 processing /app/data/kaviademo4200/6784/b8996uu/RDK/helpers/UtilsTelemetry.h
2025-10-21 14:33:44,982 - Knowledge - INFO - Worker kw1 processing /app/data/kaviademo4200/6784/b8996uu/RDK/DeviceDiagnostics/CMakeLists.txt
2025-10-21 14:33:45,103 - Knowledge - WARNING - File /app/data/kaviademo4200/6784/b8996uu/RDK/helpers/WebSockets/Roles/Client.h not successfully processed
2025-10-21 14:33:45,318 - Knowledge - INFO - Progress: 17.9% | Files: 249/1389 | Rate: 0.91 files/sec | Queue: 0
2025-10-21 14:33:45,353 - Knowledge - WARNING - File /app/data/kaviademo4200/6784/b8996uu/RDK/ResourceManager/ResourceManager.cpp not successfully processed
2025-10-21 14:33:45,408 - Knowledge - INFO - process ingested knowledge for /app/data/kaviademo4200/6784/b8996uu/RDK/Tests/L2Tests/L2TestsPlugin/CHANGELOG.md
2025-10-21 14:33:45,506 - Knowledge - INFO - process ingested knowledge for /app/data/kaviademo4200/6784/b8996uu/RDK/Tests/L1Tests/tests/test_Packager.cpp
2025-10-21 14:33:45,643 - Knowledge - INFO - Worker kw2 processing /app/data/kaviademo4200/6784/b8996uu/RDK/UsbAccess/UsbAccess.json
2025-10-21 14:33:45,738 - Knowledge - INFO - Worker kw3 processing /app/data/kaviademo4200/6784/b8996uu/RDK/Network/NetUtilsNetlink.cpp
2025-10-21 14:33:45,829 - Knowledge - INFO - Worker kw4 processing /app/data/kaviademo4200/6784/b8996uu/RDK/WebKitBrowser/Extension/RequestHeaders.h
2025-10-21 14:33:45,948 - Knowledge - INFO - Worker kw6 processing /app/data/kaviademo4200/6784/b8996uu/RDK/DTV/DTVImpl.cpp
2025-10-21 14:33:46,033 - Knowledge - INFO - process ingested knowledge for /app/data/kaviademo4200/6784/b8996uu/RDK/Tests/mocks/devicesettings/VideoOutputPortMock.h
2025-10-21 14:33:46,121 - Knowledge - INFO - Worker kw9 processing /app/data/kaviademo4200/6784/b8996uu/RDK/docs/developerguide/Changelogfile.md
2025-10-21 14:33:46,219 - Knowledge - INFO - Fast-tracked /app/data/kaviademo4200/6784/b8996uu/RDK/docs/api/StateObserverPlugin.md (ext=.md, size=10460)
2025-10-21 14:33:46,318 - Knowledge - INFO - Fast-tracked /app/data/kaviademo4200/6784/b8996uu/RDK/helpers/UtilsTelemetry.h (ext=.h, size=1189)
2025-10-21 14:33:46,426 - Knowledge - INFO - Fast-tracked /app/data/kaviademo4200/6784/b8996uu/RDK/DeviceDiagnostics/CMakeLists.txt (ext=.txt, size=1655)
2025-10-21 14:33:46,545 - Knowledge - WARNING - File /app/data/kaviademo4200/6784/b8996uu/RDK/helpers/WebSockets/Encryption/TlsEnabled.h not successfully processed
2025-10-21 14:33:46,780 - Knowledge - WARNING - File /app/data/kaviademo4200/6784/b8996uu/RDK/ResourceManager/ResourceManager.h not successfully processed
2025-10-21 14:33:46,854 - Knowledge - INFO - process ingested knowledge for /app/data/kaviademo4200/6784/b8996uu/RDK/Tests/L2Tests/L2testController.h
2025-10-21 14:33:46,974 - Knowledge - INFO - process ingested knowledge for /app/data/kaviademo4200/6784/b8996uu/RDK/Tests/L1Tests/tests/test_OCIContainer.cpp
2025-10-21 14:33:47,101 - Knowledge - INFO - Fast-tracked /app/data/kaviademo4200/6784/b8996uu/RDK/UsbAccess/UsbAccess.json (ext=.json, size=14742)
2025-10-21 14:33:47,194 - Knowledge - INFO - Worker kw3 processing /app/data/kaviademo4200/6784/b8996uu/RDK/Network/CMakeLists.txt
2025-10-21 14:33:47,271 - Knowledge - INFO - Fast-tracked /app/data/kaviademo4200/6784/b8996uu/RDK/WebKitBrowser/Extension/RequestHeaders.h (ext=.h, size=1012)
2025-10-21 14:33:47,355 - Knowledge - INFO - Worker kw6 processing /app/data/kaviademo4200/6784/b8996uu/RDK/DTV/DTVPlugin.json
2025-10-21 14:33:47,475 - Knowledge - INFO - process ingested knowledge for /app/data/kaviademo4200/6784/b8996uu/RDK/Tests/mocks/devicesettings/VideoOutputPortConfigMock.h
2025-10-21 14:33:47,552 - Knowledge - INFO - Fast-tracked /app/data/kaviademo4200/6784/b8996uu/RDK/docs/developerguide/Changelogfile.md (ext=.md, size=1009)
2025-10-21 14:33:47,657 - Knowledge - INFO - Worker kw10 processing /app/data/kaviademo4200/6784/b8996uu/RDK/docs/api/LoggingPreferencesPlugin.md
2025-10-21 14:33:47,764 - Knowledge - INFO - Worker kw11 processing /app/data/kaviademo4200/6784/b8996uu/RDK/helpers/WebSockets/WSEndpoint.cpp
2025-10-21 14:33:47,883 - Knowledge - INFO - Worker kw1 processing /app/data/kaviademo4200/6784/b8996uu/RDK/DeviceDiagnostics/DeviceDiagnostics.cpp
2025-10-21 14:33:47,991 - Knowledge - WARNING - File /app/data/kaviademo4200/6784/b8996uu/RDK/helpers/WebSockets/CommunicationInterface/JsonRpcInterface.h not successfully processed
2025-10-21 14:33:48,103 - Knowledge - WARNING - File /app/data/kaviademo4200/6784/b8996uu/RDK/LinearPlaybackControl/LinearPlaybackControl.cpp not successfully processed
2025-10-21 14:33:48,168 - Knowledge - INFO - process ingested knowledge for /app/data/kaviademo4200/6784/b8996uu/RDK/Tests/L2Tests/pact/pact-plugin.json
2025-10-21 14:33:48,261 - Knowledge - INFO - process ingested knowledge for /app/data/kaviademo4200/6784/b8996uu/RDK/Tests/L1Tests/tests/test_HdmiCecSource.cpp
2025-10-21 14:33:48,347 - Knowledge - INFO - Worker kw2 processing /app/data/kaviademo4200/6784/b8996uu/RDK/UsbAccess/Module.h
2025-10-21 14:33:48,431 - Knowledge - INFO - Fast-tracked /app/data/kaviademo4200/6784/b8996uu/RDK/Network/CMakeLists.txt (ext=.txt, size=2192)
2025-10-21 14:33:48,508 - Knowledge - INFO - Worker kw4 processing /app/data/kaviademo4200/6784/b8996uu/RDK/WebKitBrowser/Extension/WhiteListedOriginDomainsList.h
2025-10-21 14:33:48,591 - Knowledge - INFO - Fast-tracked /app/data/kaviademo4200/6784/b8996uu/RDK/DTV/DTVPlugin.json (ext=.json, size=397)
2025-10-21 14:33:48,673 - Knowledge - INFO - process ingested knowledge for /app/data/kaviademo4200/6784/b8996uu/RDK/Tests/mocks/devicesettings/CompositeInputMock.h
2025-10-21 14:33:48,782 - Knowledge - INFO - Worker kw9 processing /app/data/kaviademo4200/6784/b8996uu/RDK/docs/developerguide/Pluginconfigfiles.md
2025-10-21 14:33:48,870 - Knowledge - INFO - Fast-tracked /app/data/kaviademo4200/6784/b8996uu/RDK/docs/api/LoggingPreferencesPlugin.md (ext=.md, size=5130)
2025-10-21 14:33:48,967 - Knowledge - INFO - Worker kw11 processing /app/data/kaviademo4200/6784/b8996uu/RDK/helpers/WebSockets/PingPong/PingPongDisabled.h
2025-10-21 14:33:49,102 - Knowledge - INFO - Worker kw1 processing /app/data/kaviademo4200/6784/b8996uu/RDK/DeviceDiagnostics/README.md
2025-10-21 14:33:49,194 - Knowledge - WARNING - File /app/data/kaviademo4200/6784/b8996uu/RDK/helpers/WebSockets/CommunicationInterface/CommandInterface.h not successfully processed
2025-10-21 14:33:49,312 - Knowledge - WARNING - File /app/data/kaviademo4200/6784/b8996uu/RDK/LinearPlaybackControl/DemuxerStreamFsFCC.cpp not successfully processed
2025-10-21 14:33:49,408 - Knowledge - INFO - process ingested knowledge for /app/data/kaviademo4200/6784/b8996uu/RDK/Tests/L2Tests/pact/install-verifier-cli.sh
2025-10-21 14:33:49,525 - Knowledge - INFO - process ingested knowledge for /app/data/kaviademo4200/6784/b8996uu/RDK/Tests/L1Tests/tests/test_MaintenanceManager.cpp
2025-10-21 14:33:49,603 - Knowledge - INFO - Fast-tracked /app/data/kaviademo4200/6784/b8996uu/RDK/UsbAccess/Module.h (ext=.h, size=873)
2025-10-21 14:33:49,730 - Knowledge - INFO - Worker kw3 processing /app/data/kaviademo4200/6784/b8996uu/RDK/Network/NetworkPlugin.json
2025-10-21 14:33:49,815 - Knowledge - INFO - Fast-tracked /app/data/kaviademo4200/6784/b8996uu/RDK/WebKitBrowser/Extension/WhiteListedOriginDomainsList.h (ext=.h, size=1749)
2025-10-21 14:33:49,969 - Knowledge - INFO - process ingested knowledge for /app/data/kaviademo4200/6784/b8996uu/RDK/Tests/mocks/devicesettings/FloatingRtFunctionsMock.h
2025-10-21 14:33:50,045 - Knowledge - INFO - Fast-tracked /app/data/kaviademo4200/6784/b8996uu/RDK/docs/developerguide/Pluginconfigfiles.md (ext=.md, size=1797)
2025-10-21 14:33:50,124 - Knowledge - INFO - Worker kw10 processing /app/data/kaviademo4200/6784/b8996uu/RDK/docs/api/MessengerPlugin.md
2025-10-21 14:33:50,220 - Knowledge - INFO - Fast-tracked /app/data/kaviademo4200/6784/b8996uu/RDK/helpers/WebSockets/PingPong/PingPongDisabled.h (ext=.h, size=1228)
2025-10-21 14:33:50,310 - Knowledge - INFO - Fast-tracked /app/data/kaviademo4200/6784/b8996uu/RDK/DeviceDiagnostics/README.md (ext=.md, size=250)
2025-10-21 14:33:50,431 - Knowledge - WARNING - File /app/data/kaviademo4200/6784/b8996uu/RDK/helpers/WebSockets/JsonRpc/Response.cpp not successfully processed
2025-10-21 14:33:50,539 - Knowledge - WARNING - File /app/data/kaviademo4200/6784/b8996uu/RDK/LinearPlaybackControl/FileSelectListener.h not successfully processed
2025-10-21 14:33:50,638 - Knowledge - INFO - process ingested knowledge for /app/data/kaviademo4200/6784/b8996uu/RDK/Tests/L2Tests/Module.h
2025-10-21 14:33:50,758 - Knowledge - INFO - process ingested knowledge for /app/data/kaviademo4200/6784/b8996uu/RDK/Tests/L1Tests/tests/test_UserPreferences.cpp
2025-10-21 14:33:50,864 - Knowledge - INFO - Worker kw2 processing /app/data/kaviademo4200/6784/b8996uu/RDK/UsbAccess/UsbAccess.h
2025-10-21 14:33:50,947 - Knowledge - INFO - Fast-tracked /app/data/kaviademo4200/6784/b8996uu/RDK/Network/NetworkPlugin.json (ext=.json, size=454)
2025-10-21 14:33:51,035 - Knowledge - INFO - Worker kw4 processing /app/data/kaviademo4200/6784/b8996uu/RDK/WebKitBrowser/Extension/AAMPJSBindings.cpp
2025-10-21 14:33:51,144 - Knowledge - INFO - process ingested knowledge for /app/data/kaviademo4200/6784/b8996uu/RDK/Tests/mocks/devicesettings/VideoResolutionMock.h
2025-10-21 14:33:51,347 - Knowledge - INFO - Fast-tracked /app/data/kaviademo4200/6784/b8996uu/RDK/docs/api/MessengerPlugin.md (ext=.md, size=8859)
2025-10-21 14:33:51,466 - Knowledge - INFO - Worker kw11 processing /app/data/kaviademo4200/6784/b8996uu/RDK/helpers/WebSockets/PingPong/PingPongEnabled.h
2025-10-21 14:33:51,580 - Knowledge - INFO - Worker kw1 processing /app/data/kaviademo4200/6784/b8996uu/RDK/DeviceDiagnostics/Module.cpp
2025-10-21 14:33:51,715 - Knowledge - WARNING - File /app/data/kaviademo4200/6784/b8996uu/RDK/helpers/frontpanel.cpp not successfully processed
2025-10-21 14:33:51,808 - Knowledge - WARNING - File /app/data/kaviademo4200/6784/b8996uu/RDK/LinearPlaybackControl/DemuxerStreamFsFCC.h not successfully processed
2025-10-21 14:33:51,892 - Knowledge - INFO - process ingested knowledge for /app/data/kaviademo4200/6784/b8996uu/RDK/Tests/L2Tests/CMakeLists.txt
2025-10-21 14:33:51,985 - Knowledge - INFO - process ingested knowledge for /app/data/kaviademo4200/6784/b8996uu/RDK/Tests/L1Tests/tests/test_UtilsFile.cpp
2025-10-21 14:33:52,074 - Knowledge - INFO - Worker kw2 processing /app/data/kaviademo4200/6784/b8996uu/RDK/UsbAccess/CMakeLists.txt
2025-10-21 14:33:52,197 - Knowledge - INFO - Worker kw3 processing /app/data/kaviademo4200/6784/b8996uu/RDK/Network/NetUtils.cpp
2025-10-21 14:33:52,274 - Knowledge - INFO - Worker kw4 processing /app/data/kaviademo4200/6784/b8996uu/RDK/WebKitBrowser/WebKitImplementation.cpp
2025-10-21 14:33:52,367 - Knowledge - INFO - process ingested knowledge for /app/data/kaviademo4200/6784/b8996uu/RDK/Tests/mocks/devicesettings/ManagerMock.h
2025-10-21 14:33:52,458 - Knowledge - INFO - Worker kw10 processing /app/data/kaviademo4200/6784/b8996uu/RDK/docs/api/UserPreferencesPlugin.md
2025-10-21 14:33:52,582 - Knowledge - INFO - Worker kw11 processing /app/data/kaviademo4200/6784/b8996uu/RDK/helpers/WebSockets/WSEndpoint.h
2025-10-21 14:33:52,700 - Knowledge - INFO - Fast-tracked /app/data/kaviademo4200/6784/b8996uu/RDK/DeviceDiagnostics/Module.cpp (ext=.cpp, size=765)
2025-10-21 14:33:52,798 - Knowledge - WARNING - File /app/data/kaviademo4200/6784/b8996uu/RDK/helpers/cSettings.h not successfully processed
2025-10-21 14:33:52,913 - Knowledge - WARNING - File /app/data/kaviademo4200/6784/b8996uu/RDK/LinearPlaybackControl/LinearPlaybackControl.h not successfully processed
2025-10-21 14:33:53,030 - Knowledge - INFO - process ingested knowledge for /app/data/kaviademo4200/6784/b8996uu/RDK/Tests/L2Tests/README.md
2025-10-21 14:33:53,149 - Knowledge - INFO - process ingested knowledge for /app/data/kaviademo4200/6784/b8996uu/RDK/Tests/L1Tests/tests/test_DeviceVideoCapabilities.cpp
2025-10-21 14:33:53,244 - Knowledge - INFO - Fast-tracked /app/data/kaviademo4200/6784/b8996uu/RDK/UsbAccess/CMakeLists.txt (ext=.txt, size=1701)
2025-10-21 14:33:53,348 - Knowledge - INFO - Worker kw3 processing /app/data/kaviademo4200/6784/b8996uu/RDK/Network/NetworkTraceroute.cpp
2025-10-21 14:33:53,446 - Knowledge - INFO - Fast-tracked /app/data/kaviademo4200/6784/b8996uu/RDK/WebKitBrowser/WebKitImplementation.cpp (ext=.cpp, size=168520)
2025-10-21 14:33:53,561 - Knowledge - INFO - process ingested knowledge for /app/data/kaviademo4200/6784/b8996uu/RDK/Tests/mocks/devicesettings/VideoDeviceMock.h
2025-10-21 14:33:53,642 - Knowledge - INFO - Fast-tracked /app/data/kaviademo4200/6784/b8996uu/RDK/docs/api/UserPreferencesPlugin.md (ext=.md, size=3674)
2025-10-21 14:33:53,802 - Knowledge - INFO - Worker kw1 processing /app/data/kaviademo4200/6784/b8996uu/RDK/DeviceDiagnostics/CHANGELOG.md
2025-10-21 14:33:53,933 - Knowledge - WARNING - File /app/data/kaviademo4200/6784/b8996uu/RDK/helpers/UtilsJsonRpc.h not successfully processed
2025-10-21 14:33:54,044 - Knowledge - WARNING - File /app/data/kaviademo4200/6784/b8996uu/RDK/LinearPlaybackControl/LinearPlaybackControlJsonRpc.cpp not successfully processed
2025-10-21 14:33:54,120 - Knowledge - INFO - process ingested knowledge for /app/data/kaviademo4200/6784/b8996uu/RDK/Tests/L2Tests/L2testController.cpp
2025-10-21 14:33:54,224 - Knowledge - INFO - process ingested knowledge for /app/data/kaviademo4200/6784/b8996uu/RDK/Tests/L1Tests/tests/test_MiracastPlayer.cpp
2025-10-21 14:33:54,298 - Knowledge - INFO - Worker kw2 processing /app/data/kaviademo4200/6784/b8996uu/RDK/UsbAccess/UsbAccess.cpp
2025-10-21 14:33:54,402 - Knowledge - INFO - Worker kw3 processing /app/data/kaviademo4200/6784/b8996uu/RDK/Network/README.md
2025-10-21 14:33:54,479 - Knowledge - INFO - Worker kw4 processing /app/data/kaviademo4200/6784/b8996uu/RDK/WebKitBrowser/WebKitBrowser.cpp
2025-10-21 14:33:54,597 - Knowledge - INFO - process ingested knowledge for /app/data/kaviademo4200/6784/b8996uu/RDK/Tests/mocks/devicesettings/VideoOutputPortTypeMock.h
2025-10-21 14:33:54,720 - Knowledge - INFO - Worker kw10 processing /app/data/kaviademo4200/6784/b8996uu/RDK/docs/api/MiracastPlayerPlugin.md
2025-10-21 14:33:54,832 - Knowledge - INFO - Fast-tracked /app/data/kaviademo4200/6784/b8996uu/RDK/DeviceDiagnostics/CHANGELOG.md (ext=.md, size=1632)
2025-10-21 14:33:54,953 - Knowledge - WARNING - File /app/data/kaviademo4200/6784/b8996uu/RDK/helpers/UtilsSynchroIarm.hpp not successfully processed
2025-10-21 14:33:55,097 - Knowledge - WARNING - File /app/data/kaviademo4200/6784/b8996uu/RDK/Warehouse/Warehouse.cpp not successfully processed
2025-10-21 14:33:55,159 - Knowledge - INFO - process ingested knowledge for /app/data/kaviademo4200/6784/b8996uu/RDK/Tests/L2Tests/Module.cpp
2025-10-21 14:33:55,266 - Knowledge - INFO - process ingested knowledge for /app/data/kaviademo4200/6784/b8996uu/RDK/Tests/L1Tests/tests/test_Timer.cpp
2025-10-21 14:33:55,347 - Knowledge - INFO - Worker kw2 processing /app/data/kaviademo4200/6784/b8996uu/RDK/UsbAccess/README.md
2025-10-21 14:33:55,433 - Knowledge - INFO - Fast-tracked /app/data/kaviademo4200/6784/b8996uu/RDK/Network/README.md (ext=.md, size=2062)
2025-10-21 14:33:55,530 - Knowledge - INFO - Worker kw4 processing /app/data/kaviademo4200/6784/b8996uu/RDK/WebKitBrowser/TimeZone/TimeZoneSupport.h
2025-10-21 14:33:55,646 - Knowledge - INFO - process ingested knowledge for /app/data/kaviademo4200/6784/b8996uu/RDK/Tests/mocks/devicesettings/ColorMock.h
2025-10-21 14:33:55,728 - Knowledge - INFO - Fast-tracked /app/data/kaviademo4200/6784/b8996uu/RDK/docs/api/MiracastPlayerPlugin.md (ext=.md, size=23447)
2025-10-21 14:33:55,824 - Knowledge - INFO - Worker kw1 processing /app/data/kaviademo4200/6784/b8996uu/RDK/DeviceDiagnostics/DeviceDiagnosticsPlugin.json
2025-10-21 14:33:55,944 - Knowledge - WARNING - File /app/data/kaviademo4200/6784/b8996uu/RDK/helpers/UtilsString.h not successfully processed
2025-10-21 14:33:56,099 - Knowledge - WARNING - File /app/data/kaviademo4200/6784/b8996uu/RDK/Warehouse/Warehouse.h not successfully processed
2025-10-21 14:33:56,154 - Knowledge - INFO - process ingested knowledge for /app/data/kaviademo4200/6784/b8996uu/RDK/Tests/mocks/DobbyMock.h
2025-10-21 14:33:56,268 - Knowledge - INFO - process ingested knowledge for /app/data/kaviademo4200/6784/b8996uu/RDK/Tests/L1Tests/tests/test_Messenger.cpp
2025-10-21 14:33:56,374 - Knowledge - INFO - Fast-tracked /app/data/kaviademo4200/6784/b8996uu/RDK/UsbAccess/README.md (ext=.md, size=933)
2025-10-21 14:33:56,492 - Knowledge - INFO - Worker kw3 processing /app/data/kaviademo4200/6784/b8996uu/RDK/Network/NetUtilsNetlink.h
2025-10-21 14:33:56,576 - Knowledge - INFO - Fast-tracked /app/data/kaviademo4200/6784/b8996uu/RDK/WebKitBrowser/TimeZone/TimeZoneSupport.h (ext=.h, size=1358)
2025-10-21 14:33:56,662 - Knowledge - INFO - process ingested knowledge for /app/data/kaviademo4200/6784/b8996uu/RDK/Tests/mocks/devicesettings/FrontPanelConfigMock.h
2025-10-21 14:33:56,746 - Knowledge - INFO - Worker kw10 processing /app/data/kaviademo4200/6784/b8996uu/RDK/docs/api/TimerPlugin.md
2025-10-21 14:33:56,858 - Knowledge - INFO - Fast-tracked /app/data/kaviademo4200/6784/b8996uu/RDK/DeviceDiagnostics/DeviceDiagnosticsPlugin.json (ext=.json, size=550)
2025-10-21 14:33:57,006 - Knowledge - WARNING - File /app/data/kaviademo4200/6784/b8996uu/RDK/helpers/UtilsInputValidator.h not successfully processed
2025-10-21 14:33:57,102 - Knowledge - INFO - Processing batch of 40 files
2025-10-21 14:33:57,133 - Knowledge - INFO - process ingested knowledge for /app/data/kaviademo4200/6784/b8996uu/RDK/Tests/mocks/pkg.h
2025-10-21 14:33:57,224 - Knowledge - INFO - process ingested knowledge for /app/data/kaviademo4200/6784/b8996uu/RDK/Tests/L1Tests/tests/test_SystemServices.cpp
2025-10-21 14:33:57,325 - Knowledge - INFO - Worker kw2 processing /app/data/kaviademo4200/6784/b8996uu/RDK/UsbAccess/UsbAccessPlugin.json
2025-10-21 14:33:57,426 - Knowledge - INFO - Worker kw3 processing /app/data/kaviademo4200/6784/b8996uu/RDK/Network/Network.cpp
2025-10-21 14:33:57,529 - Knowledge - INFO - Worker kw4 processing /app/data/kaviademo4200/6784/b8996uu/RDK/WebKitBrowser/TimeZone/TimeZoneSupport.cpp
2025-10-21 14:33:57,617 - Knowledge - INFO - process ingested knowledge for /app/data/kaviademo4200/6784/b8996uu/RDK/Tests/mocks/Telemetry.h
2025-10-21 14:33:57,700 - Knowledge - INFO - Fast-tracked /app/data/kaviademo4200/6784/b8996uu/RDK/docs/api/TimerPlugin.md (ext=.md, size=10911)
2025-10-21 14:33:57,808 - Knowledge - INFO - Worker kw1 processing /app/data/kaviademo4200/6784/b8996uu/RDK/AVOutput/AVOutput.json
2025-10-21 14:33:57,897 - Knowledge - WARNING - File /app/data/kaviademo4200/6784/b8996uu/RDK/helpers/UtilsSynchro.hpp not successfully processed
2025-10-21 14:33:57,980 - Knowledge - INFO - process ingested knowledge for /app/data/kaviademo4200/6784/b8996uu/RDK/Tests/mocks/maintenanceMGR.h
2025-10-21 14:33:58,085 - Knowledge - INFO - process ingested knowledge for /app/data/kaviademo4200/6784/b8996uu/RDK/Tests/mocks/BluetoothMocks.cpp
2025-10-21 14:33:58,173 - Knowledge - INFO - process ingested knowledge for /app/data/kaviademo4200/6784/b8996uu/RDK/Tests/L1Tests/tests/test_FrontPanel.cpp
2025-10-21 14:33:58,275 - Knowledge - INFO - Fast-tracked /app/data/kaviademo4200/6784/b8996uu/RDK/UsbAccess/UsbAccessPlugin.json (ext=.json, size=521)
2025-10-21 14:33:58,400 - Knowledge - INFO - Worker kw3 processing /app/data/kaviademo4200/6784/b8996uu/RDK/Network/Module.cpp
2025-10-21 14:33:58,495 - Knowledge - INFO - Worker kw4 processing /app/data/kaviademo4200/6784/b8996uu/RDK/WebKitBrowser/HTML5Notification.h
2025-10-21 14:33:58,603 - Knowledge - INFO - process ingested knowledge for /app/data/kaviademo4200/6784/b8996uu/RDK/Tests/mocks/Rfc.h
2025-10-21 14:33:58,698 - Knowledge - INFO - Worker kw10 processing /app/data/kaviademo4200/6784/b8996uu/RDK/docs/homepage.md
2025-10-21 14:33:58,811 - Knowledge - INFO - Fast-tracked /app/data/kaviademo4200/6784/b8996uu/RDK/AVOutput/AVOutput.json (ext=.json, size=119)
2025-10-21 14:33:58,956 - Knowledge - WARNING - File /app/data/kaviademo4200/6784/b8996uu/RDK/helpers/UtilsController.h not successfully processed
2025-10-21 14:33:59,049 - Knowledge - INFO - process ingested knowledge for /app/data/kaviademo4200/6784/b8996uu/RDK/Tests/mocks/rdkshell.h
2025-10-21 14:33:59,124 - Knowledge - INFO - process ingested knowledge for /app/data/kaviademo4200/6784/b8996uu/RDK/Tests/mocks/UdevMock.h
2025-10-21 14:33:59,207 - Knowledge - INFO - process ingested knowledge for /app/data/kaviademo4200/6784/b8996uu/RDK/Tests/L1Tests/tests/test_RDKShell.cpp
2025-10-21 14:33:59,288 - Knowledge - INFO - Worker kw2 processing /app/data/kaviademo4200/6784/b8996uu/RDK/UsbAccess/Module.cpp
2025-10-21 14:33:59,402 - Knowledge - INFO - Fast-tracked /app/data/kaviademo4200/6784/b8996uu/RDK/Network/Module.cpp (ext=.cpp, size=765)
2025-10-21 14:33:59,492 - Knowledge - INFO - Fast-tracked /app/data/kaviademo4200/6784/b8996uu/RDK/WebKitBrowser/HTML5Notification.h (ext=.h, size=1639)
2025-10-21 14:33:59,579 - Knowledge - INFO - process ingested knowledge for /app/data/kaviademo4200/6784/b8996uu/RDK/Tests/mocks/Dobby.cpp
2025-10-21 14:33:59,659 - Knowledge - INFO - Fast-tracked /app/data/kaviademo4200/6784/b8996uu/RDK/docs/homepage.md (ext=.md, size=933)
2025-10-21 14:33:59,765 - Knowledge - INFO - Worker kw1 processing /app/data/kaviademo4200/6784/b8996uu/RDK/AVOutput/AVOutputTV.h
2025-10-21 14:33:59,880 - Knowledge - WARNING - File /app/data/kaviademo4200/6784/b8996uu/RDK/helpers/tptimer.h not successfully processed
2025-10-21 14:33:59,975 - Knowledge - INFO - process ingested knowledge for /app/data/kaviademo4200/6784/b8996uu/RDK/ResourceManager/Module.h
2025-10-21 14:34:00,097 - Knowledge - INFO - process ingested knowledge for /app/data/kaviademo4200/6784/b8996uu/RDK/Tests/mocks/RBusMock.h
2025-10-21 14:34:00,175 - Knowledge - INFO - process ingested knowledge for /app/data/kaviademo4200/6784/b8996uu/RDK/Tests/L1Tests/tests/test_LoggingPreferences.cpp
2025-10-21 14:34:00,274 - Knowledge - INFO - Fast-tracked /app/data/kaviademo4200/6784/b8996uu/RDK/UsbAccess/Module.cpp (ext=.cpp, size=765)
2025-10-21 14:34:00,355 - Knowledge - INFO - Worker kw3 processing /app/data/kaviademo4200/6784/b8996uu/RDK/Network/CHANGELOG.md
2025-10-21 14:34:00,442 - Knowledge - INFO - Worker kw4 processing /app/data/kaviademo4200/6784/b8996uu/RDK/WebKitBrowser/Module.cpp
2025-10-21 14:34:00,555 - Knowledge - INFO - process ingested knowledge for /app/data/kaviademo4200/6784/b8996uu/RDK/Tests/mocks/rdkshellmock.h
2025-10-21 14:34:00,626 - Knowledge - INFO - Worker kw10 processing /app/data/kaviademo4200/6784/b8996uu/RDK/docs/userguide/_sidebar.md
2025-10-21 14:34:00,744 - Knowledge - INFO - Worker kw1 processing /app/data/kaviademo4200/6784/b8996uu/RDK/AVOutput/AVOutputBase.cpp
2025-10-21 14:34:00,905 - Knowledge - WARNING - File /app/data/kaviademo4200/6784/b8996uu/RDK/helpers/frontpanel.h not successfully processed
2025-10-21 14:34:00,987 - Knowledge - INFO - process ingested knowledge for /app/data/kaviademo4200/6784/b8996uu/RDK/ResourceManager/ResourceManagerPlugin.json
2025-10-21 14:34:01,061 - Knowledge - INFO - process ingested knowledge for /app/data/kaviademo4200/6784/b8996uu/RDK/Tests/mocks/opkgMock.cpp
2025-10-21 14:34:01,140 - Knowledge - INFO - process ingested knowledge for /app/data/kaviademo4200/6784/b8996uu/RDK/Tests/L1Tests/tests/test_MiracastService.cpp
2025-10-21 14:34:01,229 - Knowledge - INFO - Worker kw2 processing /app/data/kaviademo4200/6784/b8996uu/RDK/UsbAccess/CHANGELOG.md
2025-10-21 14:34:01,323 - Knowledge - INFO - Fast-tracked /app/data/kaviademo4200/6784/b8996uu/RDK/Network/CHANGELOG.md (ext=.md, size=4011)
2025-10-21 14:34:01,434 - Knowledge - INFO - Fast-tracked /app/data/kaviademo4200/6784/b8996uu/RDK/WebKitBrowser/Module.cpp (ext=.cpp, size=781)
2025-10-21 14:34:01,510 - Knowledge - INFO - process ingested knowledge for /app/data/kaviademo4200/6784/b8996uu/RDK/Tests/mocks/BluetoothMocks.h
2025-10-21 14:34:01,594 - Knowledge - INFO - Fast-tracked /app/data/kaviademo4200/6784/b8996uu/RDK/docs/userguide/_sidebar.md (ext=.md, size=777)
2025-10-21 14:34:01,681 - Knowledge - INFO - Fast-tracked /app/data/kaviademo4200/6784/b8996uu/RDK/AVOutput/AVOutputBase.cpp (ext=.cpp, size=1460)
2025-10-21 14:34:01,772 - Knowledge - WARNING - File /app/data/kaviademo4200/6784/b8996uu/RDK/XCast/XCastManager.h not successfully processed
2025-10-21 14:34:01,886 - Knowledge - INFO - process ingested knowledge for /app/data/kaviademo4200/6784/b8996uu/RDK/ResourceManager/CMakeLists.txt
2025-10-21 14:34:01,988 - Knowledge - INFO - process ingested knowledge for /app/data/kaviademo4200/6784/b8996uu/RDK/Tests/mocks/Rfc.cpp
2025-10-21 14:34:02,103 - Knowledge - INFO - process ingested knowledge for /app/data/kaviademo4200/6784/b8996uu/RDK/Tests/L1Tests/tests/test_MotionDetection.cpp
2025-10-21 14:34:02,204 - Knowledge - INFO - Fast-tracked /app/data/kaviademo4200/6784/b8996uu/RDK/UsbAccess/CHANGELOG.md (ext=.md, size=2438)
2025-10-21 14:34:02,285 - Knowledge - INFO - Worker kw3 processing /app/data/kaviademo4200/6784/b8996uu/RDK/Network/PingNotifier.cpp
2025-10-21 14:34:02,390 - Knowledge - INFO - Worker kw4 processing /app/data/kaviademo4200/6784/b8996uu/RDK/WebKitBrowser/CHANGELOG.md
2025-10-21 14:34:02,512 - Knowledge - INFO - process ingested knowledge for /app/data/kaviademo4200/6784/b8996uu/RDK/Tests/mocks/Udev.cpp
2025-10-21 14:34:02,620 - Knowledge - INFO - Worker kw10 processing /app/data/kaviademo4200/6784/b8996uu/RDK/docs/userguide/events.md
2025-10-21 14:34:02,720 - Knowledge - INFO - Worker kw1 processing /app/data/kaviademo4200/6784/b8996uu/RDK/AVOutput/Module.h
2025-10-21 14:34:02,845 - Knowledge - WARNING - File /app/data/kaviademo4200/6784/b8996uu/RDK/XCast/XCast.cpp not successfully processed
2025-10-21 14:34:02,972 - Knowledge - INFO - process ingested knowledge for /app/data/kaviademo4200/6784/b8996uu/RDK/ResourceManager/README.md
2025-10-21 14:34:03,086 - Knowledge - INFO - process ingested knowledge for /app/data/kaviademo4200/6784/b8996uu/RDK/Tests/mocks/Telemetry.cpp
2025-10-21 14:34:03,203 - Knowledge - INFO - process ingested knowledge for /app/data/kaviademo4200/6784/b8996uu/RDK/Tests/L1Tests/tests/test_ActivityMonitor.cpp
2025-10-21 14:34:03,300 - Knowledge - INFO - Worker kw2 processing /app/data/kaviademo4200/6784/b8996uu/RDK/SharedStorage/SharedStorage.json
2025-10-21 14:34:03,402 - Knowledge - INFO - Worker kw3 processing /app/data/kaviademo4200/6784/b8996uu/RDK/Network/NetworkConnectivity.h
2025-10-21 14:34:03,522 - Knowledge - INFO - Fast-tracked /app/data/kaviademo4200/6784/b8996uu/RDK/WebKitBrowser/CHANGELOG.md (ext=.md, size=4252)
2025-10-21 14:34:03,611 - Knowledge - INFO - process ingested knowledge for /app/data/kaviademo4200/6784/b8996uu/RDK/Tests/mocks/RfcApiMock.h
2025-10-21 14:34:03,735 - Knowledge - INFO - Fast-tracked /app/data/kaviademo4200/6784/b8996uu/RDK/docs/userguide/events.md (ext=.md, size=941)
2025-10-21 14:34:03,835 - Knowledge - INFO - Fast-tracked /app/data/kaviademo4200/6784/b8996uu/RDK/AVOutput/Module.h (ext=.h, size=957)
2025-10-21 14:34:03,988 - Knowledge - WARNING - File /app/data/kaviademo4200/6784/b8996uu/RDK/XCast/XCastImplementation.cpp not successfully processed
2025-10-21 14:34:04,063 - Knowledge - INFO - process ingested knowledge for /app/data/kaviademo4200/6784/b8996uu/RDK/ResourceManager/ResourceManager.json
2025-10-21 14:34:04,180 - Knowledge - INFO - process ingested knowledge for /app/data/kaviademo4200/6784/b8996uu/RDK/Tests/mocks/BluetoothMgr.h
2025-10-21 14:34:04,287 - Knowledge - INFO - process ingested knowledge for /app/data/kaviademo4200/6784/b8996uu/RDK/Tests/L1Tests/tests/test_HdmiCec.cpp
2025-10-21 14:34:04,394 - Knowledge - INFO - Fast-tracked /app/data/kaviademo4200/6784/b8996uu/RDK/SharedStorage/SharedStorage.json (ext=.json, size=10999)
2025-10-21 14:34:04,485 - Knowledge - INFO - Worker kw3 processing /app/data/kaviademo4200/6784/b8996uu/RDK/DeviceIdentification/DeviceIdentification.h
2025-10-21 14:34:04,570 - Knowledge - INFO - Worker kw4 processing /app/data/kaviademo4200/6784/b8996uu/RDK/WebKitBrowser/BrowserConsoleLog.h
2025-10-21 14:34:04,665 - Knowledge - INFO - process ingested knowledge for /app/data/kaviademo4200/6784/b8996uu/RDK/Tests/mocks/DRMScreenCapture.h
2025-10-21 14:34:04,761 - Knowledge - INFO - Worker kw10 processing /app/data/kaviademo4200/6784/b8996uu/RDK/docs/userguide/native.md
2025-10-21 14:34:04,882 - Knowledge - INFO - Worker kw1 processing /app/data/kaviademo4200/6784/b8996uu/RDK/AVOutput/AVOutputSTB.cpp
2025-10-21 14:34:05,007 - Knowledge - WARNING - File /app/data/kaviademo4200/6784/b8996uu/RDK/XCast/XCast.h not successfully processed
2025-10-21 14:34:05,078 - Knowledge - INFO - process ingested knowledge for /app/data/kaviademo4200/6784/b8996uu/RDK/ResourceManager/Module.cpp
2025-10-21 14:34:05,160 - Knowledge - INFO - process ingested knowledge for /app/data/kaviademo4200/6784/b8996uu/RDK/Tests/mocks/RBus.h
2025-10-21 14:34:05,278 - Knowledge - INFO - process ingested knowledge for /app/data/kaviademo4200/6784/b8996uu/RDK/Tests/L1Tests/tests/test_CompositeInput.cpp
2025-10-21 14:34:05,388 - Knowledge - INFO - Worker kw2 processing /app/data/kaviademo4200/6784/b8996uu/RDK/SharedStorage/Module.h
2025-10-21 14:34:05,467 - Knowledge - INFO - Worker kw3 processing /app/data/kaviademo4200/6784/b8996uu/RDK/DeviceIdentification/Module.h
2025-10-21 14:34:05,560 - Knowledge - INFO - Worker kw4 processing /app/data/kaviademo4200/6784/b8996uu/RDK/SystemMode/SystemMode.h
2025-10-21 14:34:05,686 - Knowledge - INFO - process ingested knowledge for /app/data/kaviademo4200/6784/b8996uu/RDK/Tests/mocks/WpaCtrlMock.h
2025-10-21 14:34:05,788 - Knowledge - INFO - Fast-tracked /app/data/kaviademo4200/6784/b8996uu/RDK/docs/userguide/native.md (ext=.md, size=2932)
2025-10-21 14:34:05,907 - Knowledge - INFO - Fast-tracked /app/data/kaviademo4200/6784/b8996uu/RDK/AVOutput/AVOutputSTB.cpp (ext=.cpp, size=1158)
2025-10-21 14:34:06,056 - Knowledge - INFO - Processing batch of 30 files
2025-10-21 14:34:06,117 - Knowledge - INFO - process ingested knowledge for /app/data/kaviademo4200/6784/b8996uu/RDK/ResourceManager/CHANGELOG.md
2025-10-21 14:34:06,197 - Knowledge - INFO - process ingested knowledge for /app/data/kaviademo4200/6784/b8996uu/RDK/Tests/mocks/devicesettings.cpp
2025-10-21 14:34:06,303 - Knowledge - INFO - process ingested knowledge for /app/data/kaviademo4200/6784/b8996uu/RDK/Tests/L1Tests/tests/test_Warehouse.cpp
2025-10-21 14:34:06,395 - Knowledge - INFO - Fast-tracked /app/data/kaviademo4200/6784/b8996uu/RDK/SharedStorage/Module.h (ext=.h, size=1066)
2025-10-21 14:34:06,468 - Knowledge - INFO - Fast-tracked /app/data/kaviademo4200/6784/b8996uu/RDK/DeviceIdentification/Module.h (ext=.h, size=1009)
2025-10-21 14:34:06,576 - Knowledge - INFO - Worker kw4 processing /app/data/kaviademo4200/6784/b8996uu/RDK/SystemMode/Module.h
2025-10-21 14:34:06,664 - Knowledge - INFO - process ingested knowledge for /app/data/kaviademo4200/6784/b8996uu/RDK/Tests/mocks/WrapsMock.h
2025-10-21 14:34:06,746 - Knowledge - INFO - Worker kw10 processing /app/data/kaviademo4200/6784/b8996uu/RDK/docs/userguide/thunderjs.md
2025-10-21 14:34:06,829 - Knowledge - INFO - Worker kw1 processing /app/data/kaviademo4200/6784/b8996uu/RDK/AVOutput/AVOutput.h
2025-10-21 14:34:06,933 - Knowledge - INFO - process ingested knowledge for /app/data/kaviademo4200/6784/b8996uu/RDK/helpers/WebSockets/ConnectionInitializationResult.h
2025-10-21 14:34:07,016 - Knowledge - INFO - process ingested knowledge for /app/data/kaviademo4200/6784/b8996uu/RDK/LinearPlaybackControl/Module.h
2025-10-21 14:34:07,105 - Knowledge - INFO - process ingested knowledge for /app/data/kaviademo4200/6784/b8996uu/RDK/Tests/mocks/Udev.h
2025-10-21 14:34:07,207 - Knowledge - INFO - process ingested knowledge for /app/data/kaviademo4200/6784/b8996uu/RDK/Tests/L1Tests/tests/test_FirmwareVersion.cpp
2025-10-21 14:34:07,301 - Knowledge - INFO - Worker kw2 processing /app/data/kaviademo4200/6784/b8996uu/RDK/SharedStorage/SharedStorageJsonRpc.cpp
2025-10-21 14:34:07,403 - Knowledge - INFO - Worker kw3 processing /app/data/kaviademo4200/6784/b8996uu/RDK/DeviceIdentification/DeviceIdentification.json
2025-10-21 14:34:07,489 - Knowledge - INFO - Fast-tracked /app/data/kaviademo4200/6784/b8996uu/RDK/SystemMode/Module.h (ext=.h, size=872)
2025-10-21 14:34:07,580 - Knowledge - INFO - process ingested knowledge for /app/data/kaviademo4200/6784/b8996uu/RDK/Tests/mocks/RBus.cpp
2025-10-21 14:34:07,664 - Knowledge - INFO - Fast-tracked /app/data/kaviademo4200/6784/b8996uu/RDK/docs/userguide/thunderjs.md (ext=.md, size=2227)
2025-10-21 14:34:07,751 - Knowledge - INFO - Fast-tracked /app/data/kaviademo4200/6784/b8996uu/RDK/AVOutput/AVOutput.h (ext=.h, size=1937)
2025-10-21 14:34:07,875 - Knowledge - INFO - process ingested knowledge for /app/data/kaviademo4200/6784/b8996uu/RDK/helpers/WebSockets/Encryption/NoEncryption.h
2025-10-21 14:34:07,958 - Knowledge - INFO - process ingested knowledge for /app/data/kaviademo4200/6784/b8996uu/RDK/LinearPlaybackControl/LinearConfig.cpp
2025-10-21 14:34:08,040 - Knowledge - INFO - process ingested knowledge for /app/data/kaviademo4200/6784/b8996uu/RDK/Tests/mocks/Iarm.cpp
2025-10-21 14:34:08,133 - Knowledge - INFO - process ingested knowledge for /app/data/kaviademo4200/6784/b8996uu/RDK/Tests/L1Tests/tests/test_XCast.cpp
2025-10-21 14:34:08,250 - Knowledge - INFO - Worker kw2 processing /app/data/kaviademo4200/6784/b8996uu/RDK/SharedStorage/SharedStorage.h
2025-10-21 14:34:08,372 - Knowledge - INFO - Fast-tracked /app/data/kaviademo4200/6784/b8996uu/RDK/DeviceIdentification/DeviceIdentification.json (ext=.json, size=1507)
2025-10-21 14:34:08,458 - Knowledge - INFO - Worker kw4 processing /app/data/kaviademo4200/6784/b8996uu/RDK/SystemMode/SystemMode.json
2025-10-21 14:34:08,546 - Knowledge - INFO - process ingested knowledge for /app/data/kaviademo4200/6784/b8996uu/RDK/Tests/mocks/HdmiCec.h
2025-10-21 14:34:08,633 - Knowledge - INFO - Worker kw10 processing /app/data/kaviademo4200/6784/b8996uu/RDK/docs/userguide/discover.md
2025-10-21 14:34:08,725 - Knowledge - INFO - Worker kw1 processing /app/data/kaviademo4200/6784/b8996uu/RDK/AVOutput/CMakeLists.txt
2025-10-21 14:34:08,816 - Knowledge - INFO - process ingested knowledge for /app/data/kaviademo4200/6784/b8996uu/RDK/helpers/WebSockets/CommunicationInterface/BinaryInterface.h
2025-10-21 14:34:08,908 - Knowledge - INFO - process ingested knowledge for /app/data/kaviademo4200/6784/b8996uu/RDK/LinearPlaybackControl/LinearPlaybackControlPlugin.json
2025-10-21 14:34:09,033 - Knowledge - INFO - process ingested knowledge for /app/data/kaviademo4200/6784/b8996uu/RDK/Tests/mocks/thunder/WorkerPoolImplementation.h
2025-10-21 14:34:09,132 - Knowledge - INFO - process ingested knowledge for /app/data/kaviademo4200/6784/b8996uu/RDK/Tests/L1Tests/tests/test_Telemetry.cpp
2025-10-21 14:34:09,221 - Knowledge - INFO - Worker kw2 processing /app/data/kaviademo4200/6784/b8996uu/RDK/SharedStorage/CMakeLists.txt
2025-10-21 14:34:09,309 - Knowledge - INFO - Worker kw3 processing /app/data/kaviademo4200/6784/b8996uu/RDK/DeviceIdentification/DeviceIdentificationJsonRpc.cpp
2025-10-21 14:34:09,417 - Knowledge - INFO - Fast-tracked /app/data/kaviademo4200/6784/b8996uu/RDK/SystemMode/SystemMode.json (ext=.json, size=2371)
2025-10-21 14:34:09,539 - Knowledge - INFO - process ingested knowledge for /app/data/kaviademo4200/6784/b8996uu/RDK/Tests/mocks/IarmBusMock.h
2025-10-21 14:34:09,663 - Knowledge - INFO - Fast-tracked /app/data/kaviademo4200/6784/b8996uu/RDK/docs/userguide/discover.md (ext=.md, size=1866)
2025-10-21 14:34:09,795 - Knowledge - INFO - Fast-tracked /app/data/kaviademo4200/6784/b8996uu/RDK/AVOutput/CMakeLists.txt (ext=.txt, size=2539)
2025-10-21 14:34:09,871 - Knowledge - INFO - process ingested knowledge for /app/data/kaviademo4200/6784/b8996uu/RDK/helpers/WebSockets/JsonRpc/Notification.cpp
2025-10-21 14:34:09,992 - Knowledge - INFO - process ingested knowledge for /app/data/kaviademo4200/6784/b8996uu/RDK/LinearPlaybackControl/CMakeLists.txt
2025-10-21 14:34:10,084 - Knowledge - INFO - process ingested knowledge for /app/data/kaviademo4200/6784/b8996uu/RDK/Tests/mocks/thunder/Module.h
2025-10-21 14:34:10,208 - Knowledge - INFO - process ingested knowledge for /app/data/kaviademo4200/6784/b8996uu/RDK/Tests/L1Tests/tests/test_DeviceInfoJsonRpc.cpp
2025-10-21 14:34:10,304 - Knowledge - INFO - Fast-tracked /app/data/kaviademo4200/6784/b8996uu/RDK/SharedStorage/CMakeLists.txt (ext=.txt, size=1610)
2025-10-21 14:34:10,410 - Knowledge - INFO - Fast-tracked /app/data/kaviademo4200/6784/b8996uu/RDK/DeviceIdentification/DeviceIdentificationJsonRpc.cpp (ext=.cpp, size=1544)
2025-10-21 14:34:10,520 - Knowledge - INFO - Worker kw4 processing /app/data/kaviademo4200/6784/b8996uu/RDK/SystemMode/SystemModeImplementation.h
2025-10-21 14:34:10,644 - Knowledge - INFO - process ingested knowledge for /app/data/kaviademo4200/6784/b8996uu/RDK/Tests/mocks/Wraps.h
2025-10-21 14:34:10,733 - Knowledge - INFO - Worker kw10 processing /app/data/kaviademo4200/6784/b8996uu/RDK/docs/userguide/clients.md
2025-10-21 14:34:10,850 - Knowledge - INFO - Worker kw1 processing /app/data/kaviademo4200/6784/b8996uu/RDK/AVOutput/AVOutput.cpp
2025-10-21 14:34:10,961 - Knowledge - INFO - process ingested knowledge for /app/data/kaviademo4200/6784/b8996uu/RDK/helpers/WebSockets/JsonRpc/Request.cpp
2025-10-21 14:34:11,055 - Knowledge - INFO - process ingested knowledge for /app/data/kaviademo4200/6784/b8996uu/RDK/LinearPlaybackControl/IDemuxer.h
2025-10-21 14:34:11,136 - Knowledge - INFO - process ingested knowledge for /app/data/kaviademo4200/6784/b8996uu/RDK/Tests/mocks/thunder/FactoriesImplementation.h
2025-10-21 14:34:11,245 - Knowledge - INFO - process ingested knowledge for /app/data/kaviademo4200/6784/b8996uu/RDK/Tests/L1Tests/tests/test_AVInput.cpp
2025-10-21 14:34:11,350 - Knowledge - INFO - Worker kw2 processing /app/data/kaviademo4200/6784/b8996uu/RDK/SharedStorage/SharedStorage.cpp
2025-10-21 14:34:11,555 - Knowledge - INFO - Worker kw4 processing /app/data/kaviademo4200/6784/b8996uu/RDK/SystemMode/CMakeLists.txt
2025-10-21 14:34:11,670 - Knowledge - INFO - process ingested knowledge for /app/data/kaviademo4200/6784/b8996uu/RDK/Tests/mocks/WpaCtrl.h
2025-10-21 14:34:11,744 - Knowledge - INFO - Fast-tracked /app/data/kaviademo4200/6784/b8996uu/RDK/docs/userguide/clients.md (ext=.md, size=1432)
2025-10-21 14:34:11,857 - Knowledge - INFO - Fast-tracked /app/data/kaviademo4200/6784/b8996uu/RDK/AVOutput/AVOutput.cpp (ext=.cpp, size=1453)
2025-10-21 14:34:11,947 - Knowledge - INFO - process ingested knowledge for /app/data/kaviademo4200/6784/b8996uu/RDK/helpers/WebSockets/JsonRpc/Response.h
2025-10-21 14:34:12,035 - Knowledge - INFO - process ingested knowledge for /app/data/kaviademo4200/6784/b8996uu/RDK/LinearPlaybackControl/LinearPlaybackControl.json
2025-10-21 14:34:12,127 - Knowledge - INFO - process ingested knowledge for /app/data/kaviademo4200/6784/b8996uu/RDK/Tests/mocks/thunder/ServiceMock.h
2025-10-21 14:34:12,216 - Knowledge - INFO - process ingested knowledge for /app/data/kaviademo4200/6784/b8996uu/RDK/Tests/L1Tests/tests/test_SecurityAgent.cpp
2025-10-21 14:34:12,327 - Knowledge - INFO - Worker kw2 processing /app/data/kaviademo4200/6784/b8996uu/RDK/SharedStorage/SharedStoragePlugin.json
2025-10-21 14:34:12,439 - Knowledge - INFO - Fast-tracked /app/data/kaviademo4200/6784/b8996uu/RDK/SystemMode/CMakeLists.txt (ext=.txt, size=2721)
2025-10-21 14:34:12,532 - Knowledge - INFO - process ingested knowledge for /app/data/kaviademo4200/6784/b8996uu/RDK/Tests/mocks/TelemetryMock.h
2025-10-21 14:34:12,708 - Knowledge - INFO - Processing batch of 75 files
2025-10-21 14:34:12,739 - Knowledge - INFO - Worker kw1 processing /app/data/kaviademo4200/6784/b8996uu/RDK/AVOutput/AVOutputBase.h
2025-10-21 14:34:12,834 - Knowledge - INFO - process ingested knowledge for /app/data/kaviademo4200/6784/b8996uu/RDK/helpers/WebSockets/JsonRpc/Notification.h
2025-10-21 14:34:12,915 - Knowledge - INFO - process ingested knowledge for /app/data/kaviademo4200/6784/b8996uu/RDK/LinearPlaybackControl/Module.cpp
2025-10-21 14:34:12,991 - Knowledge - INFO - process ingested knowledge for /app/data/kaviademo4200/6784/b8996uu/RDK/Tests/mocks/thunder/COMLinkMock.h
2025-10-21 14:34:13,106 - Knowledge - INFO - process ingested knowledge for /app/data/kaviademo4200/6784/b8996uu/RDK/Tests/L1Tests/tests/test_FrameRate.cpp
2025-10-21 14:34:13,191 - Knowledge - INFO - Fast-tracked /app/data/kaviademo4200/6784/b8996uu/RDK/SharedStorage/SharedStoragePlugin.json (ext=.json, size=480)
2025-10-21 14:34:13,383 - Knowledge - INFO - process ingested knowledge for /app/data/kaviademo4200/6784/b8996uu/RDK/Tests/mocks/MotionDetection.h
2025-10-21 14:34:13,452 - Knowledge - INFO - process ingested knowledge for /app/data/kaviademo4200/6784/b8996uu/RDK/docs/_coverpage.md
2025-10-21 14:34:13,577 - Knowledge - INFO - Fast-tracked /app/data/kaviademo4200/6784/b8996uu/RDK/AVOutput/AVOutputBase.h (ext=.h, size=1746)
2025-10-21 14:34:13,693 - Knowledge - INFO - process ingested knowledge for /app/data/kaviademo4200/6784/b8996uu/RDK/helpers/WebSockets/JsonRpc/Request.h
2025-10-21 14:34:13,771 - Knowledge - INFO - process ingested knowledge for /app/data/kaviademo4200/6784/b8996uu/RDK/LinearPlaybackControl/LinearConfig.h
2025-10-21 14:34:13,873 - Knowledge - INFO - process ingested knowledge for /app/data/kaviademo4200/6784/b8996uu/RDK/Tests/mocks/thunder/SystemInfo.h
2025-10-21 14:34:13,953 - Knowledge - INFO - process ingested knowledge for /app/data/kaviademo4200/6784/b8996uu/RDK/Tests/L1Tests/tests/test_HdmiCec2.cpp
2025-10-21 14:34:14,037 - Knowledge - INFO - Worker kw2 processing /app/data/kaviademo4200/6784/b8996uu/RDK/SharedStorage/Module.cpp
2025-10-21 14:34:14,127 - Knowledge - INFO - process ingested knowledge for /app/data/kaviademo4200/6784/b8996uu/RDK/Tests/mocks/secure_wrappermock.h
2025-10-21 14:34:14,247 - Knowledge - INFO - process ingested knowledge for /app/data/kaviademo4200/6784/b8996uu/RDK/docs/api/HdmiInputPlugin.md
2025-10-21 14:34:14,330 - Knowledge - INFO - Worker kw1 processing /app/data/kaviademo4200/6784/b8996uu/RDK/AVOutput/AVOutputTVHelper.cpp
2025-10-21 14:34:14,456 - Knowledge - INFO - process ingested knowledge for /app/data/kaviademo4200/6784/b8996uu/RDK/helpers/UtilsBIT.h
2025-10-21 14:34:14,548 - Knowledge - INFO - process ingested knowledge for /app/data/kaviademo4200/6784/b8996uu/RDK/Warehouse/Module.h
2025-10-21 14:34:14,622 - Knowledge - INFO - process ingested knowledge for /app/data/kaviademo4200/6784/b8996uu/RDK/Tests/mocks/thunder/Module.cpp
2025-10-21 14:34:14,717 - Knowledge - INFO - process ingested knowledge for /app/data/kaviademo4200/6784/b8996uu/RDK/Tests/L1Tests/tests/test_TraceControlJsonRpc.cpp
2025-10-21 14:34:14,832 - Knowledge - INFO - Fast-tracked /app/data/kaviademo4200/6784/b8996uu/RDK/SharedStorage/Module.cpp (ext=.cpp, size=765)
2025-10-21 14:34:14,900 - Knowledge - INFO - process ingested knowledge for /app/data/kaviademo4200/6784/b8996uu/RDK/Tests/mocks/devicesettings.h
2025-10-21 14:34:15,027 - Knowledge - INFO - process ingested knowledge for /app/data/kaviademo4200/6784/b8996uu/RDK/docs/api/HdmiCecSinkPlugin.md
2025-10-21 14:34:15,117 - Knowledge - INFO - Worker kw1 processing /app/data/kaviademo4200/6784/b8996uu/RDK/AVOutput/AVOutputTV.cpp
2025-10-21 14:34:15,200 - Knowledge - INFO - process ingested knowledge for /app/data/kaviademo4200/6784/b8996uu/RDK/helpers/UtilsisValidInt.h
2025-10-21 14:34:15,304 - Knowledge - INFO - process ingested knowledge for /app/data/kaviademo4200/6784/b8996uu/RDK/Warehouse/WarehousePlugin.json
2025-10-21 14:34:15,407 - Knowledge - INFO - process ingested knowledge for /app/data/kaviademo4200/6784/b8996uu/RDK/Tests/mocks/thunder/DispatcherMock.h
2025-10-21 14:34:15,498 - Knowledge - INFO - process ingested knowledge for /app/data/kaviademo4200/6784/b8996uu/RDK/Tests/clang.cmake
2025-10-21 14:34:15,590 - Knowledge - INFO - Worker kw2 processing /app/data/kaviademo4200/6784/b8996uu/RDK/SharedStorage/CHANGELOG.md
2025-10-21 14:34:15,698 - Knowledge - INFO - process ingested knowledge for /app/data/kaviademo4200/6784/b8996uu/RDK/Tests/mocks/DRMScreenCaptureMock.h
2025-10-21 14:34:15,791 - Knowledge - INFO - process ingested knowledge for /app/data/kaviademo4200/6784/b8996uu/RDK/docs/api/DisplayInfoPlugin.md
2025-10-21 14:34:15,860 - Knowledge - INFO - Fast-tracked /app/data/kaviademo4200/6784/b8996uu/RDK/AVOutput/AVOutputTV.cpp (ext=.cpp, size=114776)
2025-10-21 14:34:15,942 - Knowledge - INFO - process ingested knowledge for /app/data/kaviademo4200/6784/b8996uu/RDK/helpers/UtilssyncPersistFile.h
2025-10-21 14:34:16,037 - Knowledge - INFO - process ingested knowledge for /app/data/kaviademo4200/6784/b8996uu/RDK/Warehouse/CMakeLists.txt
2025-10-21 14:34:16,115 - Knowledge - INFO - process ingested knowledge for /app/data/kaviademo4200/6784/b8996uu/RDK/Tests/mocks/rdkshell.cpp
2025-10-21 14:34:16,307 - Knowledge - INFO - Fast-tracked /app/data/kaviademo4200/6784/b8996uu/RDK/SharedStorage/CHANGELOG.md (ext=.md, size=1405)
2025-10-21 14:34:16,398 - Knowledge - INFO - process ingested knowledge for /app/data/kaviademo4200/6784/b8996uu/RDK/Tests/mocks/RdkLoggerMilestone.h
2025-10-21 14:34:16,493 - Knowledge - INFO - process ingested knowledge for /app/data/kaviademo4200/6784/b8996uu/RDK/docs/api/ControlServicePlugin.md
2025-10-21 14:34:16,574 - Knowledge - INFO - Worker kw1 processing /app/data/kaviademo4200/6784/b8996uu/RDK/AVOutput/Module.cpp
2025-10-21 14:34:16,675 - Knowledge - INFO - process ingested knowledge for /app/data/kaviademo4200/6784/b8996uu/RDK/helpers/UtilsLogging.h
2025-10-21 14:34:16,783 - Knowledge - INFO - process ingested knowledge for /app/data/kaviademo4200/6784/b8996uu/RDK/Warehouse/cmake/FindIARMBus.cmake
2025-10-21 14:34:16,952 - Knowledge - INFO - Worker kw2 processing /app/data/kaviademo4200/6784/b8996uu/RDK/HelloWorld/HelloWorldImplementation.h
2025-10-21 14:34:17,145 - Knowledge - INFO - process ingested knowledge for /app/data/kaviademo4200/6784/b8996uu/RDK/Tests/mocks/Iarm.h
2025-10-21 14:34:17,223 - Knowledge - INFO - process ingested knowledge for /app/data/kaviademo4200/6784/b8996uu/RDK/docs/api/ContinueWatchingPlugin.md
2025-10-21 14:34:17,308 - Knowledge - INFO - Fast-tracked /app/data/kaviademo4200/6784/b8996uu/RDK/AVOutput/Module.cpp (ext=.cpp, size=756)
2025-10-21 14:34:17,529 - Knowledge - INFO - process ingested knowledge for /app/data/kaviademo4200/6784/b8996uu/RDK/helpers/UtilsCStr.h
2025-10-21 14:34:17,530 - Knowledge - INFO - process ingested knowledge for /app/data/kaviademo4200/6784/b8996uu/RDK/Warehouse/cmake/FindDS.cmake
2025-10-21 14:34:17,543 - Knowledge - INFO - Worker kw2 processing /app/data/kaviademo4200/6784/b8996uu/RDK/HelloWorld/Module.h
2025-10-21 14:34:17,848 - Knowledge - INFO - Worker kw1 processing /app/data/kaviademo4200/6784/b8996uu/RDK/AVOutput/CHANGELOG.md
2025-10-21 14:34:17,970 - Knowledge - INFO - process ingested knowledge for /app/data/kaviademo4200/6784/b8996uu/RDK/docs/api/NetworkPlugin.md
2025-10-21 14:34:17,971 - Knowledge - INFO - process ingested knowledge for /app/data/kaviademo4200/6784/b8996uu/RDK/helpers/UtilsUnused.h
2025-10-21 14:34:18,121 - Knowledge - INFO - Fast-tracked /app/data/kaviademo4200/6784/b8996uu/RDK/HelloWorld/Module.h (ext=.h, size=880)
2025-10-21 14:34:18,132 - Knowledge - INFO - process ingested knowledge for /app/data/kaviademo4200/6784/b8996uu/RDK/Warehouse/README.md
2025-10-21 14:34:18,200 - Knowledge - INFO - Fast-tracked /app/data/kaviademo4200/6784/b8996uu/RDK/AVOutput/CHANGELOG.md (ext=.md, size=1847)
2025-10-21 14:34:18,352 - Knowledge - INFO - process ingested knowledge for /app/data/kaviademo4200/6784/b8996uu/RDK/docs/api/SystemModePlugin.md
2025-10-21 14:34:18,587 - Knowledge - INFO - process ingested knowledge for /app/data/kaviademo4200/6784/b8996uu/RDK/helpers/UtilsFile.h
2025-10-21 14:34:18,675 - Knowledge - INFO - process ingested knowledge for /app/data/kaviademo4200/6784/b8996uu/RDK/Warehouse/Warehouse.json
2025-10-21 14:34:18,758 - Knowledge - INFO - Worker kw1 processing /app/data/kaviademo4200/6784/b8996uu/RDK/AVOutput/AVOutputSTB.h
2025-10-21 14:34:19,028 - Knowledge - INFO - process ingested knowledge for /app/data/kaviademo4200/6784/b8996uu/RDK/helpers/UtilsfileExists.h
2025-10-21 14:34:19,197 - Knowledge - INFO - Fast-tracked /app/data/kaviademo4200/6784/b8996uu/RDK/AVOutput/AVOutputSTB.h (ext=.h, size=1521)
2025-10-21 14:34:19,246 - Knowledge - INFO - process ingested knowledge for /app/data/kaviademo4200/6784/b8996uu/RDK/docs/api/_sidebar.md
2025-10-21 14:34:19,315 - Knowledge - INFO - process ingested knowledge for /app/data/kaviademo4200/6784/b8996uu/RDK/helpers/CHANGELOG.md
2025-10-21 14:34:19,315 - Knowledge - INFO - process ingested knowledge for /app/data/kaviademo4200/6784/b8996uu/RDK/Warehouse/Module.cpp
2025-10-21 14:34:19,432 - Knowledge - INFO - Worker kw1 processing /app/data/kaviademo4200/6784/b8996uu/RDK/Analytics/Analytics.json
2025-10-21 14:34:19,642 - Knowledge - INFO - process ingested knowledge for /app/data/kaviademo4200/6784/b8996uu/RDK/docs/api/WebKitBrowserPlugin.md
2025-10-21 14:34:19,642 - Knowledge - INFO - process ingested knowledge for /app/data/kaviademo4200/6784/b8996uu/RDK/XCast/Module.h
2025-10-21 14:34:19,768 - Knowledge - INFO - Fast-tracked /app/data/kaviademo4200/6784/b8996uu/RDK/Analytics/Analytics.json (ext=.json, size=4074)
2025-10-21 14:34:19,904 - Knowledge - INFO - process ingested knowledge for /app/data/kaviademo4200/6784/b8996uu/RDK/Warehouse/CHANGELOG.md
2025-10-21 14:34:19,980 - Knowledge - INFO - process ingested knowledge for /app/data/kaviademo4200/6784/b8996uu/RDK/docs/api/DeviceIdentificationPlugin.md
2025-10-21 14:34:20,054 - Knowledge - INFO - process ingested knowledge for /app/data/kaviademo4200/6784/b8996uu/RDK/XCast/XCastCommon.h
2025-10-21 14:34:20,090 - Knowledge - INFO - Worker kw1 processing /app/data/kaviademo4200/6784/b8996uu/RDK/Analytics/Module.h
2025-10-21 14:34:20,255 - Knowledge - INFO - process ingested knowledge for /app/data/kaviademo4200/6784/b8996uu/RDK/Telemetry/Module.h
2025-10-21 14:34:20,480 - Knowledge - INFO - process ingested knowledge for /app/data/kaviademo4200/6784/b8996uu/RDK/docs/api/LEDControlPlugin.md
2025-10-21 14:34:20,480 - Knowledge - INFO - process ingested knowledge for /app/data/kaviademo4200/6784/b8996uu/RDK/XCast/XCastPlugin.json
2025-10-21 14:34:20,513 - Knowledge - INFO - Fast-tracked /app/data/kaviademo4200/6784/b8996uu/RDK/Analytics/Module.h (ext=.h, size=873)
2025-10-21 14:34:20,784 - Knowledge - INFO - process ingested knowledge for /app/data/kaviademo4200/6784/b8996uu/RDK/Telemetry/Telemetry.cpp
2025-10-21 14:34:20,785 - Knowledge - INFO - process ingested knowledge for /app/data/kaviademo4200/6784/b8996uu/RDK/docs/api/RemoteActionMappingPlugin.md
2025-10-21 14:34:20,930 - Knowledge - INFO - Worker kw1 processing /app/data/kaviademo4200/6784/b8996uu/RDK/Analytics/Implementation/Backend/Sift/SiftUploader.h
2025-10-21 14:34:21,123 - Knowledge - INFO - process ingested knowledge for /app/data/kaviademo4200/6784/b8996uu/RDK/Telemetry/TelemetryPlugin.json
2025-10-21 14:34:21,125 - Knowledge - INFO - process ingested knowledge for /app/data/kaviademo4200/6784/b8996uu/RDK/XCast/CMakeLists.txt
2025-10-21 14:34:21,266 - Knowledge - INFO - Worker kw1 processing /app/data/kaviademo4200/6784/b8996uu/RDK/Analytics/Implementation/Backend/Sift/SiftBackend.h
2025-10-21 14:34:21,443 - Knowledge - INFO - process ingested knowledge for /app/data/kaviademo4200/6784/b8996uu/RDK/Telemetry/CMakeLists.txt
2025-10-21 14:34:21,602 - Knowledge - INFO - Worker kw1 processing /app/data/kaviademo4200/6784/b8996uu/RDK/Analytics/Implementation/Backend/Sift/SiftStore.cpp
2025-10-21 14:34:21,688 - Knowledge - INFO - process ingested knowledge for /app/data/kaviademo4200/6784/b8996uu/RDK/docs/api/BluetoothPlugin.md
2025-10-21 14:34:21,776 - Knowledge - INFO - Worker kw1 processing /app/data/kaviademo4200/6784/b8996uu/RDK/Analytics/Implementation/Backend/Sift/SiftConfig.h
2025-10-21 14:34:21,816 - Knowledge - INFO - process ingested knowledge for /app/data/kaviademo4200/6784/b8996uu/RDK/Telemetry/Telemetry.h
2025-10-21 14:34:21,956 - Knowledge - INFO - process ingested knowledge for /app/data/kaviademo4200/6784/b8996uu/RDK/XCast/XCastNotifier.h
2025-10-21 14:34:21,956 - Knowledge - INFO - process ingested knowledge for /app/data/kaviademo4200/6784/b8996uu/RDK/docs/api/LocationSyncPlugin.md
2025-10-21 14:34:22,013 - Knowledge - INFO - Worker kw1 processing /app/data/kaviademo4200/6784/b8996uu/RDK/Analytics/Implementation/Backend/Sift/CMakeLists.txt
2025-10-21 14:34:22,397 - Knowledge - INFO - process ingested knowledge for /app/data/kaviademo4200/6784/b8996uu/RDK/XCast/README.md
2025-10-21 14:34:22,426 - Knowledge - INFO - Fast-tracked /app/data/kaviademo4200/6784/b8996uu/RDK/Analytics/Implementation/Backend/Sift/CMakeLists.txt (ext=.txt, size=1850)
2025-10-21 14:34:22,538 - Knowledge - INFO - process ingested knowledge for /app/data/kaviademo4200/6784/b8996uu/RDK/docs/api/MessageControlPlugin.md
2025-10-21 14:34:22,612 - Knowledge - INFO - process ingested knowledge for /app/data/kaviademo4200/6784/b8996uu/RDK/Telemetry/README.md
2025-10-21 14:34:22,683 - Knowledge - INFO - process ingested knowledge for /app/data/kaviademo4200/6784/b8996uu/RDK/XCast/XCast.json
2025-10-21 14:34:22,706 - Knowledge - INFO - Worker kw1 processing /app/data/kaviademo4200/6784/b8996uu/RDK/Analytics/Implementation/Backend/Sift/SiftStore.h
2025-10-21 14:34:22,921 - Knowledge - INFO - process ingested knowledge for /app/data/kaviademo4200/6784/b8996uu/RDK/docs/api/MaintenanceManagerPlugin.md
2025-10-21 14:34:23,002 - Knowledge - INFO - process ingested knowledge for /app/data/kaviademo4200/6784/b8996uu/RDK/Telemetry/Telemetry.json
2025-10-21 14:34:23,096 - Knowledge - INFO - Fast-tracked /app/data/kaviademo4200/6784/b8996uu/RDK/Analytics/Implementation/Backend/Sift/SiftStore.h (ext=.h, size=1546)
2025-10-21 14:34:23,348 - Knowledge - INFO - process ingested knowledge for /app/data/kaviademo4200/6784/b8996uu/RDK/docs/api/DataCapturePlugin.md
2025-10-21 14:34:23,350 - Knowledge - INFO - process ingested knowledge for /app/data/kaviademo4200/6784/b8996uu/RDK/Telemetry/Module.cpp
2025-10-21 14:34:23,407 - Knowledge - INFO - process ingested knowledge for /app/data/kaviademo4200/6784/b8996uu/RDK/XCast/Module.cpp
2025-10-21 14:34:23,420 - Knowledge - INFO - Worker kw1 processing /app/data/kaviademo4200/6784/b8996uu/RDK/Analytics/Implementation/Backend/Sift/SiftConfig.cpp
2025-10-21 14:34:23,824 - Knowledge - INFO - Worker kw1 processing /app/data/kaviademo4200/6784/b8996uu/RDK/Analytics/Implementation/Backend/Sift/SiftUploader.cpp
2025-10-21 14:34:23,845 - Knowledge - INFO - process ingested knowledge for /app/data/kaviademo4200/6784/b8996uu/RDK/XCast/CHANGELOG.md
2025-10-21 14:34:23,992 - Knowledge - INFO - process ingested knowledge for /app/data/kaviademo4200/6784/b8996uu/RDK/docs/api/PersistentStorePlugin.md
2025-10-21 14:34:23,992 - Knowledge - INFO - process ingested knowledge for /app/data/kaviademo4200/6784/b8996uu/RDK/Telemetry/CHANGELOG.md
2025-10-21 14:34:24,031 - Knowledge - INFO - Worker kw1 processing /app/data/kaviademo4200/6784/b8996uu/RDK/Analytics/Implementation/Backend/Sift/SiftBackend.cpp
2025-10-21 14:34:24,184 - Knowledge - INFO - process ingested knowledge for /app/data/kaviademo4200/6784/b8996uu/RDK/XCast/XCastManager.cpp
2025-10-21 14:34:24,371 - Knowledge - INFO - process ingested knowledge for /app/data/kaviademo4200/6784/b8996uu/RDK/docs/api/HdmiCec_2Plugin.md
2025-10-21 14:34:24,444 - Knowledge - INFO - process ingested knowledge for /app/data/kaviademo4200/6784/b8996uu/RDK/MediaEngineRMF/Module.h
2025-10-21 14:34:24,460 - Knowledge - INFO - Worker kw1 processing /app/data/kaviademo4200/6784/b8996uu/RDK/Analytics/Implementation/Backend/AnalyticsBackend.h
2025-10-21 14:34:24,693 - Knowledge - INFO - process ingested knowledge for /app/data/kaviademo4200/6784/b8996uu/RDK/XCast/XCastImplementation.h
2025-10-21 14:34:24,921 - Knowledge - INFO - Fast-tracked /app/data/kaviademo4200/6784/b8996uu/RDK/Analytics/Implementation/Backend/AnalyticsBackend.h (ext=.h, size=1812)
2025-10-21 14:34:25,036 - Knowledge - INFO - process ingested knowledge for /app/data/kaviademo4200/6784/b8996uu/RDK/MediaEngineRMF/MediaEngineRMF.cpp
2025-10-21 14:34:25,038 - Knowledge - INFO - process ingested knowledge for /app/data/kaviademo4200/6784/b8996uu/RDK/docs/api/PackagerPlugin.md
2025-10-21 14:34:25,115 - Knowledge - INFO - process ingested knowledge for /app/data/kaviademo4200/6784/b8996uu/RDK/services.cmake
2025-10-21 14:34:25,154 - Knowledge - INFO - Worker kw1 processing /app/data/kaviademo4200/6784/b8996uu/RDK/Analytics/Implementation/Backend/CMakeLists.txt
2025-10-21 14:34:25,325 - Knowledge - INFO - process ingested knowledge for /app/data/kaviademo4200/6784/b8996uu/RDK/MediaEngineRMF/MediaEngineRMFPlugin.json
2025-10-21 14:34:25,540 - Knowledge - INFO - process ingested knowledge for /app/data/kaviademo4200/6784/b8996uu/RDK/docs/api/OCIContainerPlugin.md
2025-10-21 14:34:25,541 - Knowledge - INFO - process ingested knowledge for /app/data/kaviademo4200/6784/b8996uu/RDK/Tests/L1Tests/CMakeLists.txt
2025-10-21 14:34:25,564 - Knowledge - INFO - Fast-tracked /app/data/kaviademo4200/6784/b8996uu/RDK/Analytics/Implementation/Backend/CMakeLists.txt (ext=.txt, size=1447)
2025-10-21 14:34:25,901 - Knowledge - INFO - process ingested knowledge for /app/data/kaviademo4200/6784/b8996uu/RDK/MediaEngineRMF/CMakeLists.txt
2025-10-21 14:34:25,963 - Knowledge - INFO - process ingested knowledge for /app/data/kaviademo4200/6784/b8996uu/RDK/docs/api/HdmiCecSourcePlugin.md
2025-10-21 14:34:25,964 - Knowledge - INFO - [WEBSOCKET] Sent: Type=progress_update, Size: 295, Duration: 0ms
2025-10-21 14:34:25,971 - Knowledge - INFO - Worker kw1 processing /app/data/kaviademo4200/6784/b8996uu/RDK/Analytics/Implementation/Backend/AnalyticsBackend.cpp
2025-10-21 14:34:26,182 - Knowledge - INFO - process ingested knowledge for /app/data/kaviademo4200/6784/b8996uu/RDK/MediaEngineRMF/MediaEngineRMF.h
2025-10-21 14:34:26,343 - Knowledge - INFO - [WEBSOCKET] Sent: Type=unknown, Size: ?, Duration: 378ms
2025-10-21 14:34:26,422 - Knowledge - INFO - process ingested knowledge for /app/data/kaviademo4200/6784/b8996uu/RDK/docs/api/DTVPlugin.md
2025-10-21 14:34:26,449 - Knowledge - INFO - Fast-tracked /app/data/kaviademo4200/6784/b8996uu/RDK/Analytics/Implementation/Backend/AnalyticsBackend.cpp (ext=.cpp, size=1160)
2025-10-21 14:34:26,647 - Knowledge - INFO - Progress: 28.3% | Files: 393/1389 | Rate: 1.23 files/sec | Queue: 0
2025-10-21 14:34:26,845 - Knowledge - INFO - Worker kw1 processing /app/data/kaviademo4200/6784/b8996uu/RDK/Analytics/Implementation/LocalStore/DatabaseInterface.h
2025-10-21 14:34:27,070 - Knowledge - INFO - process ingested knowledge for /app/data/kaviademo4200/6784/b8996uu/RDK/docs/api/FireboltMediaPlayerPlugin.md
2025-10-21 14:34:27,076 - Knowledge - INFO - Worker kw1 processing /app/data/kaviademo4200/6784/b8996uu/RDK/Analytics/Implementation/LocalStore/DatabaseConnection.cpp
2025-10-21 14:34:27,327 - Knowledge - INFO - process ingested knowledge for /app/data/kaviademo4200/6784/b8996uu/RDK/docs/api/ScreenCapturePlugin.md
2025-10-21 14:34:27,328 - Knowledge - INFO - Worker kw1 processing /app/data/kaviademo4200/6784/b8996uu/RDK/Analytics/Implementation/LocalStore/CMakeLists.txt
2025-10-21 14:34:27,641 - Knowledge - INFO - Fast-tracked /app/data/kaviademo4200/6784/b8996uu/RDK/Analytics/Implementation/LocalStore/CMakeLists.txt (ext=.txt, size=1538)
2025-10-21 14:34:27,792 - Knowledge - INFO - process ingested knowledge for /app/data/kaviademo4200/6784/b8996uu/RDK/docs/api/CloudStorePlugin.md
2025-10-21 14:34:27,850 - Knowledge - INFO - Worker kw1 processing /app/data/kaviademo4200/6784/b8996uu/RDK/Analytics/Implementation/LocalStore/LocalStore.h
2025-10-21 14:34:28,081 - Knowledge - INFO - process ingested knowledge for /app/data/kaviademo4200/6784/b8996uu/RDK/docs/api/SystemAudioPlayerPlugin.md
2025-10-21 14:34:28,134 - Knowledge - INFO - Fast-tracked /app/data/kaviademo4200/6784/b8996uu/RDK/Analytics/Implementation/LocalStore/LocalStore.h (ext=.h, size=1835)
2025-10-21 14:34:28,284 - Knowledge - INFO - process ingested knowledge for /app/data/kaviademo4200/6784/b8996uu/RDK/docs/api/DeviceInfoPlugin.md
2025-10-21 14:34:28,415 - Knowledge - INFO - Worker kw1 processing /app/data/kaviademo4200/6784/b8996uu/RDK/Analytics/Implementation/LocalStore/LocalStore.cpp
2025-10-21 14:34:28,615 - Knowledge - INFO - Worker kw1 processing /app/data/kaviademo4200/6784/b8996uu/RDK/Analytics/Implementation/LocalStore/DatabaseConnection.h
2025-10-21 14:34:28,675 - Knowledge - INFO - process ingested knowledge for /app/data/kaviademo4200/6784/b8996uu/RDK/docs/api/UsbAccessPlugin.md
2025-10-21 14:34:28,815 - Knowledge - INFO - Worker kw1 processing /app/data/kaviademo4200/6784/b8996uu/RDK/Analytics/Implementation/SystemTime/SystemTime.h
2025-10-21 14:34:29,012 - Knowledge - INFO - process ingested knowledge for /app/data/kaviademo4200/6784/b8996uu/RDK/docs/api/SharedStoragePlugin.md
2025-10-21 14:34:29,026 - Knowledge - INFO - Worker kw1 processing /app/data/kaviademo4200/6784/b8996uu/RDK/Analytics/Implementation/SystemTime/CMakeLists.txt
2025-10-21 14:34:29,300 - Knowledge - INFO - Fast-tracked /app/data/kaviademo4200/6784/b8996uu/RDK/Analytics/Implementation/SystemTime/CMakeLists.txt (ext=.txt, size=1271)
2025-10-21 14:34:29,319 - Knowledge - INFO - process ingested knowledge for /app/data/kaviademo4200/6784/b8996uu/RDK/docs/api/DeviceDiagnosticsPlugin.md
2025-10-21 14:34:29,511 - Knowledge - INFO - Worker kw1 processing /app/data/kaviademo4200/6784/b8996uu/RDK/Analytics/Implementation/SystemTime/SystemTime.cpp
2025-10-21 14:34:29,719 - Knowledge - INFO - Worker kw1 processing /app/data/kaviademo4200/6784/b8996uu/RDK/Analytics/Implementation/AnalyticsImplementation.h
2025-10-21 14:34:29,847 - Knowledge - INFO - process ingested knowledge for /app/data/kaviademo4200/6784/b8996uu/RDK/docs/api/MonitorPlugin.md
2025-10-21 14:34:29,900 - Knowledge - INFO - Worker kw1 processing /app/data/kaviademo4200/6784/b8996uu/RDK/Analytics/Implementation/AnalyticsImplementation.cpp
2025-10-21 14:34:30,168 - Knowledge - INFO - Worker kw1 processing /app/data/kaviademo4200/6784/b8996uu/RDK/Analytics/Analytics.h
2025-10-21 14:34:30,270 - Knowledge - INFO - process ingested knowledge for /app/data/kaviademo4200/6784/b8996uu/RDK/docs/api/AnalyticsPlugin.md
2025-10-21 14:34:30,426 - Knowledge - INFO - Worker kw1 processing /app/data/kaviademo4200/6784/b8996uu/RDK/Analytics/CMakeLists.txt
2025-10-21 14:34:30,594 - Knowledge - INFO - Fast-tracked /app/data/kaviademo4200/6784/b8996uu/RDK/Analytics/CMakeLists.txt (ext=.txt, size=4919)
2025-10-21 14:34:30,629 - Knowledge - INFO - process ingested knowledge for /app/data/kaviademo4200/6784/b8996uu/RDK/docs/api/UserSettingsPlugin.md
2025-10-21 14:34:30,840 - Knowledge - INFO - Worker kw1 processing /app/data/kaviademo4200/6784/b8996uu/RDK/Analytics/Analytics.cpp
2025-10-21 14:34:31,017 - Knowledge - INFO - process ingested knowledge for /app/data/kaviademo4200/6784/b8996uu/RDK/docs/api/HdcpProfilePlugin.md
2025-10-21 14:34:31,030 - Knowledge - INFO - Worker kw1 processing /app/data/kaviademo4200/6784/b8996uu/RDK/Analytics/Module.cpp
2025-10-21 14:34:31,294 - Knowledge - INFO - process ingested knowledge for /app/data/kaviademo4200/6784/b8996uu/RDK/docs/api/TextToSpeechPlugin.md
2025-10-21 14:34:31,327 - Knowledge - INFO - Fast-tracked /app/data/kaviademo4200/6784/b8996uu/RDK/Analytics/Module.cpp (ext=.cpp, size=765)
2025-10-21 14:34:31,516 - Knowledge - INFO - process ingested knowledge for /app/data/kaviademo4200/6784/b8996uu/RDK/docs/api/TraceControlPlugin.md
2025-10-21 14:34:31,588 - Knowledge - INFO - Worker kw1 processing /app/data/kaviademo4200/6784/b8996uu/RDK/Analytics/CHANGELOG.md
2025-10-21 14:34:31,769 - Knowledge - INFO - process ingested knowledge for /app/data/kaviademo4200/6784/b8996uu/RDK/docs/api/ResourceManagerPlugin.md
2025-10-21 14:34:31,848 - Knowledge - INFO - Fast-tracked /app/data/kaviademo4200/6784/b8996uu/RDK/Analytics/CHANGELOG.md (ext=.md, size=1315)
2025-10-21 14:34:31,981 - Knowledge - INFO - process ingested knowledge for /app/data/kaviademo4200/6784/b8996uu/RDK/docs/api/XCastPlugin.md
2025-10-21 14:34:32,075 - Knowledge - INFO - Worker kw1 processing /app/data/kaviademo4200/6784/b8996uu/RDK/Analytics/AnalyticsPlugin.json
2025-10-21 14:34:32,167 - Knowledge - INFO - process ingested knowledge for /app/data/kaviademo4200/6784/b8996uu/RDK/docs/api/CompositeInputPlugin.md
2025-10-21 14:34:32,254 - Knowledge - INFO - Fast-tracked /app/data/kaviademo4200/6784/b8996uu/RDK/Analytics/AnalyticsPlugin.json (ext=.json, size=4506)
2025-10-21 14:34:32,366 - Knowledge - INFO - process ingested knowledge for /app/data/kaviademo4200/6784/b8996uu/RDK/docs/api/WarehousePlugin.md
2025-10-21 14:34:32,432 - Knowledge - INFO - Worker kw1 processing /app/data/kaviademo4200/6784/b8996uu/RDK/Miracast/MiracastPlayerPlugin.json
2025-10-21 14:34:32,590 - Knowledge - INFO - process ingested knowledge for /app/data/kaviademo4200/6784/b8996uu/RDK/docs/api/LinearPlaybackControlPlugin.md
2025-10-21 14:34:32,691 - Knowledge - INFO - Fast-tracked /app/data/kaviademo4200/6784/b8996uu/RDK/Miracast/MiracastPlayerPlugin.json (ext=.json, size=599)
2025-10-21 14:34:32,784 - Knowledge - INFO - process ingested knowledge for /app/data/kaviademo4200/6784/b8996uu/RDK/docs/api/MediaEngineRMFPlugin.md
2025-10-21 14:34:32,883 - Knowledge - INFO - Worker kw1 processing /app/data/kaviademo4200/6784/b8996uu/RDK/Miracast/MiracastServicePlugin.json
2025-10-21 14:34:32,986 - Knowledge - INFO - process ingested knowledge for /app/data/kaviademo4200/6784/b8996uu/RDK/docs/api/TelemetryPlugin.md
2025-10-21 14:34:33,118 - Knowledge - INFO - Fast-tracked /app/data/kaviademo4200/6784/b8996uu/RDK/Miracast/MiracastServicePlugin.json (ext=.json, size=560)
2025-10-21 14:34:33,238 - Knowledge - INFO - process ingested knowledge for /app/data/kaviademo4200/6784/b8996uu/RDK/docs/api/FrameRatePlugin.md
2025-10-21 14:34:33,317 - Knowledge - INFO - Worker kw1 processing /app/data/kaviademo4200/6784/b8996uu/RDK/Miracast/CMakeLists.txt
2025-10-21 14:34:33,398 - Knowledge - INFO - process ingested knowledge for /app/data/kaviademo4200/6784/b8996uu/RDK/docs/api/SecurityAgentPlugin.md
2025-10-21 14:34:33,509 - Knowledge - INFO - Fast-tracked /app/data/kaviademo4200/6784/b8996uu/RDK/Miracast/CMakeLists.txt (ext=.txt, size=762)
2025-10-21 14:34:33,607 - Knowledge - INFO - process ingested knowledge for /app/data/kaviademo4200/6784/b8996uu/RDK/docs/api/DisplaySettingsPlugin.md
2025-10-21 14:34:33,683 - Knowledge - INFO - Worker kw1 processing /app/data/kaviademo4200/6784/b8996uu/RDK/Miracast/MiracastPlayer/Test/SoC_GstPlayer.cpp
2025-10-21 14:34:33,839 - Knowledge - INFO - process ingested knowledge for /app/data/kaviademo4200/6784/b8996uu/RDK/docs/api/AVInputPlugin.md
2025-10-21 14:34:33,969 - Knowledge - INFO - Fast-tracked /app/data/kaviademo4200/6784/b8996uu/RDK/Miracast/MiracastPlayer/Test/SoC_GstPlayer.cpp (ext=.cpp, size=3284)
2025-10-21 14:34:34,094 - Knowledge - INFO - process ingested knowledge for /app/data/kaviademo4200/6784/b8996uu/RDK/docs/api/VoiceControlPlugin.md
2025-10-21 14:34:34,213 - Knowledge - INFO - Worker kw1 processing /app/data/kaviademo4200/6784/b8996uu/RDK/Miracast/MiracastPlayer/MiracastPlayerPlugin.json
2025-10-21 14:34:34,304 - Knowledge - INFO - process ingested knowledge for /app/data/kaviademo4200/6784/b8996uu/RDK/docs/api/OpenCDMiPlugin.md
2025-10-21 14:34:34,424 - Knowledge - INFO - Fast-tracked /app/data/kaviademo4200/6784/b8996uu/RDK/Miracast/MiracastPlayer/MiracastPlayerPlugin.json (ext=.json, size=599)
2025-10-21 14:34:34,547 - Knowledge - INFO - process ingested knowledge for /app/data/kaviademo4200/6784/b8996uu/RDK/docs/api/WifiPlugin.md
2025-10-21 14:34:34,674 - Knowledge - INFO - Worker kw1 processing /app/data/kaviademo4200/6784/b8996uu/RDK/Miracast/MiracastPlayer/Module.h
2025-10-21 14:34:34,778 - Knowledge - INFO - process ingested knowledge for /app/data/kaviademo4200/6784/b8996uu/RDK/docs/api/ActivityMonitorPlugin.md
2025-10-21 14:34:34,899 - Knowledge - INFO - Fast-tracked /app/data/kaviademo4200/6784/b8996uu/RDK/Miracast/MiracastPlayer/Module.h (ext=.h, size=871)
2025-10-21 14:34:35,003 - Knowledge - INFO - process ingested knowledge for /app/data/kaviademo4200/6784/b8996uu/RDK/docs/api/MotionDetectionPlugin.md
2025-10-21 14:34:35,091 - Knowledge - INFO - Worker kw1 processing /app/data/kaviademo4200/6784/b8996uu/RDK/Miracast/MiracastPlayer/Amlogic/SoC_GstPlayer.cpp
2025-10-21 14:34:35,214 - Knowledge - INFO - process ingested knowledge for /app/data/kaviademo4200/6784/b8996uu/RDK/docs/api/SystemPlugin.md
2025-10-21 14:34:35,310 - Knowledge - INFO - Worker kw1 processing /app/data/kaviademo4200/6784/b8996uu/RDK/Miracast/MiracastPlayer/MiracastPlayer.cpp
2025-10-21 14:34:35,395 - Knowledge - INFO - process ingested knowledge for /app/data/kaviademo4200/6784/b8996uu/RDK/docs/api/MiracastServicePlugin.md
2025-10-21 14:34:35,481 - Knowledge - INFO - Worker kw1 processing /app/data/kaviademo4200/6784/b8996uu/RDK/Miracast/MiracastPlayer/CMakeLists.txt
2025-10-21 14:34:35,619 - Knowledge - INFO - process ingested knowledge for /app/data/kaviademo4200/6784/b8996uu/RDK/docs/api/HdmiCecPlugin.md
2025-10-21 14:34:35,688 - Knowledge - INFO - Fast-tracked /app/data/kaviademo4200/6784/b8996uu/RDK/Miracast/MiracastPlayer/CMakeLists.txt (ext=.txt, size=3299)
2025-10-21 14:34:35,834 - Knowledge - INFO - process ingested knowledge for /app/data/kaviademo4200/6784/b8996uu/RDK/docs/api/RemoteControlPlugin.md
2025-10-21 14:34:35,916 - Knowledge - INFO - Worker kw1 processing /app/data/kaviademo4200/6784/b8996uu/RDK/Miracast/MiracastPlayer/RTSP/MiracastRTSPMsg.h
2025-10-21 14:34:36,021 - Knowledge - INFO - process ingested knowledge for /app/data/kaviademo4200/6784/b8996uu/RDK/docs/api/RDKShellPlugin.md
2025-10-21 14:34:36,137 - Knowledge - INFO - Worker kw1 processing /app/data/kaviademo4200/6784/b8996uu/RDK/Miracast/MiracastPlayer/RTSP/MiracastRTSPMsg.cpp
2025-10-21 14:34:36,224 - Knowledge - INFO - process ingested knowledge for /app/data/kaviademo4200/6784/b8996uu/RDK/docs/api/FrontPanelPlugin.md
2025-10-21 14:34:36,328 - Knowledge - INFO - Worker kw1 processing /app/data/kaviademo4200/6784/b8996uu/RDK/Miracast/MiracastPlayer/MiracastPlayer.json
2025-10-21 14:34:36,440 - Knowledge - INFO - process ingested knowledge for /app/data/kaviademo4200/6784/b8996uu/RDK/docs/api/PlayerInfoPlugin.md
2025-10-21 14:34:36,551 - Knowledge - INFO - Fast-tracked /app/data/kaviademo4200/6784/b8996uu/RDK/Miracast/MiracastPlayer/MiracastPlayer.json (ext=.json, size=20015)
2025-10-21 14:34:36,660 - Knowledge - INFO - process ingested knowledge for /app/data/kaviademo4200/6784/b8996uu/RDK/docs/api/PerformanceMetricsPlugin.md
2025-10-21 14:34:36,752 - Knowledge - INFO - Worker kw1 processing /app/data/kaviademo4200/6784/b8996uu/RDK/Miracast/MiracastPlayer/SoC_GstPlayer.h
2025-10-21 14:34:36,848 - Knowledge - INFO - process ingested knowledge for /app/data/kaviademo4200/6784/b8996uu/RDK/docs/api/StateObserverPlugin.md
2025-10-21 14:34:36,967 - Knowledge - INFO - Worker kw1 processing /app/data/kaviademo4200/6784/b8996uu/RDK/Miracast/MiracastPlayer/Module.cpp
2025-10-21 14:34:37,082 - Knowledge - INFO - process ingested knowledge for /app/data/kaviademo4200/6784/b8996uu/RDK/docs/api/LoggingPreferencesPlugin.md
2025-10-21 14:34:37,201 - Knowledge - INFO - Fast-tracked /app/data/kaviademo4200/6784/b8996uu/RDK/Miracast/MiracastPlayer/Module.cpp (ext=.cpp, size=765)
2025-10-21 14:34:37,288 - Knowledge - INFO - process ingested knowledge for /app/data/kaviademo4200/6784/b8996uu/RDK/docs/api/MessengerPlugin.md
2025-10-21 14:34:37,416 - Knowledge - INFO - Worker kw1 processing /app/data/kaviademo4200/6784/b8996uu/RDK/Miracast/MiracastPlayer/MiracastPlayer.h
2025-10-21 14:34:37,532 - Knowledge - INFO - process ingested knowledge for /app/data/kaviademo4200/6784/b8996uu/RDK/docs/api/UserPreferencesPlugin.md
2025-10-21 14:34:37,691 - Knowledge - INFO - Worker kw1 processing /app/data/kaviademo4200/6784/b8996uu/RDK/Miracast/common/MiracastLogger.h
2025-10-21 14:34:37,775 - Knowledge - INFO - process ingested knowledge for /app/data/kaviademo4200/6784/b8996uu/RDK/docs/api/MiracastPlayerPlugin.md
2025-10-21 14:34:37,889 - Knowledge - INFO - Worker kw1 processing /app/data/kaviademo4200/6784/b8996uu/RDK/Miracast/common/MiracastCommon.cpp
2025-10-21 14:34:37,984 - Knowledge - INFO - process ingested knowledge for /app/data/kaviademo4200/6784/b8996uu/RDK/docs/api/TimerPlugin.md
2025-10-21 14:34:38,062 - Knowledge - INFO - Worker kw1 processing /app/data/kaviademo4200/6784/b8996uu/RDK/Miracast/common/MiracastLogger.cpp
2025-10-21 14:34:38,183 - Knowledge - INFO - process ingested knowledge for /app/data/kaviademo4200/6784/b8996uu/RDK/docs/homepage.md
2025-10-21 14:34:38,269 - Knowledge - INFO - Worker kw1 processing /app/data/kaviademo4200/6784/b8996uu/RDK/Miracast/common/MiracastCommon.h
2025-10-21 14:34:38,391 - Knowledge - INFO - process ingested knowledge for /app/data/kaviademo4200/6784/b8996uu/RDK/docs/userguide/_sidebar.md
2025-10-21 14:34:38,497 - Knowledge - INFO - Worker kw1 processing /app/data/kaviademo4200/6784/b8996uu/RDK/Miracast/MiracastService/Module.h
2025-10-21 14:34:38,580 - Knowledge - INFO - process ingested knowledge for /app/data/kaviademo4200/6784/b8996uu/RDK/docs/userguide/events.md
2025-10-21 14:34:38,682 - Knowledge - INFO - Fast-tracked /app/data/kaviademo4200/6784/b8996uu/RDK/Miracast/MiracastService/Module.h (ext=.h, size=872)
2025-10-21 14:34:38,829 - Knowledge - INFO - process ingested knowledge for /app/data/kaviademo4200/6784/b8996uu/RDK/docs/userguide/native.md
2025-10-21 14:34:38,923 - Knowledge - INFO - Worker kw1 processing /app/data/kaviademo4200/6784/b8996uu/RDK/Miracast/MiracastService/MiracastServicePlugin.json
2025-10-21 14:34:39,035 - Knowledge - INFO - process ingested knowledge for /app/data/kaviademo4200/6784/b8996uu/RDK/docs/userguide/thunderjs.md
2025-10-21 14:34:39,147 - Knowledge - INFO - Fast-tracked /app/data/kaviademo4200/6784/b8996uu/RDK/Miracast/MiracastService/MiracastServicePlugin.json (ext=.json, size=560)
2025-10-21 14:34:39,313 - Knowledge - INFO - process ingested knowledge for /app/data/kaviademo4200/6784/b8996uu/RDK/docs/userguide/discover.md
2025-10-21 14:34:39,398 - Knowledge - INFO - Worker kw1 processing /app/data/kaviademo4200/6784/b8996uu/RDK/Miracast/MiracastService/P2P/MiracastP2P.h
2025-10-21 14:34:39,496 - Knowledge - INFO - process ingested knowledge for /app/data/kaviademo4200/6784/b8996uu/RDK/docs/userguide/clients.md
2025-10-21 14:34:39,647 - Knowledge - INFO - Worker kw1 processing /app/data/kaviademo4200/6784/b8996uu/RDK/Miracast/MiracastService/P2P/MiracastP2P.cpp
2025-10-21 14:34:39,836 - Knowledge - INFO - Worker kw1 processing /app/data/kaviademo4200/6784/b8996uu/RDK/Miracast/MiracastService/MiracastService.cpp
2025-10-21 14:34:40,003 - Knowledge - INFO - Worker kw1 processing /app/data/kaviademo4200/6784/b8996uu/RDK/Miracast/MiracastService/CMakeLists.txt
2025-10-21 14:34:40,206 - Knowledge - INFO - Fast-tracked /app/data/kaviademo4200/6784/b8996uu/RDK/Miracast/MiracastService/CMakeLists.txt (ext=.txt, size=2642)
2025-10-21 14:34:40,401 - Knowledge - INFO - Worker kw1 processing /app/data/kaviademo4200/6784/b8996uu/RDK/Miracast/MiracastService/MiracastController.h
2025-10-21 14:34:40,615 - Knowledge - INFO - Worker kw1 processing /app/data/kaviademo4200/6784/b8996uu/RDK/Miracast/MiracastService/MiracastController.cpp
2025-10-21 14:34:40,804 - Knowledge - INFO - Worker kw1 processing /app/data/kaviademo4200/6784/b8996uu/RDK/Miracast/MiracastService/MiracastService.json
2025-10-21 14:34:41,027 - Knowledge - INFO - Fast-tracked /app/data/kaviademo4200/6784/b8996uu/RDK/Miracast/MiracastService/MiracastService.json (ext=.json, size=7523)
2025-10-21 14:34:41,187 - Knowledge - INFO - Worker kw1 processing /app/data/kaviademo4200/6784/b8996uu/RDK/Miracast/MiracastService/MiracastService.h
2025-10-21 14:34:41,363 - Knowledge - INFO - Worker kw1 processing /app/data/kaviademo4200/6784/b8996uu/RDK/Miracast/MiracastService/Module.cpp
2025-10-21 14:34:41,512 - Knowledge - INFO - Fast-tracked /app/data/kaviademo4200/6784/b8996uu/RDK/Miracast/MiracastService/Module.cpp (ext=.cpp, size=765)
2025-10-21 14:34:41,706 - Knowledge - INFO - Worker kw1 processing /app/data/kaviademo4200/6784/b8996uu/RDK/Miracast/CHANGELOG.md
2025-10-21 14:34:41,938 - Knowledge - INFO - Fast-tracked /app/data/kaviademo4200/6784/b8996uu/RDK/Miracast/CHANGELOG.md (ext=.md, size=3334)
2025-10-21 14:34:42,160 - Knowledge - INFO - Worker kw1 processing /app/data/kaviademo4200/6784/b8996uu/RDK/SystemAudioPlayer/SystemAudioPlayerImplementation.h
2025-10-21 14:34:42,386 - Knowledge - INFO - Worker kw1 processing /app/data/kaviademo4200/6784/b8996uu/RDK/SystemAudioPlayer/test/Module.h
2025-10-21 14:34:42,577 - Knowledge - INFO - Fast-tracked /app/data/kaviademo4200/6784/b8996uu/RDK/SystemAudioPlayer/test/Module.h (ext=.h, size=839)
2025-10-21 14:34:42,819 - Knowledge - INFO - Worker kw1 processing /app/data/kaviademo4200/6784/b8996uu/RDK/SystemAudioPlayer/test/CMakeLists.txt
2025-10-21 14:34:42,993 - Knowledge - INFO - Fast-tracked /app/data/kaviademo4200/6784/b8996uu/RDK/SystemAudioPlayer/test/CMakeLists.txt (ext=.txt, size=1658)
2025-10-21 14:34:43,164 - Knowledge - INFO - Worker kw1 processing /app/data/kaviademo4200/6784/b8996uu/RDK/SystemAudioPlayer/test/SAPThunderAPITest.cpp
2025-10-21 14:34:43,375 - Knowledge - INFO - Fast-tracked /app/data/kaviademo4200/6784/b8996uu/RDK/SystemAudioPlayer/test/SAPThunderAPITest.cpp (ext=.cpp, size=15532)
2025-10-21 14:34:43,564 - Knowledge - INFO - Worker kw1 processing /app/data/kaviademo4200/6784/b8996uu/RDK/SystemAudioPlayer/test/SoC_abstraction.cpp
2025-10-21 14:34:43,739 - Knowledge - INFO - Fast-tracked /app/data/kaviademo4200/6784/b8996uu/RDK/SystemAudioPlayer/test/SoC_abstraction.cpp (ext=.cpp, size=224)
2025-10-21 14:34:43,981 - Knowledge - INFO - Worker kw1 processing /app/data/kaviademo4200/6784/b8996uu/RDK/SystemAudioPlayer/SystemAudioPlayerJsonRpc.cpp
2025-10-21 14:34:44,208 - Knowledge - INFO - Worker kw1 processing /app/data/kaviademo4200/6784/b8996uu/RDK/SystemAudioPlayer/Module.h
2025-10-21 14:34:44,396 - Knowledge - INFO - Fast-tracked /app/data/kaviademo4200/6784/b8996uu/RDK/SystemAudioPlayer/Module.h (ext=.h, size=875)
2025-10-21 14:34:44,598 - Knowledge - INFO - Worker kw1 processing /app/data/kaviademo4200/6784/b8996uu/RDK/SystemAudioPlayer/SystemAudioPlayer.json
2025-10-21 14:34:44,801 - Knowledge - INFO - Fast-tracked /app/data/kaviademo4200/6784/b8996uu/RDK/SystemAudioPlayer/SystemAudioPlayer.json (ext=.json, size=18932)
2025-10-21 14:34:45,016 - Knowledge - INFO - Worker kw1 processing /app/data/kaviademo4200/6784/b8996uu/RDK/SystemAudioPlayer/impl/BufferQueue.cpp
2025-10-21 14:34:45,237 - Knowledge - INFO - Worker kw1 processing /app/data/kaviademo4200/6784/b8996uu/RDK/SystemAudioPlayer/impl/AudioPlayer.cpp
2025-10-21 14:34:45,448 - Knowledge - INFO - Worker kw1 processing /app/data/kaviademo4200/6784/b8996uu/RDK/SystemAudioPlayer/impl/realtek/SoC_abstraction.cpp
2025-10-21 14:34:45,620 - Knowledge - INFO - Fast-tracked /app/data/kaviademo4200/6784/b8996uu/RDK/SystemAudioPlayer/impl/realtek/SoC_abstraction.cpp (ext=.cpp, size=264)
2025-10-21 14:34:45,800 - Knowledge - INFO - Worker kw1 processing /app/data/kaviademo4200/6784/b8996uu/RDK/SystemAudioPlayer/impl/SoC_abstraction.h
2025-10-21 14:34:45,985 - Knowledge - INFO - Fast-tracked /app/data/kaviademo4200/6784/b8996uu/RDK/SystemAudioPlayer/impl/SoC_abstraction.h (ext=.h, size=401)
2025-10-21 14:34:46,217 - Knowledge - INFO - Worker kw1 processing /app/data/kaviademo4200/6784/b8996uu/RDK/SystemAudioPlayer/impl/amlogic/SoC_abstraction.cpp
2025-10-21 14:34:46,401 - Knowledge - INFO - Worker kw1 processing /app/data/kaviademo4200/6784/b8996uu/RDK/SystemAudioPlayer/impl/SecuredWebSocketClient.cpp
2025-10-21 14:34:46,643 - Knowledge - INFO - Fast-tracked /app/data/kaviademo4200/6784/b8996uu/RDK/SystemAudioPlayer/impl/SecuredWebSocketClient.cpp (ext=.cpp, size=1589)
2025-10-21 14:34:46,844 - Knowledge - INFO - Worker kw1 processing /app/data/kaviademo4200/6784/b8996uu/RDK/SystemAudioPlayer/impl/SecurityParameters.h
2025-10-21 14:34:47,015 - Knowledge - INFO - Fast-tracked /app/data/kaviademo4200/6784/b8996uu/RDK/SystemAudioPlayer/impl/SecurityParameters.h (ext=.h, size=925)
2025-10-21 14:34:47,221 - Knowledge - INFO - Worker kw1 processing /app/data/kaviademo4200/6784/b8996uu/RDK/SystemAudioPlayer/impl/UnsecuredWebSocketClient.h
2025-10-21 14:34:47,428 - Knowledge - INFO - Fast-tracked /app/data/kaviademo4200/6784/b8996uu/RDK/SystemAudioPlayer/impl/UnsecuredWebSocketClient.h (ext=.h, size=1265)
2025-10-21 14:34:47,622 - Knowledge - INFO - Worker kw1 processing /app/data/kaviademo4200/6784/b8996uu/RDK/SystemAudioPlayer/impl/Helper.h
2025-10-21 14:34:47,804 - Knowledge - INFO - Worker kw1 processing /app/data/kaviademo4200/6784/b8996uu/RDK/SystemAudioPlayer/impl/logger.h
2025-10-21 14:34:47,989 - Knowledge - INFO - Worker kw1 processing /app/data/kaviademo4200/6784/b8996uu/RDK/SystemAudioPlayer/impl/WebSocketClientImpl.h
2025-10-21 14:34:48,165 - Knowledge - INFO - Worker kw1 processing /app/data/kaviademo4200/6784/b8996uu/RDK/SystemAudioPlayer/impl/logger.cpp
2025-10-21 14:34:48,368 - Knowledge - INFO - Worker kw1 processing /app/data/kaviademo4200/6784/b8996uu/RDK/SystemAudioPlayer/impl/BufferQueue.h
2025-10-21 14:34:48,573 - Knowledge - INFO - Fast-tracked /app/data/kaviademo4200/6784/b8996uu/RDK/SystemAudioPlayer/impl/BufferQueue.h (ext=.h, size=754)
2025-10-21 14:34:48,804 - Knowledge - INFO - Worker kw1 processing /app/data/kaviademo4200/6784/b8996uu/RDK/SystemAudioPlayer/impl/IWebSocketClient.h
2025-10-21 14:34:49,020 - Knowledge - INFO - Fast-tracked /app/data/kaviademo4200/6784/b8996uu/RDK/SystemAudioPlayer/impl/IWebSocketClient.h (ext=.h, size=1478)
2025-10-21 14:34:49,235 - Knowledge - INFO - Worker kw1 processing /app/data/kaviademo4200/6784/b8996uu/RDK/SystemAudioPlayer/impl/AudioPlayer.h
2025-10-21 14:34:49,412 - Knowledge - INFO - Worker kw1 processing /app/data/kaviademo4200/6784/b8996uu/RDK/SystemAudioPlayer/impl/UnsecuredWebSocketClient.cpp
2025-10-21 14:34:49,598 - Knowledge - INFO - Fast-tracked /app/data/kaviademo4200/6784/b8996uu/RDK/SystemAudioPlayer/impl/UnsecuredWebSocketClient.cpp (ext=.cpp, size=1374)
2025-10-21 14:34:49,758 - Knowledge - INFO - Worker kw1 processing /app/data/kaviademo4200/6784/b8996uu/RDK/SystemAudioPlayer/impl/SecuredWebSocketClient.h
2025-10-21 14:34:49,983 - Knowledge - INFO - Fast-tracked /app/data/kaviademo4200/6784/b8996uu/RDK/SystemAudioPlayer/impl/SecuredWebSocketClient.h (ext=.h, size=1369)
2025-10-21 14:34:50,191 - Knowledge - INFO - Worker kw1 processing /app/data/kaviademo4200/6784/b8996uu/RDK/SystemAudioPlayer/impl/broadcom/SoC_abstraction.cpp
2025-10-21 14:34:50,401 - Knowledge - INFO - Fast-tracked /app/data/kaviademo4200/6784/b8996uu/RDK/SystemAudioPlayer/impl/broadcom/SoC_abstraction.cpp (ext=.cpp, size=219)
2025-10-21 14:34:50,622 - Knowledge - INFO - Worker kw1 processing /app/data/kaviademo4200/6784/b8996uu/RDK/SystemAudioPlayer/SystemAudioPlayer.h
2025-10-21 14:34:50,814 - Knowledge - INFO - Worker kw1 processing /app/data/kaviademo4200/6784/b8996uu/RDK/SystemAudioPlayer/CMakeLists.txt
2025-10-21 14:34:50,980 - Knowledge - INFO - Fast-tracked /app/data/kaviademo4200/6784/b8996uu/RDK/SystemAudioPlayer/CMakeLists.txt (ext=.txt, size=3739)
2025-10-21 14:34:51,196 - Knowledge - INFO - Worker kw1 processing /app/data/kaviademo4200/6784/b8996uu/RDK/SystemAudioPlayer/SystemAudioPlayer.cpp
2025-10-21 14:34:51,400 - Knowledge - INFO - Worker kw1 processing /app/data/kaviademo4200/6784/b8996uu/RDK/SystemAudioPlayer/ISystemAudioPlayer.h
2025-10-21 14:34:51,605 - Knowledge - INFO - Fast-tracked /app/data/kaviademo4200/6784/b8996uu/RDK/SystemAudioPlayer/ISystemAudioPlayer.h (ext=.h, size=1860)
2025-10-21 14:34:51,827 - Knowledge - INFO - Worker kw1 processing /app/data/kaviademo4200/6784/b8996uu/RDK/SystemAudioPlayer/SystemAudioPlayerPlugin.json
2025-10-21 14:34:52,041 - Knowledge - INFO - Fast-tracked /app/data/kaviademo4200/6784/b8996uu/RDK/SystemAudioPlayer/SystemAudioPlayerPlugin.json (ext=.json, size=728)
2025-10-21 14:34:52,208 - Knowledge - INFO - Worker kw1 processing /app/data/kaviademo4200/6784/b8996uu/RDK/SystemAudioPlayer/SystemAudioPlayerImplementation.cpp
2025-10-21 14:36:10,040 - Knowledge - ERROR - Timeout processing /app/data/kaviademo4200/6784/b8996uu/RDK/LEDControl/LEDControl.cpp after 90s
2025-10-21 14:36:10,329 - Knowledge - ERROR - Timeout processing /app/data/kaviademo4200/6784/b8996uu/RDK/RemoteActionMapping/RemoteActionMapping.h after 90s
2025-10-21 14:36:10,514 - Knowledge - ERROR - Timeout processing /app/data/kaviademo4200/6784/b8996uu/RDK/RemoteActionMapping/RamHelper.h after 90s
2025-10-21 14:36:10,696 - Knowledge - ERROR - Timeout processing /app/data/kaviademo4200/6784/b8996uu/RDK/RemoteActionMapping/RamHelper.cpp after 90s
2025-10-21 14:36:10,861 - Knowledge - ERROR - Timeout processing /app/data/kaviademo4200/6784/b8996uu/RDK/Packager/Packager.h after 90s
2025-10-21 14:36:11,050 - Knowledge - ERROR - Timeout processing /app/data/kaviademo4200/6784/b8996uu/RDK/Packager/PackagerImplementation.h after 90s
2025-10-21 14:36:11,214 - Knowledge - ERROR - Timeout processing /app/data/kaviademo4200/6784/b8996uu/RDK/Packager/PackagerImplementation.cpp after 90s
2025-10-21 14:36:11,407 - Knowledge - ERROR - Timeout processing /app/data/kaviademo4200/6784/b8996uu/RDK/Packager/Packager.cpp after 90s
2025-10-21 14:36:11,559 - Knowledge - ERROR - Timeout processing /app/data/kaviademo4200/6784/b8996uu/RDK/HdmiCec_2/HdmiCec_2.h after 90s
2025-10-21 14:36:11,771 - Knowledge - ERROR - Timeout processing /app/data/kaviademo4200/6784/b8996uu/RDK/HdmiCec_2/HdmiCec_2.cpp after 90s
2025-10-21 14:36:11,986 - Knowledge - ERROR - Timeout processing /app/data/kaviademo4200/6784/b8996uu/RDK/OCIContainer/OCIContainer.h after 90s
2025-10-21 14:36:12,178 - Knowledge - ERROR - Timeout processing /app/data/kaviademo4200/6784/b8996uu/RDK/OCIContainer/stubs/i_omi_proxy.hpp after 90s
2025-10-21 14:36:12,367 - Knowledge - ERROR - Timeout processing /app/data/kaviademo4200/6784/b8996uu/RDK/OCIContainer/OCIContainer.cpp after 90s
2025-10-21 14:36:12,574 - Knowledge - ERROR - Timeout processing /app/data/kaviademo4200/6784/b8996uu/RDK/HdmiCecSource/HdmiCecSource.h after 90s
2025-10-21 14:36:12,766 - Knowledge - ERROR - Timeout processing /app/data/kaviademo4200/6784/b8996uu/RDK/HdmiCecSource/HdmiCecSource.cpp after 90s
2025-10-21 14:36:12,958 - Knowledge - ERROR - Timeout processing /app/data/kaviademo4200/6784/b8996uu/RDK/DTV/DTV.h after 90s
2025-10-21 14:36:13,099 - Knowledge - ERROR - Timeout processing /app/data/kaviademo4200/6784/b8996uu/RDK/DTV/DTVImpl.h after 90s
2025-10-21 14:36:13,290 - Knowledge - ERROR - Timeout processing /app/data/kaviademo4200/6784/b8996uu/RDK/DTV/DTVImpl.cpp after 90s
2025-10-21 14:36:13,505 - Knowledge - WARNING - File /app/data/kaviademo4200/6784/b8996uu/RDK/LEDControl/LEDControl.cpp not successfully processed
2025-10-21 14:36:13,755 - Knowledge - WARNING - File /app/data/kaviademo4200/6784/b8996uu/RDK/RemoteActionMapping/RemoteActionMapping.h not successfully processed
2025-10-21 14:36:13,970 - Knowledge - WARNING - File /app/data/kaviademo4200/6784/b8996uu/RDK/RemoteActionMapping/RamHelper.h not successfully processed
2025-10-21 14:36:14,148 - Knowledge - WARNING - File /app/data/kaviademo4200/6784/b8996uu/RDK/RemoteActionMapping/RamHelper.cpp not successfully processed
2025-10-21 14:36:14,373 - Knowledge - WARNING - File /app/data/kaviademo4200/6784/b8996uu/RDK/Packager/Packager.h not successfully processed
2025-10-21 14:36:14,608 - Knowledge - WARNING - File /app/data/kaviademo4200/6784/b8996uu/RDK/Packager/PackagerImplementation.h not successfully processed
2025-10-21 14:36:14,792 - Knowledge - WARNING - File /app/data/kaviademo4200/6784/b8996uu/RDK/Packager/PackagerImplementation.cpp not successfully processed
2025-10-21 14:36:14,978 - Knowledge - WARNING - File /app/data/kaviademo4200/6784/b8996uu/RDK/Packager/Packager.cpp not successfully processed
2025-10-21 14:36:15,184 - Knowledge - WARNING - File /app/data/kaviademo4200/6784/b8996uu/RDK/HdmiCec_2/HdmiCec_2.h not successfully processed
2025-10-21 14:36:15,386 - Knowledge - WARNING - File /app/data/kaviademo4200/6784/b8996uu/RDK/HdmiCec_2/HdmiCec_2.cpp not successfully processed
2025-10-21 14:36:15,616 - Knowledge - WARNING - File /app/data/kaviademo4200/6784/b8996uu/RDK/OCIContainer/OCIContainer.h not successfully processed
2025-10-21 14:36:15,826 - Knowledge - WARNING - File /app/data/kaviademo4200/6784/b8996uu/RDK/OCIContainer/stubs/i_omi_proxy.hpp not successfully processed
2025-10-21 14:36:16,091 - Knowledge - WARNING - File /app/data/kaviademo4200/6784/b8996uu/RDK/OCIContainer/OCIContainer.cpp not successfully processed
2025-10-21 14:36:16,289 - Knowledge - WARNING - File /app/data/kaviademo4200/6784/b8996uu/RDK/HdmiCecSource/HdmiCecSource.h not successfully processed
2025-10-21 14:36:16,518 - Knowledge - WARNING - File /app/data/kaviademo4200/6784/b8996uu/RDK/HdmiCecSource/HdmiCecSource.cpp not successfully processed
2025-10-21 14:36:16,699 - Knowledge - WARNING - File /app/data/kaviademo4200/6784/b8996uu/RDK/DTV/DTV.h not successfully processed
2025-10-21 14:36:16,879 - Knowledge - WARNING - File /app/data/kaviademo4200/6784/b8996uu/RDK/DTV/DTVImpl.h not successfully processed
2025-10-21 14:36:17,075 - Knowledge - WARNING - File /app/data/kaviademo4200/6784/b8996uu/RDK/DTV/DTVImpl.cpp not successfully processed
2025-10-21 14:36:17,290 - Knowledge - INFO - Processing batch of 57 files
2025-10-21 14:36:17,456 - Knowledge - INFO - process ingested knowledge for /app/data/kaviademo4200/6784/b8996uu/RDK/LEDControl/LEDControl.json
2025-10-21 14:36:17,648 - Knowledge - INFO - process ingested knowledge for /app/data/kaviademo4200/6784/b8996uu/RDK/LEDControl/CMakeLists.txt
2025-10-21 14:36:17,869 - Knowledge - INFO - process ingested knowledge for /app/data/kaviademo4200/6784/b8996uu/RDK/LEDControl/LEDControlPlugin.json
2025-10-21 14:36:18,027 - Knowledge - INFO - process ingested knowledge for /app/data/kaviademo4200/6784/b8996uu/RDK/LEDControl/Module.cpp
2025-10-21 14:36:18,203 - Knowledge - INFO - process ingested knowledge for /app/data/kaviademo4200/6784/b8996uu/RDK/LEDControl/CHANGELOG.md
2025-10-21 14:36:18,379 - Knowledge - INFO - process ingested knowledge for /app/data/kaviademo4200/6784/b8996uu/RDK/RemoteActionMapping/test/ramTestClient.cpp
2025-10-21 14:36:18,592 - Knowledge - INFO - process ingested knowledge for /app/data/kaviademo4200/6784/b8996uu/RDK/RemoteActionMapping/test/Module.h
2025-10-21 14:36:18,745 - Knowledge - INFO - process ingested knowledge for /app/data/kaviademo4200/6784/b8996uu/RDK/RemoteActionMapping/test/CMakeLists.txt
2025-10-21 14:36:18,945 - Knowledge - INFO - process ingested knowledge for /app/data/kaviademo4200/6784/b8996uu/RDK/RemoteActionMapping/Module.h
2025-10-21 14:36:19,150 - Knowledge - INFO - process ingested knowledge for /app/data/kaviademo4200/6784/b8996uu/RDK/RemoteActionMapping/RemoteActionMapping.json
2025-10-21 14:36:19,403 - Knowledge - INFO - process ingested knowledge for /app/data/kaviademo4200/6784/b8996uu/RDK/RemoteActionMapping/CMakeLists.txt
2025-10-21 14:36:19,615 - Knowledge - INFO - process ingested knowledge for /app/data/kaviademo4200/6784/b8996uu/RDK/RemoteActionMapping/cmake/FindCTRLM.cmake
2025-10-21 14:36:19,816 - Knowledge - INFO - process ingested knowledge for /app/data/kaviademo4200/6784/b8996uu/RDK/RemoteActionMapping/cmake/FindIARMBus.cmake
2025-10-21 14:36:19,999 - Knowledge - INFO - process ingested knowledge for /app/data/kaviademo4200/6784/b8996uu/RDK/RemoteActionMapping/RemoteActionMappingPlugin.json
2025-10-21 14:36:20,160 - Knowledge - INFO - process ingested knowledge for /app/data/kaviademo4200/6784/b8996uu/RDK/RemoteActionMapping/README.md
2025-10-21 14:36:20,332 - Knowledge - INFO - process ingested knowledge for /app/data/kaviademo4200/6784/b8996uu/RDK/RemoteActionMapping/Module.cpp
2025-10-21 14:36:20,537 - Knowledge - INFO - process ingested knowledge for /app/data/kaviademo4200/6784/b8996uu/RDK/RemoteActionMapping/RemoteActionMapping.cpp
2025-10-21 14:36:20,731 - Knowledge - INFO - process ingested knowledge for /app/data/kaviademo4200/6784/b8996uu/RDK/RemoteActionMapping/CHANGELOG.md
2025-10-21 14:36:20,923 - Knowledge - INFO - process ingested knowledge for /app/data/kaviademo4200/6784/b8996uu/RDK/Packager/Module.h
2025-10-21 14:36:21,093 - Knowledge - INFO - process ingested knowledge for /app/data/kaviademo4200/6784/b8996uu/RDK/Packager/Packager.json
2025-10-21 14:36:21,352 - Knowledge - INFO - process ingested knowledge for /app/data/kaviademo4200/6784/b8996uu/RDK/Packager/CMakeLists.txt
2025-10-21 14:36:21,556 - Knowledge - INFO - process ingested knowledge for /app/data/kaviademo4200/6784/b8996uu/RDK/Packager/cmake/FindLibOPKG.cmake
2025-10-21 14:36:21,773 - Knowledge - INFO - process ingested knowledge for /app/data/kaviademo4200/6784/b8996uu/RDK/Packager/PackagerPlugin.json
2025-10-21 14:36:21,954 - Knowledge - INFO - process ingested knowledge for /app/data/kaviademo4200/6784/b8996uu/RDK/Packager/Module.cpp
2025-10-21 14:36:22,117 - Knowledge - INFO - process ingested knowledge for /app/data/kaviademo4200/6784/b8996uu/RDK/Packager/CHANGELOG.md
2025-10-21 14:36:22,300 - Knowledge - INFO - process ingested knowledge for /app/data/kaviademo4200/6784/b8996uu/RDK/HdmiCec_2/Module.h
2025-10-21 14:36:22,534 - Knowledge - INFO - process ingested knowledge for /app/data/kaviademo4200/6784/b8996uu/RDK/HdmiCec_2/HDMICec_2.json
2025-10-21 14:36:22,751 - Knowledge - INFO - process ingested knowledge for /app/data/kaviademo4200/6784/b8996uu/RDK/HdmiCec_2/CMakeLists.txt
2025-10-21 14:36:22,943 - Knowledge - INFO - process ingested knowledge for /app/data/kaviademo4200/6784/b8996uu/RDK/HdmiCec_2/HdmiCec_2Plugin.json
2025-10-21 14:36:23,147 - Knowledge - INFO - process ingested knowledge for /app/data/kaviademo4200/6784/b8996uu/RDK/HdmiCec_2/README.md
2025-10-21 14:36:23,342 - Knowledge - INFO - process ingested knowledge for /app/data/kaviademo4200/6784/b8996uu/RDK/HdmiCec_2/Module.cpp
2025-10-21 14:36:23,551 - Knowledge - INFO - process ingested knowledge for /app/data/kaviademo4200/6784/b8996uu/RDK/HdmiCec_2/CHANGELOG.md
2025-10-21 14:36:23,718 - Knowledge - INFO - process ingested knowledge for /app/data/kaviademo4200/6784/b8996uu/RDK/OCIContainer/test/DobbySpecs/helloworld.json
2025-10-21 14:36:23,938 - Knowledge - INFO - process ingested knowledge for /app/data/kaviademo4200/6784/b8996uu/RDK/OCIContainer/test/DobbySpecs/sleepy.json
2025-10-21 14:36:24,172 - Knowledge - INFO - process ingested knowledge for /app/data/kaviademo4200/6784/b8996uu/RDK/OCIContainer/test/DobbySpecs/wget.json
2025-10-21 14:36:24,376 - Knowledge - INFO - process ingested knowledge for /app/data/kaviademo4200/6784/b8996uu/RDK/OCIContainer/test/thunder-ocicontainer-test.js
2025-10-21 14:36:24,594 - Knowledge - INFO - process ingested knowledge for /app/data/kaviademo4200/6784/b8996uu/RDK/OCIContainer/test/ociContainerTest.sh
2025-10-21 14:36:24,798 - Knowledge - INFO - process ingested knowledge for /app/data/kaviademo4200/6784/b8996uu/RDK/OCIContainer/Module.h
2025-10-21 14:36:25,002 - Knowledge - INFO - process ingested knowledge for /app/data/kaviademo4200/6784/b8996uu/RDK/OCIContainer/OCIContainer.json
2025-10-21 14:36:25,200 - Knowledge - INFO - process ingested knowledge for /app/data/kaviademo4200/6784/b8996uu/RDK/OCIContainer/CMakeLists.txt
2025-10-21 14:36:25,356 - Knowledge - INFO - process ingested knowledge for /app/data/kaviademo4200/6784/b8996uu/RDK/OCIContainer/stubs/omi_proxy.hpp
2025-10-21 14:36:25,383 - Knowledge - ERROR - Timeout processing /app/data/kaviademo4200/6784/b8996uu/RDK/PlayerInfo/cmake/FindGStreamer.cmake after 90s
2025-10-21 14:36:25,532 - Knowledge - INFO - process ingested knowledge for /app/data/kaviademo4200/6784/b8996uu/RDK/OCIContainer/OCIContainerPlugin.json
2025-10-21 14:36:25,630 - Knowledge - ERROR - Timeout processing /app/data/kaviademo4200/6784/b8996uu/RDK/PlayerInfo/DeviceSettings/PlatformImplementation.cpp after 90s
2025-10-21 14:36:25,756 - Knowledge - INFO - process ingested knowledge for /app/data/kaviademo4200/6784/b8996uu/RDK/OCIContainer/README.md
2025-10-21 14:36:25,855 - Knowledge - ERROR - Timeout processing /app/data/kaviademo4200/6784/b8996uu/RDK/PlayerInfo/PlayerInfo.h after 90s
2025-10-21 14:36:25,976 - Knowledge - INFO - process ingested knowledge for /app/data/kaviademo4200/6784/b8996uu/RDK/OCIContainer/Module.cpp
2025-10-21 14:36:26,095 - Knowledge - ERROR - Timeout processing /app/data/kaviademo4200/6784/b8996uu/RDK/LoggingPreferences/LoggingPreferences.cpp after 90s
2025-10-21 14:36:26,185 - Knowledge - INFO - process ingested knowledge for /app/data/kaviademo4200/6784/b8996uu/RDK/OCIContainer/CHANGELOG.md
2025-10-21 14:36:26,282 - Knowledge - ERROR - Timeout processing /app/data/kaviademo4200/6784/b8996uu/RDK/LoggingPreferences/LoggingPreferences.h after 90s
2025-10-21 14:36:26,402 - Knowledge - INFO - process ingested knowledge for /app/data/kaviademo4200/6784/b8996uu/RDK/HdmiCecSource/Module.h
2025-10-21 14:36:26,482 - Knowledge - ERROR - Timeout processing /app/data/kaviademo4200/6784/b8996uu/RDK/StateObserver/StateObserver.cpp after 90s
2025-10-21 14:36:26,605 - Knowledge - INFO - process ingested knowledge for /app/data/kaviademo4200/6784/b8996uu/RDK/HdmiCecSource/HDMICecSource.json
2025-10-21 14:36:26,735 - Knowledge - ERROR - Timeout processing /app/data/kaviademo4200/6784/b8996uu/RDK/StateObserver/StateObserver.h after 90s
2025-10-21 14:36:26,839 - Knowledge - INFO - process ingested knowledge for /app/data/kaviademo4200/6784/b8996uu/RDK/HdmiCecSource/CMakeLists.txt
2025-10-21 14:36:26,960 - Knowledge - ERROR - Timeout processing /app/data/kaviademo4200/6784/b8996uu/RDK/PerformanceMetrics/PerformanceMetrics.cpp after 90s
2025-10-21 14:36:27,104 - Knowledge - INFO - process ingested knowledge for /app/data/kaviademo4200/6784/b8996uu/RDK/HdmiCecSource/HdmiCecSourcePlugin.json
2025-10-21 14:36:27,181 - Knowledge - ERROR - Timeout processing /app/data/kaviademo4200/6784/b8996uu/RDK/PerformanceMetrics/TraceOutput.cpp after 90s
2025-10-21 14:36:27,268 - Knowledge - INFO - process ingested knowledge for /app/data/kaviademo4200/6784/b8996uu/RDK/HdmiCecSource/README.md
2025-10-21 14:36:27,384 - Knowledge - ERROR - Timeout processing /app/data/kaviademo4200/6784/b8996uu/RDK/PerformanceMetrics/SyslogOutput.cpp after 90s
2025-10-21 14:36:27,467 - Knowledge - INFO - process ingested knowledge for /app/data/kaviademo4200/6784/b8996uu/RDK/HdmiCecSource/Module.cpp
2025-10-21 14:36:27,575 - Knowledge - ERROR - Timeout processing /app/data/kaviademo4200/6784/b8996uu/RDK/PerformanceMetrics/PerformanceMetrics.h after 90s
2025-10-21 14:36:27,688 - Knowledge - INFO - process ingested knowledge for /app/data/kaviademo4200/6784/b8996uu/RDK/HdmiCecSource/CHANGELOG.md
2025-10-21 14:36:27,762 - Knowledge - ERROR - Timeout processing /app/data/kaviademo4200/6784/b8996uu/RDK/Messenger/MessengerSecurity.cpp after 90s
2025-10-21 14:36:27,913 - Knowledge - INFO - process ingested knowledge for /app/data/kaviademo4200/6784/b8996uu/RDK/DTV/Module.h
2025-10-21 14:36:28,002 - Knowledge - ERROR - Timeout processing /app/data/kaviademo4200/6784/b8996uu/RDK/Messenger/Messenger.cpp after 90s
2025-10-21 14:36:28,107 - Knowledge - INFO - process ingested knowledge for /app/data/kaviademo4200/6784/b8996uu/RDK/DTV/DTV.json
2025-10-21 14:36:28,182 - Knowledge - ERROR - Timeout processing /app/data/kaviademo4200/6784/b8996uu/RDK/Messenger/RoomMaintainer.cpp after 90s
2025-10-21 14:36:28,321 - Knowledge - INFO - process ingested knowledge for /app/data/kaviademo4200/6784/b8996uu/RDK/DTV/CMakeLists.txt
2025-10-21 14:36:28,408 - Knowledge - ERROR - Timeout processing /app/data/kaviademo4200/6784/b8996uu/RDK/Messenger/MessengerJsonRpc.cpp after 90s
2025-10-21 14:36:28,487 - Knowledge - INFO - process ingested knowledge for /app/data/kaviademo4200/6784/b8996uu/RDK/DTV/cmake/FindDTVKit.cmake
2025-10-21 14:36:28,580 - Knowledge - ERROR - Timeout processing /app/data/kaviademo4200/6784/b8996uu/RDK/Messenger/RoomImpl.h after 90s
2025-10-21 14:36:28,682 - Knowledge - INFO - process ingested knowledge for /app/data/kaviademo4200/6784/b8996uu/RDK/DTV/DTVPlugin.json
2025-10-21 14:36:28,781 - Knowledge - ERROR - Timeout processing /app/data/kaviademo4200/6784/b8996uu/RDK/Messenger/RoomMaintainer.h after 90s
2025-10-21 14:36:28,984 - Knowledge - ERROR - Timeout processing /app/data/kaviademo4200/6784/b8996uu/RDK/Messenger/Messenger.h after 90s
2025-10-21 14:36:29,186 - Knowledge - ERROR - Timeout processing /app/data/kaviademo4200/6784/b8996uu/RDK/docs/developerguide/FooPlugin/FooPlugin.cpp after 90s
2025-10-21 14:36:29,368 - Knowledge - ERROR - Timeout processing /app/data/kaviademo4200/6784/b8996uu/RDK/docs/developerguide/FooPlugin/FooPlugin.h after 90s
2025-10-21 14:36:29,563 - Knowledge - WARNING - File /app/data/kaviademo4200/6784/b8996uu/RDK/PlayerInfo/cmake/FindGStreamer.cmake not successfully processed
2025-10-21 14:36:29,755 - Knowledge - WARNING - File /app/data/kaviademo4200/6784/b8996uu/RDK/PlayerInfo/DeviceSettings/PlatformImplementation.cpp not successfully processed
2025-10-21 14:36:30,026 - Knowledge - WARNING - File /app/data/kaviademo4200/6784/b8996uu/RDK/PlayerInfo/PlayerInfo.h not successfully processed
2025-10-21 14:36:30,221 - Knowledge - WARNING - File /app/data/kaviademo4200/6784/b8996uu/RDK/LoggingPreferences/LoggingPreferences.cpp not successfully processed
2025-10-21 14:36:30,465 - Knowledge - WARNING - File /app/data/kaviademo4200/6784/b8996uu/RDK/LoggingPreferences/LoggingPreferences.h not successfully processed
2025-10-21 14:36:30,840 - Knowledge - WARNING - File /app/data/kaviademo4200/6784/b8996uu/RDK/StateObserver/StateObserver.cpp not successfully processed
2025-10-21 14:36:30,971 - Knowledge - ERROR - Timeout processing /app/data/kaviademo4200/6784/b8996uu/RDK/docs/index.html after 90s
2025-10-21 14:36:31,097 - Knowledge - WARNING - File /app/data/kaviademo4200/6784/b8996uu/RDK/StateObserver/StateObserver.h not successfully processed
2025-10-21 14:36:31,141 - Knowledge - ERROR - Timeout processing /app/data/kaviademo4200/6784/b8996uu/RDK/ActivityMonitor/ActivityMonitor.cpp after 90s
2025-10-21 14:36:31,342 - Knowledge - WARNING - File /app/data/kaviademo4200/6784/b8996uu/RDK/PerformanceMetrics/PerformanceMetrics.cpp not successfully processed
2025-10-21 14:36:31,372 - Knowledge - ERROR - Timeout processing /app/data/kaviademo4200/6784/b8996uu/RDK/ActivityMonitor/ActivityMonitor.h after 90s
2025-10-21 14:36:31,570 - Knowledge - WARNING - File /app/data/kaviademo4200/6784/b8996uu/RDK/PerformanceMetrics/TraceOutput.cpp not successfully processed
2025-10-21 14:36:31,649 - Knowledge - ERROR - Timeout processing /app/data/kaviademo4200/6784/b8996uu/RDK/MotionDetection/MotionDetection.cpp after 90s
2025-10-21 14:36:31,743 - Knowledge - WARNING - File /app/data/kaviademo4200/6784/b8996uu/RDK/PerformanceMetrics/SyslogOutput.cpp not successfully processed
2025-10-21 14:36:31,869 - Knowledge - ERROR - Timeout processing /app/data/kaviademo4200/6784/b8996uu/RDK/MotionDetection/MotionDetection.h after 90s
2025-10-21 14:36:32,060 - Knowledge - ERROR - Timeout processing /app/data/kaviademo4200/6784/b8996uu/RDK/HdmiCec/HdmiCec.cpp after 90s
2025-10-21 14:36:32,062 - Knowledge - WARNING - File /app/data/kaviademo4200/6784/b8996uu/RDK/PerformanceMetrics/PerformanceMetrics.h not successfully processed
2025-10-21 14:36:32,242 - Knowledge - ERROR - Timeout processing /app/data/kaviademo4200/6784/b8996uu/RDK/HdmiCec/HdmiCec.h after 90s
2025-10-21 14:36:32,390 - Knowledge - WARNING - File /app/data/kaviademo4200/6784/b8996uu/RDK/Messenger/MessengerSecurity.cpp not successfully processed
2025-10-21 14:36:32,446 - Knowledge - ERROR - Timeout processing /app/data/kaviademo4200/6784/b8996uu/RDK/RialtoServerManager/RialtoServerManagerImpl.cpp after 90s
2025-10-21 14:36:32,556 - Knowledge - WARNING - File /app/data/kaviademo4200/6784/b8996uu/RDK/Messenger/Messenger.cpp not successfully processed
2025-10-21 14:36:32,667 - Knowledge - ERROR - Timeout processing /app/data/kaviademo4200/6784/b8996uu/RDK/RialtoServerManager/RialtoServerManager.cpp after 90s
2025-10-21 14:36:32,739 - Knowledge - WARNING - File /app/data/kaviademo4200/6784/b8996uu/RDK/Messenger/RoomMaintainer.cpp not successfully processed
2025-10-21 14:36:32,819 - Knowledge - ERROR - Timeout processing /app/data/kaviademo4200/6784/b8996uu/RDK/RialtoServerManager/RialtoServerManagerConfig.h after 90s
2025-10-21 14:36:32,927 - Knowledge - WARNING - File /app/data/kaviademo4200/6784/b8996uu/RDK/Messenger/MessengerJsonRpc.cpp not successfully processed
2025-10-21 14:36:33,002 - Knowledge - ERROR - Timeout processing /app/data/kaviademo4200/6784/b8996uu/RDK/RialtoServerManager/RialtoServerManager.h after 90s
2025-10-21 14:36:33,123 - Knowledge - WARNING - File /app/data/kaviademo4200/6784/b8996uu/RDK/Messenger/RoomImpl.h not successfully processed
2025-10-21 14:36:33,254 - Knowledge - ERROR - Timeout processing /app/data/kaviademo4200/6784/b8996uu/RDK/RemoteControl/RemoteControl.cpp after 90s
2025-10-21 14:36:33,377 - Knowledge - WARNING - File /app/data/kaviademo4200/6784/b8996uu/RDK/Messenger/RoomMaintainer.h not successfully processed
2025-10-21 14:36:33,468 - Knowledge - ERROR - Timeout processing /app/data/kaviademo4200/6784/b8996uu/RDK/RemoteControl/RemoteControl.h after 90s
2025-10-21 14:36:33,659 - Knowledge - WARNING - File /app/data/kaviademo4200/6784/b8996uu/RDK/Messenger/Messenger.h not successfully processed
2025-10-21 14:36:33,701 - Knowledge - ERROR - Timeout processing /app/data/kaviademo4200/6784/b8996uu/RDK/CompositeInput/CompositeInput.cpp after 90s
2025-10-21 14:36:33,880 - Knowledge - WARNING - File /app/data/kaviademo4200/6784/b8996uu/RDK/docs/developerguide/FooPlugin/FooPlugin.cpp not successfully processed
2025-10-21 14:36:33,954 - Knowledge - ERROR - Timeout processing /app/data/kaviademo4200/6784/b8996uu/RDK/CompositeInput/cmake/FindDS.cmake after 90s
2025-10-21 14:36:34,144 - Knowledge - WARNING - File /app/data/kaviademo4200/6784/b8996uu/RDK/docs/developerguide/FooPlugin/FooPlugin.h not successfully processed
2025-10-21 14:36:34,197 - Knowledge - ERROR - Timeout processing /app/data/kaviademo4200/6784/b8996uu/RDK/CompositeInput/CompositeInput.h after 90s
2025-10-21 14:36:34,432 - Knowledge - ERROR - Timeout processing /app/data/kaviademo4200/6784/b8996uu/RDK/helpers/UtilsIarm.h after 90s
2025-10-21 14:36:34,442 - Knowledge - INFO - Processing batch of 55 files
2025-10-21 14:36:34,612 - Knowledge - ERROR - Timeout processing /app/data/kaviademo4200/6784/b8996uu/RDK/helpers/WebSockets/WSEndpoint.cpp after 90s
2025-10-21 14:36:34,712 - Knowledge - INFO - process ingested knowledge for /app/data/kaviademo4200/6784/b8996uu/RDK/PlayerInfo/CMakeLists.txt
2025-10-21 14:36:34,815 - Knowledge - ERROR - Timeout processing /app/data/kaviademo4200/6784/b8996uu/RDK/helpers/WebSockets/PingPong/PingPongEnabled.h after 90s
2025-10-21 14:36:34,973 - Knowledge - INFO - process ingested knowledge for /app/data/kaviademo4200/6784/b8996uu/RDK/PlayerInfo/cmake/FindIARMBus.cmake
2025-10-21 14:36:35,030 - Knowledge - ERROR - Timeout processing /app/data/kaviademo4200/6784/b8996uu/RDK/helpers/WebSockets/WSEndpoint.h after 90s
2025-10-21 14:36:35,145 - Knowledge - INFO - process ingested knowledge for /app/data/kaviademo4200/6784/b8996uu/RDK/PlayerInfo/cmake/FindDS.cmake
2025-10-21 14:36:35,250 - Knowledge - WARNING - File /app/data/kaviademo4200/6784/b8996uu/RDK/docs/index.html not successfully processed
2025-10-21 14:36:35,398 - Knowledge - INFO - process ingested knowledge for /app/data/kaviademo4200/6784/b8996uu/RDK/PlayerInfo/PlayerInfo.json
2025-10-21 14:36:35,529 - Knowledge - WARNING - File /app/data/kaviademo4200/6784/b8996uu/RDK/ActivityMonitor/ActivityMonitor.cpp not successfully processed
2025-10-21 14:36:35,634 - Knowledge - INFO - process ingested knowledge for /app/data/kaviademo4200/6784/b8996uu/RDK/PlayerInfo/Module.cpp
2025-10-21 14:36:35,721 - Knowledge - WARNING - File /app/data/kaviademo4200/6784/b8996uu/RDK/ActivityMonitor/ActivityMonitor.h not successfully processed
2025-10-21 14:36:35,826 - Knowledge - INFO - process ingested knowledge for /app/data/kaviademo4200/6784/b8996uu/RDK/PlayerInfo/CHANGELOG.md
2025-10-21 14:36:35,987 - Knowledge - WARNING - File /app/data/kaviademo4200/6784/b8996uu/RDK/MotionDetection/MotionDetection.cpp not successfully processed
2025-10-21 14:36:36,061 - Knowledge - INFO - process ingested knowledge for /app/data/kaviademo4200/6784/b8996uu/RDK/LoggingPreferences/LoggingPreferencesPlugin.json
2025-10-21 14:36:36,218 - Knowledge - WARNING - File /app/data/kaviademo4200/6784/b8996uu/RDK/MotionDetection/MotionDetection.h not successfully processed
2025-10-21 14:36:36,328 - Knowledge - INFO - process ingested knowledge for /app/data/kaviademo4200/6784/b8996uu/RDK/LoggingPreferences/Module.h
2025-10-21 14:36:36,467 - Knowledge - WARNING - File /app/data/kaviademo4200/6784/b8996uu/RDK/HdmiCec/HdmiCec.cpp not successfully processed
2025-10-21 14:36:36,523 - Knowledge - INFO - process ingested knowledge for /app/data/kaviademo4200/6784/b8996uu/RDK/LoggingPreferences/CMakeLists.txt
2025-10-21 14:36:36,676 - Knowledge - WARNING - File /app/data/kaviademo4200/6784/b8996uu/RDK/HdmiCec/HdmiCec.h not successfully processed
2025-10-21 14:36:36,784 - Knowledge - INFO - process ingested knowledge for /app/data/kaviademo4200/6784/b8996uu/RDK/LoggingPreferences/LoggingPreferences.json
2025-10-21 14:36:36,892 - Knowledge - WARNING - File /app/data/kaviademo4200/6784/b8996uu/RDK/RialtoServerManager/RialtoServerManagerImpl.cpp not successfully processed
2025-10-21 14:36:36,981 - Knowledge - INFO - process ingested knowledge for /app/data/kaviademo4200/6784/b8996uu/RDK/LoggingPreferences/README.md
2025-10-21 14:36:37,076 - Knowledge - WARNING - File /app/data/kaviademo4200/6784/b8996uu/RDK/RialtoServerManager/RialtoServerManager.cpp not successfully processed
2025-10-21 14:36:37,198 - Knowledge - INFO - process ingested knowledge for /app/data/kaviademo4200/6784/b8996uu/RDK/LoggingPreferences/Module.cpp
2025-10-21 14:36:37,268 - Knowledge - WARNING - File /app/data/kaviademo4200/6784/b8996uu/RDK/RialtoServerManager/RialtoServerManagerConfig.h not successfully processed
2025-10-21 14:36:37,344 - Knowledge - INFO - process ingested knowledge for /app/data/kaviademo4200/6784/b8996uu/RDK/LoggingPreferences/CHANGELOG.md
2025-10-21 14:36:37,471 - Knowledge - WARNING - File /app/data/kaviademo4200/6784/b8996uu/RDK/RialtoServerManager/RialtoServerManager.h not successfully processed
2025-10-21 14:36:37,580 - Knowledge - INFO - process ingested knowledge for /app/data/kaviademo4200/6784/b8996uu/RDK/StateObserver/StateObserverPlugin.json
2025-10-21 14:36:37,726 - Knowledge - WARNING - File /app/data/kaviademo4200/6784/b8996uu/RDK/RemoteControl/RemoteControl.cpp not successfully processed
2025-10-21 14:36:37,793 - Knowledge - INFO - process ingested knowledge for /app/data/kaviademo4200/6784/b8996uu/RDK/StateObserver/test/Module.h
2025-10-21 14:36:37,905 - Knowledge - WARNING - File /app/data/kaviademo4200/6784/b8996uu/RDK/RemoteControl/RemoteControl.h not successfully processed
2025-10-21 14:36:38,008 - Knowledge - INFO - process ingested knowledge for /app/data/kaviademo4200/6784/b8996uu/RDK/StateObserver/test/CMakeLists.txt
2025-10-21 14:36:38,124 - Knowledge - WARNING - File /app/data/kaviademo4200/6784/b8996uu/RDK/CompositeInput/CompositeInput.cpp not successfully processed
2025-10-21 14:36:38,205 - Knowledge - INFO - process ingested knowledge for /app/data/kaviademo4200/6784/b8996uu/RDK/StateObserver/test/STOBSThunderClient.cpp
2025-10-21 14:36:38,328 - Knowledge - WARNING - File /app/data/kaviademo4200/6784/b8996uu/RDK/CompositeInput/cmake/FindDS.cmake not successfully processed
2025-10-21 14:36:38,393 - Knowledge - INFO - process ingested knowledge for /app/data/kaviademo4200/6784/b8996uu/RDK/StateObserver/Module.h
2025-10-21 14:36:38,511 - Knowledge - WARNING - File /app/data/kaviademo4200/6784/b8996uu/RDK/CompositeInput/CompositeInput.h not successfully processed
2025-10-21 14:36:38,630 - Knowledge - INFO - process ingested knowledge for /app/data/kaviademo4200/6784/b8996uu/RDK/StateObserver/CMakeLists.txt
2025-10-21 14:36:38,794 - Knowledge - WARNING - File /app/data/kaviademo4200/6784/b8996uu/RDK/helpers/UtilsIarm.h not successfully processed
2025-10-21 14:36:38,834 - Knowledge - INFO - process ingested knowledge for /app/data/kaviademo4200/6784/b8996uu/RDK/StateObserver/StateObserver.json
2025-10-21 14:36:39,013 - Knowledge - WARNING - File /app/data/kaviademo4200/6784/b8996uu/RDK/helpers/WebSockets/WSEndpoint.cpp not successfully processed
2025-10-21 14:36:39,051 - Knowledge - INFO - process ingested knowledge for /app/data/kaviademo4200/6784/b8996uu/RDK/StateObserver/README.md
2025-10-21 14:36:39,228 - Knowledge - WARNING - File /app/data/kaviademo4200/6784/b8996uu/RDK/helpers/WebSockets/PingPong/PingPongEnabled.h not successfully processed
2025-10-21 14:36:39,309 - Knowledge - INFO - process ingested knowledge for /app/data/kaviademo4200/6784/b8996uu/RDK/StateObserver/Module.cpp
2025-10-21 14:36:39,398 - Knowledge - WARNING - File /app/data/kaviademo4200/6784/b8996uu/RDK/helpers/WebSockets/WSEndpoint.h not successfully processed
2025-10-21 14:36:39,488 - Knowledge - INFO - process ingested knowledge for /app/data/kaviademo4200/6784/b8996uu/RDK/StateObserver/CHANGELOG.md
2025-10-21 14:36:39,599 - Knowledge - INFO - Processing batch of 55 files
2025-10-21 14:36:39,715 - Knowledge - INFO - process ingested knowledge for /app/data/kaviademo4200/6784/b8996uu/RDK/PerformanceMetrics/PerformanceMetricsPlugin.json
2025-10-21 14:36:39,816 - Knowledge - INFO - process ingested knowledge for /app/data/kaviademo4200/6784/b8996uu/RDK/docs/userguide/aat.md
2025-10-21 14:36:39,925 - Knowledge - INFO - process ingested knowledge for /app/data/kaviademo4200/6784/b8996uu/RDK/PerformanceMetrics/Module.h
2025-10-21 14:36:40,012 - Knowledge - INFO - process ingested knowledge for /app/data/kaviademo4200/6784/b8996uu/RDK/docs/userguide/start.md
2025-10-21 14:36:40,099 - Knowledge - INFO - process ingested knowledge for /app/data/kaviademo4200/6784/b8996uu/RDK/PerformanceMetrics/CMakeLists.txt
2025-10-21 14:36:40,192 - Knowledge - INFO - process ingested knowledge for /app/data/kaviademo4200/6784/b8996uu/RDK/docs/userguide/invoke.md
2025-10-21 14:36:40,296 - Knowledge - INFO - process ingested knowledge for /app/data/kaviademo4200/6784/b8996uu/RDK/PerformanceMetrics/Module.cpp
2025-10-21 14:36:40,396 - Knowledge - INFO - process ingested knowledge for /app/data/kaviademo4200/6784/b8996uu/RDK/docs/userguide/intro.md
2025-10-21 14:36:40,476 - Knowledge - INFO - process ingested knowledge for /app/data/kaviademo4200/6784/b8996uu/RDK/PerformanceMetrics/CHANGELOG.md
2025-10-21 14:36:40,554 - Knowledge - INFO - process ingested knowledge for /app/data/kaviademo4200/6784/b8996uu/RDK/docs/userguide/quick-start.md
2025-10-21 14:36:40,659 - Knowledge - INFO - process ingested knowledge for /app/data/kaviademo4200/6784/b8996uu/RDK/common/common.json
2025-10-21 14:36:40,819 - Knowledge - INFO - process ingested knowledge for /app/data/kaviademo4200/6784/b8996uu/RDK/docs/README.md
2025-10-21 14:36:40,912 - Knowledge - INFO - process ingested knowledge for /app/data/kaviademo4200/6784/b8996uu/RDK/Messenger/MessengerPlugin.json
2025-10-21 14:36:41,036 - Knowledge - INFO - process ingested knowledge for /app/data/kaviademo4200/6784/b8996uu/RDK/ActivityMonitor/Module.h
2025-10-21 14:36:41,130 - Knowledge - INFO - process ingested knowledge for /app/data/kaviademo4200/6784/b8996uu/RDK/Messenger/Module.h
2025-10-21 14:36:41,212 - Knowledge - INFO - process ingested knowledge for /app/data/kaviademo4200/6784/b8996uu/RDK/ActivityMonitor/ActivityMonitorPlugin.json
2025-10-21 14:36:41,317 - Knowledge - INFO - process ingested knowledge for /app/data/kaviademo4200/6784/b8996uu/RDK/Messenger/CMakeLists.txt
2025-10-21 14:36:41,422 - Knowledge - INFO - process ingested knowledge for /app/data/kaviademo4200/6784/b8996uu/RDK/ActivityMonitor/CMakeLists.txt
2025-10-21 14:36:41,532 - Knowledge - INFO - process ingested knowledge for /app/data/kaviademo4200/6784/b8996uu/RDK/Messenger/Messenger.json
2025-10-21 14:36:41,618 - Knowledge - INFO - process ingested knowledge for /app/data/kaviademo4200/6784/b8996uu/RDK/ActivityMonitor/ActivityMonitor.json
2025-10-21 14:36:41,734 - Knowledge - INFO - process ingested knowledge for /app/data/kaviademo4200/6784/b8996uu/RDK/Messenger/Module.cpp
2025-10-21 14:36:41,855 - Knowledge - INFO - process ingested knowledge for /app/data/kaviademo4200/6784/b8996uu/RDK/ActivityMonitor/README.md
2025-10-21 14:36:41,940 - Knowledge - INFO - process ingested knowledge for /app/data/kaviademo4200/6784/b8996uu/RDK/Messenger/CHANGELOG.md
2025-10-21 14:36:42,036 - Knowledge - INFO - process ingested knowledge for /app/data/kaviademo4200/6784/b8996uu/RDK/ActivityMonitor/Module.cpp
2025-10-21 14:36:42,113 - Knowledge - INFO - process ingested knowledge for /app/data/kaviademo4200/6784/b8996uu/RDK/docs/_sidebar.md
2025-10-21 14:36:42,228 - Knowledge - INFO - process ingested knowledge for /app/data/kaviademo4200/6784/b8996uu/RDK/ActivityMonitor/CHANGELOG.md
2025-10-21 14:36:42,352 - Knowledge - INFO - process ingested knowledge for /app/data/kaviademo4200/6784/b8996uu/RDK/docs/developerguide/Test&Validation.md
2025-10-21 14:36:42,427 - Knowledge - INFO - process ingested knowledge for /app/data/kaviademo4200/6784/b8996uu/RDK/MotionDetection/Module.h
2025-10-21 14:36:42,576 - Knowledge - INFO - process ingested knowledge for /app/data/kaviademo4200/6784/b8996uu/RDK/docs/developerguide/PluginJSONfile.md
2025-10-21 14:36:42,670 - Knowledge - INFO - process ingested knowledge for /app/data/kaviademo4200/6784/b8996uu/RDK/MotionDetection/MotionDetectionPlugin.json
2025-10-21 14:36:42,735 - Knowledge - INFO - process ingested knowledge for /app/data/kaviademo4200/6784/b8996uu/RDK/docs/developerguide/_sidebar.md
2025-10-21 14:36:42,828 - Knowledge - INFO - process ingested knowledge for /app/data/kaviademo4200/6784/b8996uu/RDK/MotionDetection/CMakeLists.txt
2025-10-21 14:36:42,940 - Knowledge - INFO - process ingested knowledge for /app/data/kaviademo4200/6784/b8996uu/RDK/docs/developerguide/develperguidefornewplugin.md
2025-10-21 14:36:43,032 - Knowledge - INFO - process ingested knowledge for /app/data/kaviademo4200/6784/b8996uu/RDK/MotionDetection/MotionDetection.json
2025-10-21 14:36:43,141 - Knowledge - INFO - process ingested knowledge for /app/data/kaviademo4200/6784/b8996uu/RDK/docs/developerguide/new_plugin_Inprocess.md
2025-10-21 14:36:43,229 - Knowledge - INFO - process ingested knowledge for /app/data/kaviademo4200/6784/b8996uu/RDK/MotionDetection/README.md
2025-10-21 14:36:43,309 - Knowledge - INFO - process ingested knowledge for /app/data/kaviademo4200/6784/b8996uu/RDK/docs/developerguide/createprojectfolder.md
2025-10-21 14:36:43,409 - Knowledge - INFO - process ingested knowledge for /app/data/kaviademo4200/6784/b8996uu/RDK/MotionDetection/Module.cpp
2025-10-21 14:36:43,534 - Knowledge - INFO - process ingested knowledge for /app/data/kaviademo4200/6784/b8996uu/RDK/docs/developerguide/ControllerUI.md
2025-10-21 14:36:43,616 - Knowledge - INFO - process ingested knowledge for /app/data/kaviademo4200/6784/b8996uu/RDK/MotionDetection/CHANGELOG.md
2025-10-21 14:36:43,723 - Knowledge - INFO - process ingested knowledge for /app/data/kaviademo4200/6784/b8996uu/RDK/docs/developerguide/PluginmetadataJSONfile.md
2025-10-21 14:36:43,817 - Knowledge - INFO - process ingested knowledge for /app/data/kaviademo4200/6784/b8996uu/RDK/HdmiCec/HdmiCecPlugin.json
2025-10-21 14:36:43,924 - Knowledge - INFO - process ingested knowledge for /app/data/kaviademo4200/6784/b8996uu/RDK/docs/developerguide/Compile&Installfile.md
2025-10-21 14:36:44,025 - Knowledge - INFO - process ingested knowledge for /app/data/kaviademo4200/6784/b8996uu/RDK/HdmiCec/Module.h
2025-10-21 14:36:44,109 - Knowledge - INFO - process ingested knowledge for /app/data/kaviademo4200/6784/b8996uu/RDK/docs/developerguide/FooPlugin/Module.h
2025-10-21 14:36:44,199 - Knowledge - INFO - process ingested knowledge for /app/data/kaviademo4200/6784/b8996uu/RDK/HdmiCec/CMakeLists.txt
2025-10-21 14:36:44,292 - Knowledge - INFO - process ingested knowledge for /app/data/kaviademo4200/6784/b8996uu/RDK/docs/developerguide/FooPlugin/FooPluginPlugin.json
2025-10-21 14:36:44,374 - Knowledge - INFO - process ingested knowledge for /app/data/kaviademo4200/6784/b8996uu/RDK/HdmiCec/HdmiCec.json
2025-10-21 14:36:44,489 - Knowledge - INFO - process ingested knowledge for /app/data/kaviademo4200/6784/b8996uu/RDK/docs/developerguide/FooPlugin/CMakeLists.txt
2025-10-21 14:36:44,615 - Knowledge - INFO - process ingested knowledge for /app/data/kaviademo4200/6784/b8996uu/RDK/HdmiCec/README.md
2025-10-21 14:36:44,718 - Knowledge - INFO - process ingested knowledge for /app/data/kaviademo4200/6784/b8996uu/RDK/docs/developerguide/FooPlugin/FooPlugin.json
2025-10-21 14:36:44,838 - Knowledge - INFO - process ingested knowledge for /app/data/kaviademo4200/6784/b8996uu/RDK/HdmiCec/Module.cpp
2025-10-21 14:36:44,957 - Knowledge - INFO - process ingested knowledge for /app/data/kaviademo4200/6784/b8996uu/RDK/docs/developerguide/FooPlugin/Module.cpp
2025-10-21 14:36:45,047 - Knowledge - INFO - process ingested knowledge for /app/data/kaviademo4200/6784/b8996uu/RDK/HdmiCec/CHANGELOG.md
2025-10-21 14:36:45,149 - Knowledge - INFO - process ingested knowledge for /app/data/kaviademo4200/6784/b8996uu/RDK/docs/developerguide/FooPlugin/CHANGELOG.md
2025-10-21 14:36:45,229 - Knowledge - INFO - process ingested knowledge for /app/data/kaviademo4200/6784/b8996uu/RDK/RialtoServerManager/Module.h
2025-10-21 14:36:45,309 - Knowledge - INFO - process ingested knowledge for /app/data/kaviademo4200/6784/b8996uu/RDK/docs/developerguide/Sourcefiles.md
2025-10-21 14:36:45,448 - Knowledge - INFO - process ingested knowledge for /app/data/kaviademo4200/6784/b8996uu/RDK/RialtoServerManager/CMakeLists.txt
2025-10-21 14:36:45,548 - Knowledge - INFO - process ingested knowledge for /app/data/kaviademo4200/6784/b8996uu/RDK/docs/developerguide/Headerfiles.md
2025-10-21 14:36:45,654 - Knowledge - INFO - process ingested knowledge for /app/data/kaviademo4200/6784/b8996uu/RDK/RialtoServerManager/Module.cpp
2025-10-21 14:36:45,747 - Knowledge - INFO - process ingested knowledge for /app/data/kaviademo4200/6784/b8996uu/RDK/docs/developerguide/Changelogfile.md
2025-10-21 14:36:45,892 - Knowledge - INFO - process ingested knowledge for /app/data/kaviademo4200/6784/b8996uu/RDK/RemoteControl/test/Module.h
2025-10-21 14:36:45,970 - Knowledge - INFO - process ingested knowledge for /app/data/kaviademo4200/6784/b8996uu/RDK/docs/developerguide/Pluginconfigfiles.md
2025-10-21 14:36:46,075 - Knowledge - INFO - process ingested knowledge for /app/data/kaviademo4200/6784/b8996uu/RDK/RemoteControl/test/CMakeLists.txt
2025-10-21 14:36:46,249 - Knowledge - INFO - process ingested knowledge for /app/data/kaviademo4200/6784/b8996uu/RDK/RemoteControl/test/remoteControlTestClient.cpp
2025-10-21 14:36:46,443 - Knowledge - INFO - process ingested knowledge for /app/data/kaviademo4200/6784/b8996uu/RDK/RemoteControl/RemoteControlPlugin.json
2025-10-21 14:36:46,654 - Knowledge - INFO - process ingested knowledge for /app/data/kaviademo4200/6784/b8996uu/RDK/RemoteControl/Module.h
2025-10-21 14:36:46,736 - Knowledge - ERROR - Timeout processing /app/data/kaviademo4200/6784/b8996uu/RDK/SystemMode/SystemModeImplementation.cpp after 90s
2025-10-21 14:36:46,854 - Knowledge - INFO - process ingested knowledge for /app/data/kaviademo4200/6784/b8996uu/RDK/RemoteControl/CMakeLists.txt
2025-10-21 14:36:46,924 - Knowledge - ERROR - Timeout processing /app/data/kaviademo4200/6784/b8996uu/RDK/SystemMode/SystemMode.cpp after 90s
2025-10-21 14:36:47,086 - Knowledge - INFO - process ingested knowledge for /app/data/kaviademo4200/6784/b8996uu/RDK/RemoteControl/RemoteControl.json
2025-10-21 14:36:47,112 - Knowledge - ERROR - Timeout processing /app/data/kaviademo4200/6784/b8996uu/RDK/WifiManager/WifiManager.h after 90s
2025-10-21 14:36:47,240 - Knowledge - ERROR - Timeout processing /app/data/kaviademo4200/6784/b8996uu/RDK/DTV/DTV.cpp after 90s
2025-10-21 14:36:47,326 - Knowledge - INFO - process ingested knowledge for /app/data/kaviademo4200/6784/b8996uu/RDK/RemoteControl/README.md
2025-10-21 14:36:47,411 - Knowledge - ERROR - Timeout processing /app/data/kaviademo4200/6784/b8996uu/RDK/WifiManager/impl/WifiManagerEvents.cpp after 90s
2025-10-21 14:36:47,514 - Knowledge - ERROR - Timeout processing /app/data/kaviademo4200/6784/b8996uu/RDK/PersistentStore/PersistentStore.h after 90s
2025-10-21 14:36:47,589 - Knowledge - INFO - process ingested knowledge for /app/data/kaviademo4200/6784/b8996uu/RDK/RemoteControl/Module.cpp
2025-10-21 14:36:47,679 - Knowledge - ERROR - Timeout processing /app/data/kaviademo4200/6784/b8996uu/RDK/WifiManager/impl/WifiManagerScan.cpp after 90s
2025-10-21 14:36:47,775 - Knowledge - ERROR - Timeout processing /app/data/kaviademo4200/6784/b8996uu/RDK/PersistentStore/l0test/PersistentStoreImplementationMock.h after 90s
2025-10-21 14:36:47,873 - Knowledge - INFO - process ingested knowledge for /app/data/kaviademo4200/6784/b8996uu/RDK/RemoteControl/CHANGELOG.md
2025-10-21 14:36:47,954 - Knowledge - ERROR - Timeout processing /app/data/kaviademo4200/6784/b8996uu/RDK/WifiManager/impl/WifiManagerState.cpp after 90s
2025-10-21 14:36:48,055 - Knowledge - ERROR - Timeout processing /app/data/kaviademo4200/6784/b8996uu/RDK/PersistentStore/l0test/ServiceMock.h after 90s
2025-10-21 14:36:48,251 - Knowledge - INFO - process ingested knowledge for /app/data/kaviademo4200/6784/b8996uu/RDK/README.md
2025-10-21 14:36:48,281 - Knowledge - ERROR - Timeout processing /app/data/kaviademo4200/6784/b8996uu/RDK/WifiManager/impl/WifiManagerWPS.h after 90s
2025-10-21 14:36:48,357 - Knowledge - ERROR - Timeout processing /app/data/kaviademo4200/6784/b8996uu/RDK/PersistentStore/l0test/PersistentStoreTest.cpp after 90s
2025-10-21 14:36:48,467 - Knowledge - INFO - process ingested knowledge for /app/data/kaviademo4200/6784/b8996uu/RDK/CompositeInput/Module.h
2025-10-21 14:36:48,530 - Knowledge - ERROR - Timeout processing /app/data/kaviademo4200/6784/b8996uu/RDK/WifiManager/impl/WifiManagerSignalThreshold.cpp after 90s
2025-10-21 14:36:48,643 - Knowledge - ERROR - Timeout processing /app/data/kaviademo4200/6784/b8996uu/RDK/PersistentStore/sqlite/Store2.h after 90s
2025-10-21 14:36:48,749 - Knowledge - INFO - process ingested knowledge for /app/data/kaviademo4200/6784/b8996uu/RDK/CompositeInput/CompositeInputPlugin.json
2025-10-21 14:36:48,802 - Knowledge - ERROR - Timeout processing /app/data/kaviademo4200/6784/b8996uu/RDK/WifiManager/impl/WifiManagerWPS.cpp after 90s
2025-10-21 14:36:48,948 - Knowledge - ERROR - Timeout processing /app/data/kaviademo4200/6784/b8996uu/RDK/PersistentStore/sqlite/l1test/Store2Test.cpp after 90s
2025-10-21 14:36:49,100 - Knowledge - INFO - process ingested knowledge for /app/data/kaviademo4200/6784/b8996uu/RDK/CompositeInput/CMakeLists.txt
2025-10-21 14:36:49,116 - Knowledge - ERROR - Timeout processing /app/data/kaviademo4200/6784/b8996uu/RDK/WifiManager/impl/WifiManagerConnect.cpp after 90s
2025-10-21 14:36:49,218 - Knowledge - ERROR - Timeout processing /app/data/kaviademo4200/6784/b8996uu/RDK/PersistentStore/PersistentStoreImplementation.h after 90s
2025-10-21 14:36:49,332 - Knowledge - INFO - process ingested knowledge for /app/data/kaviademo4200/6784/b8996uu/RDK/CompositeInput/cmake/FindIARMBus.cmake
2025-10-21 14:36:49,432 - Knowledge - ERROR - Timeout processing /app/data/kaviademo4200/6784/b8996uu/RDK/WifiManager/impl/WifiManagerScan.h after 90s
2025-10-21 14:36:49,527 - Knowledge - ERROR - Timeout processing /app/data/kaviademo4200/6784/b8996uu/RDK/PersistentStore/PersistentStoreJsonRpc.cpp after 90s
2025-10-21 14:36:49,644 - Knowledge - ERROR - Timeout processing /app/data/kaviademo4200/6784/b8996uu/RDK/Tools/json_generator/Log.py after 90s
2025-10-21 14:36:49,645 - Knowledge - INFO - process ingested knowledge for /app/data/kaviademo4200/6784/b8996uu/RDK/CompositeInput/README.md
2025-10-21 14:36:49,734 - Knowledge - ERROR - Timeout processing /app/data/kaviademo4200/6784/b8996uu/RDK/WifiManager/impl/WifiManagerSignalThreshold.h after 90s
2025-10-21 14:36:49,817 - Knowledge - ERROR - Timeout processing /app/data/kaviademo4200/6784/b8996uu/RDK/PersistentStore/PersistentStoreImplementation.cpp after 90s
2025-10-21 14:36:49,893 - Knowledge - ERROR - Timeout processing /app/data/kaviademo4200/6784/b8996uu/RDK/Tools/md_generator/generate_md.py after 90s
2025-10-21 14:36:50,042 - Knowledge - INFO - process ingested knowledge for /app/data/kaviademo4200/6784/b8996uu/RDK/CompositeInput/CompositeInput.json
2025-10-21 14:36:50,089 - Knowledge - ERROR - Timeout processing /app/data/kaviademo4200/6784/b8996uu/RDK/WifiManager/WifiManagerDefines.h after 90s
2025-10-21 14:36:50,188 - Knowledge - ERROR - Timeout processing /app/data/kaviademo4200/6784/b8996uu/RDK/PersistentStore/l1test/ServiceMock.h after 90s
2025-10-21 14:36:50,274 - Knowledge - ERROR - Timeout processing /app/data/kaviademo4200/6784/b8996uu/RDK/Timer/Timer.cpp after 90s
2025-10-21 14:36:50,359 - Knowledge - INFO - process ingested knowledge for /app/data/kaviademo4200/6784/b8996uu/RDK/CompositeInput/Module.cpp
2025-10-21 14:36:50,484 - Knowledge - ERROR - Timeout processing /app/data/kaviademo4200/6784/b8996uu/RDK/WifiManager/WifiManagerInterface.h after 90s
2025-10-21 14:36:50,555 - Knowledge - ERROR - Timeout processing /app/data/kaviademo4200/6784/b8996uu/RDK/PersistentStore/l1test/PersistentStoreTest.cpp after 90s
2025-10-21 14:36:50,645 - Knowledge - ERROR - Timeout processing /app/data/kaviademo4200/6784/b8996uu/RDK/Timer/Timer.h after 90s
2025-10-21 14:36:50,784 - Knowledge - INFO - process ingested knowledge for /app/data/kaviademo4200/6784/b8996uu/RDK/CompositeInput/CHANGELOG.md
2025-10-21 14:36:50,832 - Knowledge - ERROR - Timeout processing /app/data/kaviademo4200/6784/b8996uu/RDK/WifiManager/WifiManager.cpp after 90s
2025-10-21 14:36:50,937 - Knowledge - ERROR - Timeout processing /app/data/kaviademo4200/6784/b8996uu/RDK/PersistentStore/PersistentStore.cpp after 90s
2025-10-21 14:36:51,018 - Knowledge - ERROR - Timeout processing /app/data/kaviademo4200/6784/b8996uu/RDK/UserPreferences/UserPreferences.cpp after 90s
2025-10-21 14:36:51,203 - Knowledge - ERROR - Timeout processing /app/data/kaviademo4200/6784/b8996uu/RDK/ContinueWatching/ContinueWatching.h after 90s
2025-10-21 14:36:51,223 - Knowledge - INFO - process ingested knowledge for /app/data/kaviademo4200/6784/b8996uu/RDK/helpers/UtilsLOG_MILESTONE.h
2025-10-21 14:36:51,345 - Knowledge - ERROR - Timeout processing /app/data/kaviademo4200/6784/b8996uu/RDK/DataCapture/socket_adaptor.cpp after 90s
2025-10-21 14:36:51,415 - Knowledge - ERROR - Timeout processing /app/data/kaviademo4200/6784/b8996uu/RDK/SystemServices/platformcaps/platformcapsdata.h after 90s
2025-10-21 14:36:51,545 - Knowledge - ERROR - Timeout processing /app/data/kaviademo4200/6784/b8996uu/RDK/ContinueWatching/ContinueWatching.cpp after 90s
2025-10-21 14:36:51,975 - Knowledge - INFO - process ingested knowledge for /app/data/kaviademo4200/6784/b8996uu/RDK/helpers/UtilsgetRFCConfig.h
2025-10-21 14:36:51,993 - Knowledge - ERROR - Timeout processing /app/data/kaviademo4200/6784/b8996uu/RDK/DataCapture/DataCapture.h after 90s
2025-10-21 14:36:52,164 - Knowledge - ERROR - Timeout processing /app/data/kaviademo4200/6784/b8996uu/RDK/SystemServices/platformcaps/platformcapsdatarpc.cpp after 90s
2025-10-21 14:36:52,245 - Knowledge - ERROR - Timeout processing /app/data/kaviademo4200/6784/b8996uu/RDK/LocationSync/LocationService.h after 90s
2025-10-21 14:36:52,314 - Knowledge - INFO - [WEBSOCKET] Sent: Type=progress_update, Size: 295, Duration: 0ms
2025-10-21 14:36:52,355 - Knowledge - INFO - process ingested knowledge for /app/data/kaviademo4200/6784/b8996uu/RDK/helpers/UtilscRunScript.h
2025-10-21 14:36:52,425 - Knowledge - ERROR - Timeout processing /app/data/kaviademo4200/6784/b8996uu/RDK/DataCapture/socket_adaptor.h after 90s
2025-10-21 14:36:52,535 - Knowledge - ERROR - Timeout processing /app/data/kaviademo4200/6784/b8996uu/RDK/SystemServices/platformcaps/platformcaps.h after 90s
2025-10-21 14:36:52,679 - Knowledge - ERROR - Timeout processing /app/data/kaviademo4200/6784/b8996uu/RDK/LocationSync/LocationSync.h after 90s
2025-10-21 14:36:52,751 - Knowledge - INFO - [WEBSOCKET] Sent: Type=unknown, Size: ?, Duration: 437ms
2025-10-21 14:36:52,864 - Knowledge - INFO - process ingested knowledge for /app/data/kaviademo4200/6784/b8996uu/RDK/helpers/UtilsThreadRAII.h
2025-10-21 14:36:52,944 - Knowledge - ERROR - Timeout processing /app/data/kaviademo4200/6784/b8996uu/RDK/DataCapture/DataCapture.cpp after 90s
2025-10-21 14:36:53,051 - Knowledge - ERROR - Timeout processing /app/data/kaviademo4200/6784/b8996uu/RDK/SystemServices/platformcaps/platformcaps.cpp after 90s
2025-10-21 14:36:53,123 - Knowledge - ERROR - Timeout processing /app/data/kaviademo4200/6784/b8996uu/RDK/LocationSync/LocationSyncJsonRpc.cpp after 90s
2025-10-21 14:36:53,206 - Knowledge - INFO - Progress: 40.3% | Files: 560/1389 | Rate: 1.20 files/sec | Queue: 0
2025-10-21 14:36:53,353 - Knowledge - INFO - process ingested knowledge for /app/data/kaviademo4200/6784/b8996uu/RDK/helpers/UtilsTelemetry.h
2025-10-21 14:36:53,435 - Knowledge - ERROR - Timeout processing /app/data/kaviademo4200/6784/b8996uu/RDK/MaintenanceManager/MaintenanceManager.h after 90s
2025-10-21 14:36:53,530 - Knowledge - ERROR - Timeout processing /app/data/kaviademo4200/6784/b8996uu/RDK/SystemServices/platformcaps/platformcapsdata.cpp after 90s
2025-10-21 14:36:53,618 - Knowledge - ERROR - Timeout processing /app/data/kaviademo4200/6784/b8996uu/RDK/LocationSync/LocationService.cpp after 90s
2025-10-21 14:36:53,826 - Knowledge - INFO - process ingested knowledge for /app/data/kaviademo4200/6784/b8996uu/RDK/helpers/WebSockets/PingPong/PingPongDisabled.h
2025-10-21 14:36:53,893 - Knowledge - ERROR - Timeout processing /app/data/kaviademo4200/6784/b8996uu/RDK/MaintenanceManager/MaintenanceManager.cpp after 90s
2025-10-21 14:36:53,963 - Knowledge - ERROR - Timeout processing /app/data/kaviademo4200/6784/b8996uu/RDK/SystemServices/thermonitor.cpp after 90s
2025-10-21 14:36:54,071 - Knowledge - ERROR - Timeout processing /app/data/kaviademo4200/6784/b8996uu/RDK/LocationSync/LocationSync.cpp after 90s
2025-10-21 14:36:54,279 - Knowledge - ERROR - Timeout processing /app/data/kaviademo4200/6784/b8996uu/RDK/cmake/FindGStreamer.cmake after 90s
2025-10-21 14:36:54,387 - Knowledge - ERROR - Timeout processing /app/data/kaviademo4200/6784/b8996uu/RDK/SystemServices/SystemServicesHelper.cpp after 90s
2025-10-21 14:36:54,461 - Knowledge - ERROR - Timeout processing /app/data/kaviademo4200/6784/b8996uu/RDK/MessageControl/MessageControl.h after 90s
2025-10-21 14:36:54,561 - Knowledge - ERROR - Timeout processing /app/data/kaviademo4200/6784/b8996uu/RDK/cmake/FindGLIB.cmake after 90s
2025-10-21 14:36:54,696 - Knowledge - ERROR - Timeout processing /app/data/kaviademo4200/6784/b8996uu/RDK/SystemServices/cTimer.h after 90s
2025-10-21 14:36:54,792 - Knowledge - ERROR - Timeout processing /app/data/kaviademo4200/6784/b8996uu/RDK/MessageControl/MessageOutput.h after 90s
2025-10-21 14:36:54,887 - Knowledge - ERROR - Timeout processing /app/data/kaviademo4200/6784/b8996uu/RDK/cmake/FindGStreamerVideo.cmake after 90s
2025-10-21 14:36:54,963 - Knowledge - ERROR - Timeout processing /app/data/kaviademo4200/6784/b8996uu/RDK/SystemServices/cTimer.cpp after 90s
2025-10-21 14:36:55,055 - Knowledge - ERROR - Timeout processing /app/data/kaviademo4200/6784/b8996uu/RDK/MessageControl/MessageControlImplementation.cpp after 90s
2025-10-21 14:36:55,134 - Knowledge - ERROR - Timeout processing /app/data/kaviademo4200/6784/b8996uu/RDK/cmake/FindNXCLIENT.cmake after 90s
2025-10-21 14:36:55,220 - Knowledge - ERROR - Timeout processing /app/data/kaviademo4200/6784/b8996uu/RDK/SystemServices/uploadlogs.cpp after 90s
2025-10-21 14:36:55,336 - Knowledge - ERROR - Timeout processing /app/data/kaviademo4200/6784/b8996uu/RDK/MessageControl/MessageControl.cpp after 90s
2025-10-21 14:36:55,432 - Knowledge - ERROR - Timeout processing /app/data/kaviademo4200/6784/b8996uu/RDK/cmake/FindNEXUS.cmake after 90s
2025-10-21 14:36:55,579 - Knowledge - ERROR - Timeout processing /app/data/kaviademo4200/6784/b8996uu/RDK/SystemServices/SystemServicesHelper.h after 90s
2025-10-21 14:36:55,654 - Knowledge - ERROR - Timeout processing /app/data/kaviademo4200/6784/b8996uu/RDK/MessageControl/MessageOutput.cpp after 90s
2025-10-21 14:36:55,731 - Knowledge - ERROR - Timeout processing /app/data/kaviademo4200/6784/b8996uu/RDK/cmake/FindCEC.cmake after 90s
2025-10-21 14:36:55,850 - Knowledge - ERROR - Timeout processing /app/data/kaviademo4200/6784/b8996uu/RDK/SystemServices/TestClient/systemServiceTestClient.cpp after 90s
2025-10-21 14:36:55,922 - Knowledge - ERROR - Timeout processing /app/data/kaviademo4200/6784/b8996uu/RDK/broadcom.cmake after 90s
2025-10-21 14:36:56,037 - Knowledge - ERROR - Timeout processing /app/data/kaviademo4200/6784/b8996uu/RDK/cmake/FindAamp.cmake after 90s
2025-10-21 14:36:56,130 - Knowledge - ERROR - Timeout processing /app/data/kaviademo4200/6784/b8996uu/RDK/SystemServices/SystemServices.h after 90s
2025-10-21 14:36:56,223 - Knowledge - ERROR - Timeout processing /app/data/kaviademo4200/6784/b8996uu/RDK/Bluetooth/Bluetooth.h after 90s
2025-10-21 14:36:56,304 - Knowledge - ERROR - Timeout processing /app/data/kaviademo4200/6784/b8996uu/RDK/cmake/FindBCM_HOST.cmake after 90s
2025-10-21 14:36:56,379 - Knowledge - ERROR - Timeout processing /app/data/kaviademo4200/6784/b8996uu/RDK/SystemServices/StateObserverHelper.h after 90s
2025-10-21 14:36:56,496 - Knowledge - ERROR - Timeout processing /app/data/kaviademo4200/6784/b8996uu/RDK/Bluetooth/Bluetooth.cpp after 90s
2025-10-21 14:36:56,637 - Knowledge - WARNING - File /app/data/kaviademo4200/6784/b8996uu/RDK/DTV/DTV.cpp not successfully processed
2025-10-21 14:36:56,697 - Knowledge - ERROR - Timeout processing /app/data/kaviademo4200/6784/b8996uu/RDK/RDKShell/RialtoConnector.h after 90s
2025-10-21 14:36:56,785 - Knowledge - ERROR - Timeout processing /app/data/kaviademo4200/6784/b8996uu/RDK/LEDControl/LEDControl.h after 90s
2025-10-21 14:36:56,948 - Knowledge - WARNING - File /app/data/kaviademo4200/6784/b8996uu/RDK/PersistentStore/PersistentStore.h not successfully processed
2025-10-21 14:36:57,022 - Knowledge - ERROR - Timeout processing /app/data/kaviademo4200/6784/b8996uu/RDK/RDKShell/RialtoConnector.cpp after 90s
2025-10-21 14:36:57,139 - Knowledge - WARNING - File /app/data/kaviademo4200/6784/b8996uu/RDK/SystemMode/SystemModeImplementation.cpp not successfully processed
2025-10-21 14:36:57,298 - Knowledge - WARNING - File /app/data/kaviademo4200/6784/b8996uu/RDK/PersistentStore/l0test/PersistentStoreImplementationMock.h not successfully processed
2025-10-21 14:36:57,317 - Knowledge - ERROR - Timeout processing /app/data/kaviademo4200/6784/b8996uu/RDK/RDKShell/RDKShell.h after 90s
2025-10-21 14:36:57,585 - Knowledge - WARNING - File /app/data/kaviademo4200/6784/b8996uu/RDK/SystemMode/SystemMode.cpp not successfully processed
2025-10-21 14:36:57,697 - Knowledge - WARNING - File /app/data/kaviademo4200/6784/b8996uu/RDK/PersistentStore/l0test/ServiceMock.h not successfully processed
2025-10-21 14:36:57,715 - Knowledge - ERROR - Timeout processing /app/data/kaviademo4200/6784/b8996uu/RDK/FrontPanel/FrontPanel.cpp after 90s
2025-10-21 14:36:57,815 - Knowledge - WARNING - File /app/data/kaviademo4200/6784/b8996uu/RDK/WifiManager/WifiManager.h not successfully processed
2025-10-21 14:36:57,932 - Knowledge - WARNING - File /app/data/kaviademo4200/6784/b8996uu/RDK/PersistentStore/l0test/PersistentStoreTest.cpp not successfully processed
2025-10-21 14:36:58,001 - Knowledge - ERROR - Timeout processing /app/data/kaviademo4200/6784/b8996uu/RDK/FrontPanel/FrontPanel.h after 90s
2025-10-21 14:36:58,131 - Knowledge - WARNING - File /app/data/kaviademo4200/6784/b8996uu/RDK/WifiManager/impl/WifiManagerEvents.cpp not successfully processed
2025-10-21 14:36:58,218 - Knowledge - WARNING - File /app/data/kaviademo4200/6784/b8996uu/RDK/PersistentStore/sqlite/Store2.h not successfully processed
2025-10-21 14:36:58,296 - Knowledge - ERROR - Timeout processing /app/data/kaviademo4200/6784/b8996uu/RDK/PlayerInfo/Dolby/DolbyOutput.cpp after 90s
2025-10-21 14:36:58,385 - Knowledge - WARNING - File /app/data/kaviademo4200/6784/b8996uu/RDK/WifiManager/impl/WifiManagerScan.cpp not successfully processed
2025-10-21 14:36:58,517 - Knowledge - WARNING - File /app/data/kaviademo4200/6784/b8996uu/RDK/PersistentStore/sqlite/l1test/Store2Test.cpp not successfully processed
2025-10-21 14:36:58,594 - Knowledge - ERROR - Timeout processing /app/data/kaviademo4200/6784/b8996uu/RDK/PlayerInfo/PlayerInfo.cpp after 90s
2025-10-21 14:36:58,686 - Knowledge - WARNING - File /app/data/kaviademo4200/6784/b8996uu/RDK/WifiManager/impl/WifiManagerState.cpp not successfully processed
2025-10-21 14:36:58,796 - Knowledge - WARNING - File /app/data/kaviademo4200/6784/b8996uu/RDK/PersistentStore/PersistentStoreImplementation.h not successfully processed
2025-10-21 14:36:58,941 - Knowledge - ERROR - Timeout processing /app/data/kaviademo4200/6784/b8996uu/RDK/PlayerInfo/GStreamer/PlatformImplementation.cpp after 90s
2025-10-21 14:36:59,015 - Knowledge - WARNING - File /app/data/kaviademo4200/6784/b8996uu/RDK/WifiManager/impl/WifiManagerWPS.h not successfully processed
2025-10-21 14:36:59,099 - Knowledge - WARNING - File /app/data/kaviademo4200/6784/b8996uu/RDK/PersistentStore/PersistentStoreJsonRpc.cpp not successfully processed
2025-10-21 14:36:59,190 - Knowledge - WARNING - File /app/data/kaviademo4200/6784/b8996uu/RDK/Tools/json_generator/Log.py not successfully processed
2025-10-21 14:36:59,321 - Knowledge - WARNING - File /app/data/kaviademo4200/6784/b8996uu/RDK/WifiManager/impl/WifiManagerSignalThreshold.cpp not successfully processed
2025-10-21 14:36:59,397 - Knowledge - WARNING - File /app/data/kaviademo4200/6784/b8996uu/RDK/PersistentStore/PersistentStoreImplementation.cpp not successfully processed
2025-10-21 14:36:59,503 - Knowledge - WARNING - File /app/data/kaviademo4200/6784/b8996uu/RDK/Tools/md_generator/generate_md.py not successfully processed
2025-10-21 14:36:59,691 - Knowledge - WARNING - File /app/data/kaviademo4200/6784/b8996uu/RDK/PersistentStore/l1test/ServiceMock.h not successfully processed
2025-10-21 14:36:59,697 - Knowledge - WARNING - File /app/data/kaviademo4200/6784/b8996uu/RDK/WifiManager/impl/WifiManagerWPS.cpp not successfully processed
2025-10-21 14:36:59,840 - Knowledge - WARNING - File /app/data/kaviademo4200/6784/b8996uu/RDK/Timer/Timer.cpp not successfully processed
2025-10-21 14:36:59,906 - Knowledge - WARNING - File /app/data/kaviademo4200/6784/b8996uu/RDK/PersistentStore/l1test/PersistentStoreTest.cpp not successfully processed
2025-10-21 14:36:59,996 - Knowledge - WARNING - File /app/data/kaviademo4200/6784/b8996uu/RDK/WifiManager/impl/WifiManagerConnect.cpp not successfully processed
2025-10-21 14:37:00,195 - Knowledge - WARNING - File /app/data/kaviademo4200/6784/b8996uu/RDK/Timer/Timer.h not successfully processed
2025-10-21 14:37:00,309 - Knowledge - WARNING - File /app/data/kaviademo4200/6784/b8996uu/RDK/PersistentStore/PersistentStore.cpp not successfully processed
2025-10-21 14:37:00,347 - Knowledge - WARNING - File /app/data/kaviademo4200/6784/b8996uu/RDK/WifiManager/impl/WifiManagerScan.h not successfully processed
2025-10-21 14:37:00,436 - Knowledge - WARNING - File /app/data/kaviademo4200/6784/b8996uu/RDK/UserPreferences/UserPreferences.cpp not successfully processed
2025-10-21 14:37:00,575 - Knowledge - WARNING - File /app/data/kaviademo4200/6784/b8996uu/RDK/DataCapture/socket_adaptor.cpp not successfully processed
2025-10-21 14:37:00,687 - Knowledge - WARNING - File /app/data/kaviademo4200/6784/b8996uu/RDK/WifiManager/impl/WifiManagerSignalThreshold.h not successfully processed
2025-10-21 14:37:00,840 - Knowledge - WARNING - File /app/data/kaviademo4200/6784/b8996uu/RDK/SystemServices/platformcaps/platformcapsdata.h not successfully processed
2025-10-21 14:37:00,889 - Knowledge - WARNING - File /app/data/kaviademo4200/6784/b8996uu/RDK/DataCapture/DataCapture.h not successfully processed
2025-10-21 14:37:00,965 - Knowledge - WARNING - File /app/data/kaviademo4200/6784/b8996uu/RDK/WifiManager/WifiManagerDefines.h not successfully processed
2025-10-21 14:37:01,035 - Knowledge - WARNING - File /app/data/kaviademo4200/6784/b8996uu/RDK/SystemServices/platformcaps/platformcapsdatarpc.cpp not successfully processed
2025-10-21 14:37:01,178 - Knowledge - WARNING - File /app/data/kaviademo4200/6784/b8996uu/RDK/DataCapture/socket_adaptor.h not successfully processed
2025-10-21 14:37:01,294 - Knowledge - WARNING - File /app/data/kaviademo4200/6784/b8996uu/RDK/WifiManager/WifiManagerInterface.h not successfully processed
2025-10-21 14:37:01,407 - Knowledge - WARNING - File /app/data/kaviademo4200/6784/b8996uu/RDK/SystemServices/platformcaps/platformcaps.h not successfully processed
2025-10-21 14:37:01,549 - Knowledge - WARNING - File /app/data/kaviademo4200/6784/b8996uu/RDK/DataCapture/DataCapture.cpp not successfully processed
2025-10-21 14:37:01,591 - Knowledge - WARNING - File /app/data/kaviademo4200/6784/b8996uu/RDK/WifiManager/WifiManager.cpp not successfully processed
2025-10-21 14:37:01,672 - Knowledge - WARNING - File /app/data/kaviademo4200/6784/b8996uu/RDK/SystemServices/platformcaps/platformcaps.cpp not successfully processed
2025-10-21 14:37:01,772 - Knowledge - WARNING - File /app/data/kaviademo4200/6784/b8996uu/RDK/MaintenanceManager/MaintenanceManager.h not successfully processed
2025-10-21 14:37:01,882 - Knowledge - WARNING - File /app/data/kaviademo4200/6784/b8996uu/RDK/ContinueWatching/ContinueWatching.h not successfully processed
2025-10-21 14:37:01,912 - Knowledge - WARNING - File /app/data/kaviademo4200/6784/b8996uu/RDK/SystemServices/platformcaps/platformcapsdata.cpp not successfully processed
2025-10-21 14:37:02,043 - Knowledge - WARNING - File /app/data/kaviademo4200/6784/b8996uu/RDK/MaintenanceManager/MaintenanceManager.cpp not successfully processed
2025-10-21 14:37:02,110 - Knowledge - WARNING - File /app/data/kaviademo4200/6784/b8996uu/RDK/ContinueWatching/ContinueWatching.cpp not successfully processed
2025-10-21 14:37:02,158 - Knowledge - WARNING - File /app/data/kaviademo4200/6784/b8996uu/RDK/SystemServices/thermonitor.cpp not successfully processed
2025-10-21 14:37:02,272 - Knowledge - WARNING - File /app/data/kaviademo4200/6784/b8996uu/RDK/cmake/FindGStreamer.cmake not successfully processed
2025-10-21 14:37:02,393 - Knowledge - WARNING - File /app/data/kaviademo4200/6784/b8996uu/RDK/LocationSync/LocationService.h not successfully processed
2025-10-21 14:37:02,497 - Knowledge - WARNING - File /app/data/kaviademo4200/6784/b8996uu/RDK/SystemServices/SystemServicesHelper.cpp not successfully processed
2025-10-21 14:37:02,621 - Knowledge - WARNING - File /app/data/kaviademo4200/6784/b8996uu/RDK/cmake/FindGLIB.cmake not successfully processed
2025-10-21 14:37:02,729 - Knowledge - WARNING - File /app/data/kaviademo4200/6784/b8996uu/RDK/LocationSync/LocationSync.h not successfully processed
2025-10-21 14:37:02,806 - Knowledge - WARNING - File /app/data/kaviademo4200/6784/b8996uu/RDK/SystemServices/cTimer.h not successfully processed
2025-10-21 14:37:02,896 - Knowledge - WARNING - File /app/data/kaviademo4200/6784/b8996uu/RDK/cmake/FindGStreamerVideo.cmake not successfully processed
2025-10-21 14:37:02,973 - Knowledge - WARNING - File /app/data/kaviademo4200/6784/b8996uu/RDK/LocationSync/LocationSyncJsonRpc.cpp not successfully processed
2025-10-21 14:37:03,100 - Knowledge - WARNING - File /app/data/kaviademo4200/6784/b8996uu/RDK/SystemServices/cTimer.cpp not successfully processed
2025-10-21 14:37:03,178 - Knowledge - WARNING - File /app/data/kaviademo4200/6784/b8996uu/RDK/cmake/FindNXCLIENT.cmake not successfully processed
2025-10-21 14:37:03,272 - Knowledge - WARNING - File /app/data/kaviademo4200/6784/b8996uu/RDK/LocationSync/LocationService.cpp not successfully processed
2025-10-21 14:37:03,343 - Knowledge - WARNING - File /app/data/kaviademo4200/6784/b8996uu/RDK/SystemServices/uploadlogs.cpp not successfully processed
2025-10-21 14:37:03,431 - Knowledge - WARNING - File /app/data/kaviademo4200/6784/b8996uu/RDK/cmake/FindNEXUS.cmake not successfully processed
2025-10-21 14:37:03,569 - Knowledge - WARNING - File /app/data/kaviademo4200/6784/b8996uu/RDK/LocationSync/LocationSync.cpp not successfully processed
2025-10-21 14:37:03,718 - Knowledge - WARNING - File /app/data/kaviademo4200/6784/b8996uu/RDK/SystemServices/SystemServicesHelper.h not successfully processed
2025-10-21 14:37:03,777 - Knowledge - WARNING - File /app/data/kaviademo4200/6784/b8996uu/RDK/cmake/FindCEC.cmake not successfully processed
2025-10-21 14:37:03,899 - Knowledge - WARNING - File /app/data/kaviademo4200/6784/b8996uu/RDK/MessageControl/MessageControl.h not successfully processed
2025-10-21 14:37:03,997 - Knowledge - WARNING - File /app/data/kaviademo4200/6784/b8996uu/RDK/SystemServices/TestClient/systemServiceTestClient.cpp not successfully processed
2025-10-21 14:37:04,067 - Knowledge - WARNING - File /app/data/kaviademo4200/6784/b8996uu/RDK/cmake/FindAamp.cmake not successfully processed
2025-10-21 14:37:04,140 - Knowledge - WARNING - File /app/data/kaviademo4200/6784/b8996uu/RDK/MessageControl/MessageOutput.h not successfully processed
2025-10-21 14:37:04,231 - Knowledge - WARNING - File /app/data/kaviademo4200/6784/b8996uu/RDK/SystemServices/SystemServices.h not successfully processed
2025-10-21 14:37:04,322 - Knowledge - WARNING - File /app/data/kaviademo4200/6784/b8996uu/RDK/cmake/FindBCM_HOST.cmake not successfully processed
2025-10-21 14:37:04,455 - Knowledge - WARNING - File /app/data/kaviademo4200/6784/b8996uu/RDK/MessageControl/MessageControlImplementation.cpp not successfully processed
2025-10-21 14:37:04,523 - Knowledge - WARNING - File /app/data/kaviademo4200/6784/b8996uu/RDK/SystemServices/StateObserverHelper.h not successfully processed
2025-10-21 14:37:04,635 - Knowledge - INFO - Processing batch of 48 files
2025-10-21 14:37:04,731 - Knowledge - WARNING - File /app/data/kaviademo4200/6784/b8996uu/RDK/MessageControl/MessageControl.cpp not successfully processed
2025-10-21 14:37:04,826 - Knowledge - WARNING - File /app/data/kaviademo4200/6784/b8996uu/RDK/RDKShell/RialtoConnector.h not successfully processed
2025-10-21 14:37:04,869 - Knowledge - INFO - process ingested knowledge for /app/data/kaviademo4200/6784/b8996uu/RDK/DTV/Module.cpp
2025-10-21 14:37:04,962 - Knowledge - WARNING - File /app/data/kaviademo4200/6784/b8996uu/RDK/MessageControl/MessageOutput.cpp not successfully processed
2025-10-21 14:37:05,104 - Knowledge - WARNING - File /app/data/kaviademo4200/6784/b8996uu/RDK/RDKShell/RialtoConnector.cpp not successfully processed
2025-10-21 14:37:05,152 - Knowledge - INFO - process ingested knowledge for /app/data/kaviademo4200/6784/b8996uu/RDK/DTV/CHANGELOG.md
2025-10-21 14:37:05,250 - Knowledge - WARNING - File /app/data/kaviademo4200/6784/b8996uu/RDK/broadcom.cmake not successfully processed
2025-10-21 14:37:05,361 - Knowledge - WARNING - File /app/data/kaviademo4200/6784/b8996uu/RDK/RDKShell/RDKShell.h not successfully processed
2025-10-21 14:37:05,444 - Knowledge - INFO - process ingested knowledge for /app/data/kaviademo4200/6784/b8996uu/RDK/CMakeLists.txt
2025-10-21 14:37:05,537 - Knowledge - WARNING - File /app/data/kaviademo4200/6784/b8996uu/RDK/Bluetooth/Bluetooth.h not successfully processed
2025-10-21 14:37:05,694 - Knowledge - WARNING - File /app/data/kaviademo4200/6784/b8996uu/RDK/FrontPanel/FrontPanel.cpp not successfully processed
2025-10-21 14:37:05,755 - Knowledge - INFO - process ingested knowledge for /app/data/kaviademo4200/6784/b8996uu/RDK/PersistentStore/Module.h
2025-10-21 14:37:05,901 - Knowledge - WARNING - File /app/data/kaviademo4200/6784/b8996uu/RDK/Bluetooth/Bluetooth.cpp not successfully processed
2025-10-21 14:37:05,950 - Knowledge - WARNING - File /app/data/kaviademo4200/6784/b8996uu/RDK/FrontPanel/FrontPanel.h not successfully processed
2025-10-21 14:37:06,067 - Knowledge - INFO - process ingested knowledge for /app/data/kaviademo4200/6784/b8996uu/RDK/PersistentStore/l0test/CMakeLists.txt
2025-10-21 14:37:06,169 - Knowledge - WARNING - File /app/data/kaviademo4200/6784/b8996uu/RDK/LEDControl/LEDControl.h not successfully processed
2025-10-21 14:37:06,251 - Knowledge - WARNING - File /app/data/kaviademo4200/6784/b8996uu/RDK/PlayerInfo/Dolby/DolbyOutput.cpp not successfully processed
2025-10-21 14:37:06,313 - Knowledge - INFO - process ingested knowledge for /app/data/kaviademo4200/6784/b8996uu/RDK/PersistentStore/sqlite/l1test/WorkerPoolImplementation.h
2025-10-21 14:37:06,419 - Knowledge - INFO - Processing batch of 44 files
2025-10-21 14:37:06,536 - Knowledge - WARNING - File /app/data/kaviademo4200/6784/b8996uu/RDK/PlayerInfo/PlayerInfo.cpp not successfully processed
2025-10-21 14:37:06,611 - Knowledge - INFO - process ingested knowledge for /app/data/kaviademo4200/6784/b8996uu/RDK/PersistentStore/sqlite/l1test/Store2NotificationMock.h
2025-10-21 14:37:06,697 - Knowledge - INFO - process ingested knowledge for /app/data/kaviademo4200/6784/b8996uu/RDK/SystemMode/SystemModePlugin.json
2025-10-21 14:37:06,775 - Knowledge - WARNING - File /app/data/kaviademo4200/6784/b8996uu/RDK/PlayerInfo/GStreamer/PlatformImplementation.cpp not successfully processed
2025-10-21 14:37:06,847 - Knowledge - INFO - process ingested knowledge for /app/data/kaviademo4200/6784/b8996uu/RDK/PersistentStore/sqlite/l1test/CMakeLists.txt
2025-10-21 14:37:06,937 - Knowledge - INFO - process ingested knowledge for /app/data/kaviademo4200/6784/b8996uu/RDK/SystemMode/Module.cpp
2025-10-21 14:37:07,067 - Knowledge - INFO - Processing batch of 48 files
2025-10-21 14:37:07,217 - Knowledge - INFO - process ingested knowledge for /app/data/kaviademo4200/6784/b8996uu/RDK/PersistentStore/PersistentStore.json
2025-10-21 14:37:07,334 - Knowledge - INFO - process ingested knowledge for /app/data/kaviademo4200/6784/b8996uu/RDK/SystemMode/CHANGELOG.md
2025-10-21 14:37:07,408 - Knowledge - INFO - process ingested knowledge for /app/data/kaviademo4200/6784/b8996uu/RDK/Tools/json_generator/global.json
2025-10-21 14:37:07,503 - Knowledge - INFO - process ingested knowledge for /app/data/kaviademo4200/6784/b8996uu/RDK/PersistentStore/CMakeLists.txt
2025-10-21 14:37:07,610 - Knowledge - INFO - process ingested knowledge for /app/data/kaviademo4200/6784/b8996uu/RDK/WifiManager/test/thunder-wifimanager-test.js
2025-10-21 14:37:07,695 - Knowledge - INFO - process ingested knowledge for /app/data/kaviademo4200/6784/b8996uu/RDK/Tools/json_generator/generator_json.py
2025-10-21 14:37:07,774 - Knowledge - INFO - process ingested knowledge for /app/data/kaviademo4200/6784/b8996uu/RDK/PersistentStore/PersistentStorePlugin.json
2025-10-21 14:37:07,852 - Knowledge - INFO - process ingested knowledge for /app/data/kaviademo4200/6784/b8996uu/RDK/WifiManager/Module.h
2025-10-21 14:37:07,985 - Knowledge - INFO - process ingested knowledge for /app/data/kaviademo4200/6784/b8996uu/RDK/Timer/TimerPlugin.json
2025-10-21 14:37:08,057 - Knowledge - INFO - process ingested knowledge for /app/data/kaviademo4200/6784/b8996uu/RDK/PersistentStore/l1test/CMakeLists.txt
2025-10-21 14:37:08,158 - Knowledge - INFO - process ingested knowledge for /app/data/kaviademo4200/6784/b8996uu/RDK/WifiManager/impl/WifiManagerConnect.h
2025-10-21 14:37:08,243 - Knowledge - INFO - process ingested knowledge for /app/data/kaviademo4200/6784/b8996uu/RDK/Timer/Module.h
2025-10-21 14:37:08,361 - Knowledge - INFO - process ingested knowledge for /app/data/kaviademo4200/6784/b8996uu/RDK/PersistentStore/Module.cpp
2025-10-21 14:37:08,500 - Knowledge - INFO - process ingested knowledge for /app/data/kaviademo4200/6784/b8996uu/RDK/WifiManager/impl/WifiManagerState.h
2025-10-21 14:37:08,572 - Knowledge - INFO - process ingested knowledge for /app/data/kaviademo4200/6784/b8996uu/RDK/Timer/CMakeLists.txt
2025-10-21 14:37:08,674 - Knowledge - INFO - process ingested knowledge for /app/data/kaviademo4200/6784/b8996uu/RDK/PersistentStore/CHANGELOG.md
2025-10-21 14:37:08,777 - Knowledge - INFO - process ingested knowledge for /app/data/kaviademo4200/6784/b8996uu/RDK/WifiManager/impl/WifiManagerEvents.h
2025-10-21 14:37:08,852 - Knowledge - INFO - process ingested knowledge for /app/data/kaviademo4200/6784/b8996uu/RDK/Timer/Timer.json
2025-10-21 14:37:08,980 - Knowledge - INFO - process ingested knowledge for /app/data/kaviademo4200/6784/b8996uu/RDK/DataCapture/Module.h
2025-10-21 14:37:09,053 - Knowledge - INFO - process ingested knowledge for /app/data/kaviademo4200/6784/b8996uu/RDK/WifiManager/WifiPlugin.json
2025-10-21 14:37:09,149 - Knowledge - INFO - process ingested knowledge for /app/data/kaviademo4200/6784/b8996uu/RDK/Timer/README.md
2025-10-21 14:37:09,246 - Knowledge - INFO - process ingested knowledge for /app/data/kaviademo4200/6784/b8996uu/RDK/DataCapture/DataCapture.json
2025-10-21 14:37:09,351 - Knowledge - INFO - process ingested knowledge for /app/data/kaviademo4200/6784/b8996uu/RDK/WifiManager/CMakeLists.txt
2025-10-21 14:37:09,483 - Knowledge - INFO - process ingested knowledge for /app/data/kaviademo4200/6784/b8996uu/RDK/Timer/Module.cpp
2025-10-21 14:37:09,563 - Knowledge - INFO - process ingested knowledge for /app/data/kaviademo4200/6784/b8996uu/RDK/DataCapture/CMakeLists.txt
2025-10-21 14:37:09,666 - Knowledge - INFO - process ingested knowledge for /app/data/kaviademo4200/6784/b8996uu/RDK/WifiManager/README.md
2025-10-21 14:37:09,767 - Knowledge - INFO - process ingested knowledge for /app/data/kaviademo4200/6784/b8996uu/RDK/Timer/CHANGELOG.md
2025-10-21 14:37:09,842 - Knowledge - INFO - process ingested knowledge for /app/data/kaviademo4200/6784/b8996uu/RDK/DataCapture/DataCapturePlugin.json
2025-10-21 14:37:09,927 - Knowledge - INFO - process ingested knowledge for /app/data/kaviademo4200/6784/b8996uu/RDK/WifiManager/Module.cpp
2025-10-21 14:37:10,022 - Knowledge - INFO - process ingested knowledge for /app/data/kaviademo4200/6784/b8996uu/RDK/UserPreferences/UserPreferencesPlugin.json
2025-10-21 14:37:10,099 - Knowledge - INFO - process ingested knowledge for /app/data/kaviademo4200/6784/b8996uu/RDK/DataCapture/README.md
2025-10-21 14:37:10,201 - Knowledge - INFO - process ingested knowledge for /app/data/kaviademo4200/6784/b8996uu/RDK/WifiManager/Wifi.json
2025-10-21 14:37:10,312 - Knowledge - INFO - process ingested knowledge for /app/data/kaviademo4200/6784/b8996uu/RDK/UserPreferences/Module.h
2025-10-21 14:37:10,381 - Knowledge - INFO - process ingested knowledge for /app/data/kaviademo4200/6784/b8996uu/RDK/DataCapture/Module.cpp
2025-10-21 14:37:10,495 - Knowledge - INFO - process ingested knowledge for /app/data/kaviademo4200/6784/b8996uu/RDK/WifiManager/CHANGELOG.md
2025-10-21 14:37:10,622 - Knowledge - INFO - process ingested knowledge for /app/data/kaviademo4200/6784/b8996uu/RDK/UserPreferences/CMakeLists.txt
2025-10-21 14:37:10,709 - Knowledge - INFO - process ingested knowledge for /app/data/kaviademo4200/6784/b8996uu/RDK/DataCapture/CHANGELOG.md
2025-10-21 14:37:10,790 - Knowledge - INFO - process ingested knowledge for /app/data/kaviademo4200/6784/b8996uu/RDK/ContinueWatching/test/CWTestThunderClient.cpp
2025-10-21 14:37:10,930 - Knowledge - INFO - process ingested knowledge for /app/data/kaviademo4200/6784/b8996uu/RDK/UserPreferences/UserPreferences.json
2025-10-21 14:37:11,032 - Knowledge - INFO - process ingested knowledge for /app/data/kaviademo4200/6784/b8996uu/RDK/MaintenanceManager/Module.h
2025-10-21 14:37:11,104 - Knowledge - INFO - process ingested knowledge for /app/data/kaviademo4200/6784/b8996uu/RDK/ContinueWatching/test/Module.h
2025-10-21 14:37:11,220 - Knowledge - INFO - process ingested knowledge for /app/data/kaviademo4200/6784/b8996uu/RDK/UserPreferences/README.md
2025-10-21 14:37:11,298 - Knowledge - INFO - process ingested knowledge for /app/data/kaviademo4200/6784/b8996uu/RDK/MaintenanceManager/MaintenanceManager.json
2025-10-21 14:37:11,379 - Knowledge - INFO - process ingested knowledge for /app/data/kaviademo4200/6784/b8996uu/RDK/ContinueWatching/test/CMakeLists.txt
2025-10-21 14:37:11,495 - Knowledge - INFO - process ingested knowledge for /app/data/kaviademo4200/6784/b8996uu/RDK/UserPreferences/Module.cpp
2025-10-21 14:37:11,573 - Knowledge - INFO - process ingested knowledge for /app/data/kaviademo4200/6784/b8996uu/RDK/MaintenanceManager/CMakeLists.txt
2025-10-21 14:37:11,642 - Knowledge - INFO - process ingested knowledge for /app/data/kaviademo4200/6784/b8996uu/RDK/ContinueWatching/Module.h
2025-10-21 14:37:11,736 - Knowledge - INFO - process ingested knowledge for /app/data/kaviademo4200/6784/b8996uu/RDK/UserPreferences/UserPreferences.h
2025-10-21 14:37:11,824 - Knowledge - INFO - process ingested knowledge for /app/data/kaviademo4200/6784/b8996uu/RDK/MaintenanceManager/cmake/FindIARMBus.cmake
2025-10-21 14:37:11,904 - Knowledge - INFO - process ingested knowledge for /app/data/kaviademo4200/6784/b8996uu/RDK/ContinueWatching/ContinueWatching.json
2025-10-21 14:37:11,996 - Knowledge - INFO - process ingested knowledge for /app/data/kaviademo4200/6784/b8996uu/RDK/UserPreferences/CHANGELOG.md
2025-10-21 14:37:12,134 - Knowledge - INFO - process ingested knowledge for /app/data/kaviademo4200/6784/b8996uu/RDK/MaintenanceManager/MaintenanceManagerPlugin.json
2025-10-21 14:37:12,208 - Knowledge - INFO - process ingested knowledge for /app/data/kaviademo4200/6784/b8996uu/RDK/ContinueWatching/CMakeLists.txt
2025-10-21 14:37:12,316 - Knowledge - INFO - process ingested knowledge for /app/data/kaviademo4200/6784/b8996uu/RDK/SystemServices/uploadlogs.h
2025-10-21 14:37:12,382 - Knowledge - INFO - process ingested knowledge for /app/data/kaviademo4200/6784/b8996uu/RDK/MaintenanceManager/README.md
2025-10-21 14:37:12,513 - Knowledge - INFO - process ingested knowledge for /app/data/kaviademo4200/6784/b8996uu/RDK/ContinueWatching/ContinueWatchingPlugin.json
2025-10-21 14:37:12,622 - Knowledge - INFO - process ingested knowledge for /app/data/kaviademo4200/6784/b8996uu/RDK/SystemServices/Module.h
2025-10-21 14:37:12,739 - Knowledge - INFO - process ingested knowledge for /app/data/kaviademo4200/6784/b8996uu/RDK/MaintenanceManager/Module.cpp
2025-10-21 14:37:12,830 - Knowledge - INFO - process ingested knowledge for /app/data/kaviademo4200/6784/b8996uu/RDK/ContinueWatching/README.md
2025-10-21 14:37:12,937 - Knowledge - INFO - process ingested knowledge for /app/data/kaviademo4200/6784/b8996uu/RDK/SystemServices/SystemPlugin.json
2025-10-21 14:37:13,057 - Knowledge - INFO - process ingested knowledge for /app/data/kaviademo4200/6784/b8996uu/RDK/MaintenanceManager/CHANGELOG.md
2025-10-21 14:37:13,152 - Knowledge - INFO - process ingested knowledge for /app/data/kaviademo4200/6784/b8996uu/RDK/ContinueWatching/Module.cpp
2025-10-21 14:37:13,269 - Knowledge - INFO - process ingested knowledge for /app/data/kaviademo4200/6784/b8996uu/RDK/SystemServices/SystemServices.cpp
2025-10-21 14:37:13,381 - Knowledge - INFO - process ingested knowledge for /app/data/kaviademo4200/6784/b8996uu/RDK/cmake/FindDL.cmake
2025-10-21 14:37:13,498 - Knowledge - INFO - process ingested knowledge for /app/data/kaviademo4200/6784/b8996uu/RDK/ContinueWatching/CHANGELOG.md
2025-10-21 14:37:13,612 - Knowledge - INFO - process ingested knowledge for /app/data/kaviademo4200/6784/b8996uu/RDK/SystemServices/CMakeLists.txt
2025-10-21 14:37:13,705 - Knowledge - INFO - process ingested knowledge for /app/data/kaviademo4200/6784/b8996uu/RDK/cmake/FindAC.cmake
2025-10-21 14:37:13,823 - Knowledge - INFO - process ingested knowledge for /app/data/kaviademo4200/6784/b8996uu/RDK/LocationSync/Module.h
2025-10-21 14:37:13,906 - Knowledge - INFO - process ingested knowledge for /app/data/kaviademo4200/6784/b8996uu/RDK/SystemServices/cmake/FindIARMBus.cmake
2025-10-21 14:37:14,012 - Knowledge - INFO - process ingested knowledge for /app/data/kaviademo4200/6784/b8996uu/RDK/cmake/FindUdev.cmake
2025-10-21 14:37:14,133 - Knowledge - INFO - process ingested knowledge for /app/data/kaviademo4200/6784/b8996uu/RDK/LocationSync/CMakeLists.txt
2025-10-21 14:37:14,195 - Knowledge - INFO - process ingested knowledge for /app/data/kaviademo4200/6784/b8996uu/RDK/SystemServices/cmake/FindDS.cmake
2025-10-21 14:37:14,282 - Knowledge - INFO - process ingested knowledge for /app/data/kaviademo4200/6784/b8996uu/RDK/cmake/FindNopoll.cmake
2025-10-21 14:37:14,359 - Knowledge - INFO - process ingested knowledge for /app/data/kaviademo4200/6784/b8996uu/RDK/LocationSync/LocationSync.json
2025-10-21 14:37:14,436 - Knowledge - INFO - process ingested knowledge for /app/data/kaviademo4200/6784/b8996uu/RDK/SystemServices/thermonitor.h
2025-10-21 14:37:14,536 - Knowledge - INFO - process ingested knowledge for /app/data/kaviademo4200/6784/b8996uu/RDK/cmake/FindCTRLM.cmake
2025-10-21 14:37:14,658 - Knowledge - INFO - process ingested knowledge for /app/data/kaviademo4200/6784/b8996uu/RDK/LocationSync/LocationSyncPlugin.json
2025-10-21 14:37:14,772 - Knowledge - INFO - process ingested knowledge for /app/data/kaviademo4200/6784/b8996uu/RDK/SystemServices/System.json
2025-10-21 14:37:14,881 - Knowledge - INFO - process ingested knowledge for /app/data/kaviademo4200/6784/b8996uu/RDK/cmake/FindSqlite.cmake
2025-10-21 14:37:14,949 - Knowledge - INFO - process ingested knowledge for /app/data/kaviademo4200/6784/b8996uu/RDK/LocationSync/Module.cpp
2025-10-21 14:37:15,065 - Knowledge - INFO - process ingested knowledge for /app/data/kaviademo4200/6784/b8996uu/RDK/SystemServices/Module.cpp
2025-10-21 14:37:15,164 - Knowledge - INFO - process ingested knowledge for /app/data/kaviademo4200/6784/b8996uu/RDK/cmake/FindLMPLAYER.cmake
2025-10-21 14:37:15,234 - Knowledge - INFO - process ingested knowledge for /app/data/kaviademo4200/6784/b8996uu/RDK/LocationSync/CHANGELOG.md
2025-10-21 14:37:15,348 - Knowledge - INFO - process ingested knowledge for /app/data/kaviademo4200/6784/b8996uu/RDK/SystemServices/CHANGELOG.md
2025-10-21 14:37:15,428 - Knowledge - INFO - process ingested knowledge for /app/data/kaviademo4200/6784/b8996uu/RDK/cmake/FindCurl.cmake
2025-10-21 14:37:15,540 - Knowledge - INFO - process ingested knowledge for /app/data/kaviademo4200/6784/b8996uu/RDK/MessageControl/Module.h
2025-10-21 14:37:15,629 - Knowledge - INFO - process ingested knowledge for /app/data/kaviademo4200/6784/b8996uu/RDK/SystemServices/TestClient/Module.h
2025-10-21 14:37:15,702 - Knowledge - INFO - process ingested knowledge for /app/data/kaviademo4200/6784/b8996uu/RDK/cmake/FindLibSoup.cmake
2025-10-21 14:37:15,807 - Knowledge - INFO - process ingested knowledge for /app/data/kaviademo4200/6784/b8996uu/RDK/MessageControl/CMakeLists.txt
2025-10-21 14:37:15,879 - Knowledge - INFO - process ingested knowledge for /app/data/kaviademo4200/6784/b8996uu/RDK/SystemServices/TestClient/CMakeLists.txt
2025-10-21 14:37:15,985 - Knowledge - INFO - process ingested knowledge for /app/data/kaviademo4200/6784/b8996uu/RDK/cmake/FindRDKStorageManager.cmake
2025-10-21 14:37:16,094 - Knowledge - INFO - process ingested knowledge for /app/data/kaviademo4200/6784/b8996uu/RDK/MessageControl/MessageControlPlugin.json
2025-10-21 14:37:16,181 - Knowledge - INFO - process ingested knowledge for /app/data/kaviademo4200/6784/b8996uu/RDK/RDKShell/RDKShellPlugin.json
2025-10-21 14:37:16,296 - Knowledge - INFO - process ingested knowledge for /app/data/kaviademo4200/6784/b8996uu/RDK/cmake/Findjsoncpp.cmake
2025-10-21 14:37:16,381 - Knowledge - INFO - process ingested knowledge for /app/data/kaviademo4200/6784/b8996uu/RDK/MessageControl/Module.cpp
2025-10-21 14:37:16,485 - Knowledge - INFO - process ingested knowledge for /app/data/kaviademo4200/6784/b8996uu/RDK/RDKShell/Module.h
2025-10-21 14:37:16,562 - Knowledge - INFO - process ingested knowledge for /app/data/kaviademo4200/6784/b8996uu/RDK/cmake/FindPlabels.cmake
2025-10-21 14:37:16,670 - Knowledge - INFO - process ingested knowledge for /app/data/kaviademo4200/6784/b8996uu/RDK/MessageControl/CHANGELOG.md
2025-10-21 14:37:16,776 - Knowledge - INFO - process ingested knowledge for /app/data/kaviademo4200/6784/b8996uu/RDK/RDKShell/RDKShell.cpp
2025-10-21 14:37:16,887 - Knowledge - INFO - process ingested knowledge for /app/data/kaviademo4200/6784/b8996uu/RDK/cmake/FindIARMBus.cmake
2025-10-21 14:37:16,963 - Knowledge - INFO - process ingested knowledge for /app/data/kaviademo4200/6784/b8996uu/RDK/Bluetooth/Module.h
2025-10-21 14:37:17,045 - Knowledge - INFO - process ingested knowledge for /app/data/kaviademo4200/6784/b8996uu/RDK/RDKShell/CMakeLists.txt
2025-10-21 14:37:17,135 - Knowledge - INFO - process ingested knowledge for /app/data/kaviademo4200/6784/b8996uu/RDK/cmake/FindTTS.cmake
2025-10-21 14:37:17,241 - Knowledge - INFO - process ingested knowledge for /app/data/kaviademo4200/6784/b8996uu/RDK/Bluetooth/Bluetooth.json
2025-10-21 14:37:17,318 - Knowledge - INFO - process ingested knowledge for /app/data/kaviademo4200/6784/b8996uu/RDK/RDKShell/RDKShell.json
2025-10-21 14:37:17,411 - Knowledge - INFO - process ingested knowledge for /app/data/kaviademo4200/6784/b8996uu/RDK/cmake/FindDS.cmake
2025-10-21 14:37:17,499 - Knowledge - INFO - process ingested knowledge for /app/data/kaviademo4200/6784/b8996uu/RDK/Bluetooth/CMakeLists.txt
2025-10-21 14:37:17,598 - Knowledge - INFO - process ingested knowledge for /app/data/kaviademo4200/6784/b8996uu/RDK/RDKShell/README.md
2025-10-21 14:37:17,674 - Knowledge - INFO - process ingested knowledge for /app/data/kaviademo4200/6784/b8996uu/RDK/cmake/FindSqliteSee.cmake
2025-10-21 14:37:17,741 - Knowledge - INFO - process ingested knowledge for /app/data/kaviademo4200/6784/b8996uu/RDK/Bluetooth/cmake/FindBTMGR.cmake
2025-10-21 14:37:17,819 - Knowledge - INFO - process ingested knowledge for /app/data/kaviademo4200/6784/b8996uu/RDK/RDKShell/Module.cpp
2025-10-21 14:37:17,891 - Knowledge - INFO - process ingested knowledge for /app/data/kaviademo4200/6784/b8996uu/RDK/Tools/json_generator/schemas/interface.schema.json
2025-10-21 14:37:17,978 - Knowledge - INFO - process ingested knowledge for /app/data/kaviademo4200/6784/b8996uu/RDK/Bluetooth/BluetoothPlugin.json
2025-10-21 14:37:18,107 - Knowledge - INFO - process ingested knowledge for /app/data/kaviademo4200/6784/b8996uu/RDK/RDKShell/CHANGELOG.md
2025-10-21 14:37:18,174 - Knowledge - INFO - process ingested knowledge for /app/data/kaviademo4200/6784/b8996uu/RDK/Tools/json_generator/schemas/plugin.schema.json
2025-10-21 14:37:18,256 - Knowledge - INFO - process ingested knowledge for /app/data/kaviademo4200/6784/b8996uu/RDK/Bluetooth/README.md
2025-10-21 14:37:18,328 - Knowledge - INFO - process ingested knowledge for /app/data/kaviademo4200/6784/b8996uu/RDK/FrontPanel/FrontPanelPlugin.json
2025-10-21 14:37:18,418 - Knowledge - INFO - process ingested knowledge for /app/data/kaviademo4200/6784/b8996uu/RDK/Tools/json_generator/docs_common.json
2025-10-21 14:37:18,501 - Knowledge - INFO - process ingested knowledge for /app/data/kaviademo4200/6784/b8996uu/RDK/Bluetooth/Module.cpp
2025-10-21 14:37:18,615 - Knowledge - INFO - process ingested knowledge for /app/data/kaviademo4200/6784/b8996uu/RDK/FrontPanel/Module.h
2025-10-21 14:37:18,874 - Knowledge - INFO - process ingested knowledge for /app/data/kaviademo4200/6784/b8996uu/RDK/Bluetooth/CHANGELOG.md
2025-10-21 14:37:18,968 - Knowledge - INFO - process ingested knowledge for /app/data/kaviademo4200/6784/b8996uu/RDK/FrontPanel/CMakeLists.txt
2025-10-21 14:37:19,072 - Knowledge - INFO - process ingested knowledge for /app/data/kaviademo4200/6784/b8996uu/RDK/LEDControl/Module.h
2025-10-21 14:37:19,164 - Knowledge - INFO - process ingested knowledge for /app/data/kaviademo4200/6784/b8996uu/RDK/FrontPanel/FrontPanel.json
2025-10-21 14:37:19,361 - Knowledge - INFO - process ingested knowledge for /app/data/kaviademo4200/6784/b8996uu/RDK/FrontPanel/Module.cpp
2025-10-21 14:37:19,557 - Knowledge - INFO - process ingested knowledge for /app/data/kaviademo4200/6784/b8996uu/RDK/FrontPanel/CHANGELOG.md
2025-10-21 14:37:19,961 - Knowledge - INFO - process ingested knowledge for /app/data/kaviademo4200/6784/b8996uu/RDK/PlayerInfo/PlayerInfoPlugin.json
2025-10-21 14:37:20,282 - Knowledge - INFO - process ingested knowledge for /app/data/kaviademo4200/6784/b8996uu/RDK/PlayerInfo/Module.h
2025-10-21 14:37:20,570 - Knowledge - INFO - process ingested knowledge for /app/data/kaviademo4200/6784/b8996uu/RDK/PlayerInfo/Dolby/include/Dolby.h
2025-10-21 14:37:21,144 - Knowledge - INFO - process ingested knowledge for /app/data/kaviademo4200/6784/b8996uu/RDK/PlayerInfo/Dolby/CMakeLists.txt
2025-10-21 14:37:28,451 - Knowledge - INFO - [WEBSOCKET] Sent: Type=progress_update, Size: 296, Duration: 0ms
2025-10-21 14:37:28,653 - Knowledge - INFO - [WEBSOCKET] Sent: Type=unknown, Size: ?, Duration: 202ms
2025-10-21 14:37:28,819 - Knowledge - INFO - Progress: 50.4% | Files: 700/1389 | Rate: 1.39 files/sec | Queue: 0
2025-10-21 14:37:39,412 - Knowledge - ERROR - Timeout processing /app/data/kaviademo4200/6784/b8996uu/RDK/SystemAudioPlayer/ProxyStubs_SystemAudioPlayer.cpp after 90s
2025-10-21 14:37:39,584 - Knowledge - ERROR - Timeout processing /app/data/kaviademo4200/6784/b8996uu/RDK/ScreenCapture/ScreenCapture.h after 90s
2025-10-21 14:37:39,795 - Knowledge - ERROR - Timeout processing /app/data/kaviademo4200/6784/b8996uu/RDK/ScreenCapture/Implementation/Realtek/kms.c after 90s
2025-10-21 14:37:39,978 - Knowledge - ERROR - Timeout processing /app/data/kaviademo4200/6784/b8996uu/RDK/ScreenCapture/Implementation/Realtek/kms.h after 90s
2025-10-21 14:37:40,149 - Knowledge - ERROR - Timeout processing /app/data/kaviademo4200/6784/b8996uu/RDK/ScreenCapture/Implementation/Realtek/Realtek.cpp after 90s
2025-10-21 14:37:40,351 - Knowledge - ERROR - Timeout processing /app/data/kaviademo4200/6784/b8996uu/RDK/ScreenCapture/cmake/FindLibDRM.cmake after 90s
2025-10-21 14:37:40,543 - Knowledge - ERROR - Timeout processing /app/data/kaviademo4200/6784/b8996uu/RDK/ScreenCapture/ScreenCapture.cpp after 90s
2025-10-21 14:37:40,714 - Knowledge - ERROR - Timeout processing /app/data/kaviademo4200/6784/b8996uu/RDK/CloudStore/CloudStoreImplementation.h after 90s
2025-10-21 14:37:40,849 - Knowledge - ERROR - Timeout processing /app/data/kaviademo4200/6784/b8996uu/RDK/CloudStore/l0test/CloudStoreImplementationMock.h after 90s
2025-10-21 14:37:41,037 - Knowledge - ERROR - Timeout processing /app/data/kaviademo4200/6784/b8996uu/RDK/CloudStore/l0test/ServiceMock.h after 90s
2025-10-21 14:37:41,230 - Knowledge - ERROR - Timeout processing /app/data/kaviademo4200/6784/b8996uu/RDK/CloudStore/l0test/CloudStoreTest.cpp after 90s
2025-10-21 14:37:41,414 - Knowledge - ERROR - Timeout processing /app/data/kaviademo4200/6784/b8996uu/RDK/CloudStore/grpc/l0test/Store2Test.cpp after 90s
2025-10-21 14:37:41,607 - Knowledge - ERROR - Timeout processing /app/data/kaviademo4200/6784/b8996uu/RDK/CloudStore/grpc/l2test/StubTest.cpp after 90s
2025-10-21 14:37:41,780 - Knowledge - ERROR - Timeout processing /app/data/kaviademo4200/6784/b8996uu/RDK/CloudStore/grpc/Store2.h after 90s
2025-10-21 14:37:41,981 - Knowledge - ERROR - Timeout processing /app/data/kaviademo4200/6784/b8996uu/RDK/CloudStore/CloudStore.h after 90s
2025-10-21 14:37:42,162 - Knowledge - ERROR - Timeout processing /app/data/kaviademo4200/6784/b8996uu/RDK/CloudStore/CloudStore.cpp after 90s
2025-10-21 14:37:42,388 - Knowledge - ERROR - Timeout processing /app/data/kaviademo4200/6784/b8996uu/RDK/FireboltMediaPlayer/impl/AampMediaPlayer/AampEventListener.cpp after 90s
2025-10-21 14:37:42,561 - Knowledge - ERROR - Timeout processing /app/data/kaviademo4200/6784/b8996uu/RDK/FireboltMediaPlayer/impl/AampMediaPlayer/AampMediaStream.cpp after 90s
2025-10-21 14:37:42,757 - Knowledge - ERROR - Timeout processing /app/data/kaviademo4200/6784/b8996uu/RDK/FireboltMediaPlayer/impl/AampMediaPlayer/AampMediaStream.h after 90s
2025-10-21 14:37:42,931 - Knowledge - ERROR - Timeout processing /app/data/kaviademo4200/6784/b8996uu/RDK/FireboltMediaPlayer/FireboltMediaPlayer.h after 90s
2025-10-21 14:37:43,128 - Knowledge - ERROR - Timeout processing /app/data/kaviademo4200/6784/b8996uu/RDK/FireboltMediaPlayer/FireboltMediaPlayer.cpp after 90s
2025-10-21 14:37:43,318 - Knowledge - ERROR - Timeout processing /app/data/kaviademo4200/6784/b8996uu/RDK/DeviceInfo/DeviceInfoJsonRpc.cpp after 90s
2025-10-21 14:37:43,502 - Knowledge - ERROR - Timeout processing /app/data/kaviademo4200/6784/b8996uu/RDK/DeviceInfo/DeviceInfo.h after 90s
2025-10-21 14:37:43,710 - Knowledge - ERROR - Timeout processing /app/data/kaviademo4200/6784/b8996uu/RDK/DeviceInfo/Implementation/DeviceVideoCapabilities.cpp after 90s
2025-10-21 14:37:43,891 - Knowledge - ERROR - Timeout processing /app/data/kaviademo4200/6784/b8996uu/RDK/DeviceInfo/Implementation/DeviceInfo.cpp after 90s
2025-10-21 14:37:44,063 - Knowledge - ERROR - Timeout processing /app/data/kaviademo4200/6784/b8996uu/RDK/DeviceInfo/Implementation/DeviceAudioCapabilities.cpp after 90s
2025-10-21 14:37:44,215 - Knowledge - ERROR - Timeout processing /app/data/kaviademo4200/6784/b8996uu/RDK/DeviceInfo/DeviceInfo.cpp after 90s
2025-10-21 14:37:44,394 - Knowledge - ERROR - Timeout processing /app/data/kaviademo4200/6784/b8996uu/RDK/UsbAccess/UsbAccess.h after 90s
2025-10-21 14:37:44,571 - Knowledge - ERROR - Timeout processing /app/data/kaviademo4200/6784/b8996uu/RDK/UsbAccess/UsbAccess.cpp after 90s
2025-10-21 14:37:44,768 - Knowledge - ERROR - Timeout processing /app/data/kaviademo4200/6784/b8996uu/RDK/SharedStorage/SharedStorageJsonRpc.cpp after 90s
2025-10-21 14:37:44,975 - Knowledge - ERROR - Timeout processing /app/data/kaviademo4200/6784/b8996uu/RDK/SharedStorage/SharedStorage.h after 90s
2025-10-21 14:37:45,143 - Knowledge - ERROR - Timeout processing /app/data/kaviademo4200/6784/b8996uu/RDK/SharedStorage/SharedStorage.cpp after 90s
2025-10-21 14:37:45,298 - Knowledge - ERROR - Timeout processing /app/data/kaviademo4200/6784/b8996uu/RDK/HelloWorld/HelloWorldImplementation.h after 90s
2025-10-21 14:37:45,554 - Knowledge - WARNING - File /app/data/kaviademo4200/6784/b8996uu/RDK/SystemAudioPlayer/ProxyStubs_SystemAudioPlayer.cpp not successfully processed
2025-10-21 14:37:45,751 - Knowledge - WARNING - File /app/data/kaviademo4200/6784/b8996uu/RDK/ScreenCapture/ScreenCapture.h not successfully processed
2025-10-21 14:37:45,944 - Knowledge - WARNING - File /app/data/kaviademo4200/6784/b8996uu/RDK/ScreenCapture/Implementation/Realtek/kms.c not successfully processed
2025-10-21 14:37:46,178 - Knowledge - WARNING - File /app/data/kaviademo4200/6784/b8996uu/RDK/ScreenCapture/Implementation/Realtek/kms.h not successfully processed
2025-10-21 14:37:46,347 - Knowledge - WARNING - File /app/data/kaviademo4200/6784/b8996uu/RDK/ScreenCapture/Implementation/Realtek/Realtek.cpp not successfully processed
2025-10-21 14:37:46,571 - Knowledge - WARNING - File /app/data/kaviademo4200/6784/b8996uu/RDK/ScreenCapture/cmake/FindLibDRM.cmake not successfully processed
2025-10-21 14:37:46,779 - Knowledge - WARNING - File /app/data/kaviademo4200/6784/b8996uu/RDK/ScreenCapture/ScreenCapture.cpp not successfully processed
2025-10-21 14:37:47,023 - Knowledge - WARNING - File /app/data/kaviademo4200/6784/b8996uu/RDK/CloudStore/CloudStoreImplementation.h not successfully processed
2025-10-21 14:37:47,262 - Knowledge - WARNING - File /app/data/kaviademo4200/6784/b8996uu/RDK/CloudStore/l0test/CloudStoreImplementationMock.h not successfully processed
2025-10-21 14:37:47,464 - Knowledge - WARNING - File /app/data/kaviademo4200/6784/b8996uu/RDK/CloudStore/l0test/ServiceMock.h not successfully processed
2025-10-21 14:37:47,667 - Knowledge - WARNING - File /app/data/kaviademo4200/6784/b8996uu/RDK/CloudStore/l0test/CloudStoreTest.cpp not successfully processed
2025-10-21 14:37:47,884 - Knowledge - WARNING - File /app/data/kaviademo4200/6784/b8996uu/RDK/CloudStore/grpc/l0test/Store2Test.cpp not successfully processed
2025-10-21 14:37:48,070 - Knowledge - WARNING - File /app/data/kaviademo4200/6784/b8996uu/RDK/CloudStore/grpc/l2test/StubTest.cpp not successfully processed
2025-10-21 14:37:48,235 - Knowledge - WARNING - File /app/data/kaviademo4200/6784/b8996uu/RDK/CloudStore/grpc/Store2.h not successfully processed
2025-10-21 14:37:48,386 - Knowledge - WARNING - File /app/data/kaviademo4200/6784/b8996uu/RDK/CloudStore/CloudStore.h not successfully processed
2025-10-21 14:37:48,544 - Knowledge - WARNING - File /app/data/kaviademo4200/6784/b8996uu/RDK/CloudStore/CloudStore.cpp not successfully processed
2025-10-21 14:37:48,781 - Knowledge - WARNING - File /app/data/kaviademo4200/6784/b8996uu/RDK/FireboltMediaPlayer/impl/AampMediaPlayer/AampEventListener.cpp not successfully processed
2025-10-21 14:37:48,956 - Knowledge - WARNING - File /app/data/kaviademo4200/6784/b8996uu/RDK/FireboltMediaPlayer/impl/AampMediaPlayer/AampMediaStream.cpp not successfully processed
2025-10-21 14:37:49,178 - Knowledge - WARNING - File /app/data/kaviademo4200/6784/b8996uu/RDK/FireboltMediaPlayer/impl/AampMediaPlayer/AampMediaStream.h not successfully processed
2025-10-21 14:37:49,389 - Knowledge - WARNING - File /app/data/kaviademo4200/6784/b8996uu/RDK/FireboltMediaPlayer/FireboltMediaPlayer.h not successfully processed
2025-10-21 14:37:49,594 - Knowledge - WARNING - File /app/data/kaviademo4200/6784/b8996uu/RDK/FireboltMediaPlayer/FireboltMediaPlayer.cpp not successfully processed
2025-10-21 14:37:49,825 - Knowledge - WARNING - File /app/data/kaviademo4200/6784/b8996uu/RDK/DeviceInfo/DeviceInfoJsonRpc.cpp not successfully processed
2025-10-21 14:37:50,047 - Knowledge - WARNING - File /app/data/kaviademo4200/6784/b8996uu/RDK/DeviceInfo/DeviceInfo.h not successfully processed
2025-10-21 14:37:50,281 - Knowledge - WARNING - File /app/data/kaviademo4200/6784/b8996uu/RDK/DeviceInfo/Implementation/DeviceVideoCapabilities.cpp not successfully processed
2025-10-21 14:37:50,528 - Knowledge - WARNING - File /app/data/kaviademo4200/6784/b8996uu/RDK/DeviceInfo/Implementation/DeviceInfo.cpp not successfully processed
2025-10-21 14:37:50,709 - Knowledge - WARNING - File /app/data/kaviademo4200/6784/b8996uu/RDK/DeviceInfo/Implementation/DeviceAudioCapabilities.cpp not successfully processed
2025-10-21 14:37:50,963 - Knowledge - WARNING - File /app/data/kaviademo4200/6784/b8996uu/RDK/DeviceInfo/DeviceInfo.cpp not successfully processed
2025-10-21 14:37:51,154 - Knowledge - WARNING - File /app/data/kaviademo4200/6784/b8996uu/RDK/UsbAccess/UsbAccess.h not successfully processed
2025-10-21 14:37:51,310 - Knowledge - WARNING - File /app/data/kaviademo4200/6784/b8996uu/RDK/UsbAccess/UsbAccess.cpp not successfully processed
2025-10-21 14:37:51,513 - Knowledge - WARNING - File /app/data/kaviademo4200/6784/b8996uu/RDK/SharedStorage/SharedStorageJsonRpc.cpp not successfully processed
2025-10-21 14:37:51,725 - Knowledge - WARNING - File /app/data/kaviademo4200/6784/b8996uu/RDK/SharedStorage/SharedStorage.h not successfully processed
2025-10-21 14:37:51,899 - Knowledge - WARNING - File /app/data/kaviademo4200/6784/b8996uu/RDK/SharedStorage/SharedStorage.cpp not successfully processed
2025-10-21 14:37:52,159 - Knowledge - WARNING - File /app/data/kaviademo4200/6784/b8996uu/RDK/HelloWorld/HelloWorldImplementation.h not successfully processed
2025-10-21 14:37:52,387 - Knowledge - INFO - Processing batch of 67 files
2025-10-21 14:37:52,575 - Knowledge - INFO - process ingested knowledge for /app/data/kaviademo4200/6784/b8996uu/RDK/SystemAudioPlayer/Module.cpp
2025-10-21 14:37:52,762 - Knowledge - INFO - process ingested knowledge for /app/data/kaviademo4200/6784/b8996uu/RDK/SystemAudioPlayer/CHANGELOG.md
2025-10-21 14:37:52,996 - Knowledge - INFO - process ingested knowledge for /app/data/kaviademo4200/6784/b8996uu/RDK/ScreenCapture/Module.h
2025-10-21 14:37:53,224 - Knowledge - INFO - process ingested knowledge for /app/data/kaviademo4200/6784/b8996uu/RDK/ScreenCapture/ScreenCapture.json
2025-10-21 14:37:53,375 - Knowledge - INFO - process ingested knowledge for /app/data/kaviademo4200/6784/b8996uu/RDK/ScreenCapture/Implementation/Realtek/Realtek.h
2025-10-21 14:37:53,581 - Knowledge - INFO - process ingested knowledge for /app/data/kaviademo4200/6784/b8996uu/RDK/ScreenCapture/CMakeLists.txt
2025-10-21 14:37:53,768 - Knowledge - INFO - process ingested knowledge for /app/data/kaviademo4200/6784/b8996uu/RDK/ScreenCapture/README.md
2025-10-21 14:37:53,935 - Knowledge - INFO - process ingested knowledge for /app/data/kaviademo4200/6784/b8996uu/RDK/ScreenCapture/ScreenCapturePlugin.json
2025-10-21 14:37:54,131 - Knowledge - INFO - process ingested knowledge for /app/data/kaviademo4200/6784/b8996uu/RDK/ScreenCapture/Module.cpp
2025-10-21 14:37:54,313 - Knowledge - INFO - process ingested knowledge for /app/data/kaviademo4200/6784/b8996uu/RDK/ScreenCapture/CHANGELOG.md
2025-10-21 14:37:54,501 - Knowledge - INFO - process ingested knowledge for /app/data/kaviademo4200/6784/b8996uu/RDK/CloudStore/Module.h
2025-10-21 14:37:54,718 - Knowledge - INFO - process ingested knowledge for /app/data/kaviademo4200/6784/b8996uu/RDK/CloudStore/l0test/CMakeLists.txt
2025-10-21 14:37:54,903 - Knowledge - INFO - process ingested knowledge for /app/data/kaviademo4200/6784/b8996uu/RDK/CloudStore/grpc/l0test/WorkerPoolImplementation.h
2025-10-21 14:37:55,124 - Knowledge - INFO - process ingested knowledge for /app/data/kaviademo4200/6784/b8996uu/RDK/CloudStore/grpc/l0test/CMakeLists.txt
2025-10-21 14:37:55,337 - Knowledge - INFO - process ingested knowledge for /app/data/kaviademo4200/6784/b8996uu/RDK/CloudStore/grpc/l0test/SecureStorageServiceMock.h
2025-10-21 14:37:55,499 - Knowledge - INFO - process ingested knowledge for /app/data/kaviademo4200/6784/b8996uu/RDK/CloudStore/grpc/l0test/Server.h
2025-10-21 14:37:55,715 - Knowledge - INFO - process ingested knowledge for /app/data/kaviademo4200/6784/b8996uu/RDK/CloudStore/grpc/l2test/CMakeLists.txt
2025-10-21 14:37:55,894 - Knowledge - INFO - process ingested knowledge for /app/data/kaviademo4200/6784/b8996uu/RDK/CloudStore/CMakeLists.txt
2025-10-21 14:37:56,083 - Knowledge - INFO - process ingested knowledge for /app/data/kaviademo4200/6784/b8996uu/RDK/CloudStore/CloudStorePlugin.json
2025-10-21 14:37:56,295 - Knowledge - INFO - process ingested knowledge for /app/data/kaviademo4200/6784/b8996uu/RDK/CloudStore/CloudStoreImplementation.cpp
2025-10-21 14:37:56,469 - Knowledge - INFO - process ingested knowledge for /app/data/kaviademo4200/6784/b8996uu/RDK/CloudStore/Module.cpp
2025-10-21 14:37:56,688 - Knowledge - INFO - process ingested knowledge for /app/data/kaviademo4200/6784/b8996uu/RDK/CloudStore/CHANGELOG.md
2025-10-21 14:37:56,876 - Knowledge - INFO - process ingested knowledge for /app/data/kaviademo4200/6784/b8996uu/RDK/FireboltMediaPlayer/test/thunderJS.js
2025-10-21 14:37:57,112 - Knowledge - INFO - process ingested knowledge for /app/data/kaviademo4200/6784/b8996uu/RDK/FireboltMediaPlayer/test/fmp_test_ui.html
2025-10-21 14:37:57,307 - Knowledge - INFO - process ingested knowledge for /app/data/kaviademo4200/6784/b8996uu/RDK/FireboltMediaPlayer/test/startserver.sh
2025-10-21 14:37:57,458 - Knowledge - INFO - process ingested knowledge for /app/data/kaviademo4200/6784/b8996uu/RDK/FireboltMediaPlayer/test/settings/initConfig_03.json
2025-10-21 14:37:57,624 - Knowledge - INFO - process ingested knowledge for /app/data/kaviademo4200/6784/b8996uu/RDK/FireboltMediaPlayer/test/settings/initConfig_01.json
2025-10-21 14:37:57,853 - Knowledge - INFO - process ingested knowledge for /app/data/kaviademo4200/6784/b8996uu/RDK/FireboltMediaPlayer/test/settings/initConfig_05.json
2025-10-21 14:37:58,040 - Knowledge - INFO - process ingested knowledge for /app/data/kaviademo4200/6784/b8996uu/RDK/FireboltMediaPlayer/test/settings/initConfig_04.json
2025-10-21 14:37:58,224 - Knowledge - INFO - process ingested knowledge for /app/data/kaviademo4200/6784/b8996uu/RDK/FireboltMediaPlayer/test/settings/setDRMConfig_01.json
2025-10-21 14:37:58,377 - Knowledge - INFO - process ingested knowledge for /app/data/kaviademo4200/6784/b8996uu/RDK/FireboltMediaPlayer/test/settings/Testing.md
2025-10-21 14:37:58,567 - Knowledge - INFO - process ingested knowledge for /app/data/kaviademo4200/6784/b8996uu/RDK/FireboltMediaPlayer/test/settings/initConfig_02.json
2025-10-21 14:37:58,731 - Knowledge - INFO - process ingested knowledge for /app/data/kaviademo4200/6784/b8996uu/RDK/FireboltMediaPlayer/Module.h
2025-10-21 14:37:58,906 - Knowledge - INFO - process ingested knowledge for /app/data/kaviademo4200/6784/b8996uu/RDK/FireboltMediaPlayer/FireboltMediaPlayer.json
2025-10-21 14:37:59,071 - Knowledge - INFO - process ingested knowledge for /app/data/kaviademo4200/6784/b8996uu/RDK/FireboltMediaPlayer/impl/AampMediaPlayer/AampMediaPlayer.h
2025-10-21 14:37:59,257 - Knowledge - INFO - process ingested knowledge for /app/data/kaviademo4200/6784/b8996uu/RDK/FireboltMediaPlayer/impl/AampMediaPlayer/CMakeLists.txt
2025-10-21 14:37:59,451 - Knowledge - INFO - process ingested knowledge for /app/data/kaviademo4200/6784/b8996uu/RDK/FireboltMediaPlayer/impl/AampMediaPlayer/AampMediaPlayer.cpp
2025-10-21 14:37:59,623 - Knowledge - INFO - process ingested knowledge for /app/data/kaviademo4200/6784/b8996uu/RDK/FireboltMediaPlayer/impl/AampMediaPlayer/AampEventListener.h
2025-10-21 14:37:59,816 - Knowledge - INFO - process ingested knowledge for /app/data/kaviademo4200/6784/b8996uu/RDK/FireboltMediaPlayer/CMakeLists.txt
2025-10-21 14:37:59,990 - Knowledge - INFO - process ingested knowledge for /app/data/kaviademo4200/6784/b8996uu/RDK/FireboltMediaPlayer/FireboltMediaPlayerPlugin.json
2025-10-21 14:38:00,155 - Knowledge - INFO - process ingested knowledge for /app/data/kaviademo4200/6784/b8996uu/RDK/FireboltMediaPlayer/Module.cpp
2025-10-21 14:38:00,343 - Knowledge - INFO - process ingested knowledge for /app/data/kaviademo4200/6784/b8996uu/RDK/FireboltMediaPlayer/CHANGELOG.md
2025-10-21 14:38:00,535 - Knowledge - INFO - process ingested knowledge for /app/data/kaviademo4200/6784/b8996uu/RDK/DeviceInfo/DeviceInfo.json
2025-10-21 14:38:00,716 - Knowledge - INFO - process ingested knowledge for /app/data/kaviademo4200/6784/b8996uu/RDK/DeviceInfo/Module.h
2025-10-21 14:38:00,955 - Knowledge - INFO - process ingested knowledge for /app/data/kaviademo4200/6784/b8996uu/RDK/DeviceInfo/Implementation/FirmwareVersion.cpp
2025-10-21 14:38:01,160 - Knowledge - INFO - process ingested knowledge for /app/data/kaviademo4200/6784/b8996uu/RDK/DeviceInfo/Implementation/DeviceInfo.h
2025-10-21 14:38:01,354 - Knowledge - INFO - process ingested knowledge for /app/data/kaviademo4200/6784/b8996uu/RDK/DeviceInfo/Implementation/DeviceAudioCapabilities.h
2025-10-21 14:38:01,584 - Knowledge - INFO - process ingested knowledge for /app/data/kaviademo4200/6784/b8996uu/RDK/DeviceInfo/Implementation/FirmwareVersion.h
2025-10-21 14:38:01,801 - Knowledge - INFO - process ingested knowledge for /app/data/kaviademo4200/6784/b8996uu/RDK/DeviceInfo/Implementation/DeviceVideoCapabilities.h
2025-10-21 14:38:01,967 - Knowledge - INFO - process ingested knowledge for /app/data/kaviademo4200/6784/b8996uu/RDK/DeviceInfo/CMakeLists.txt
2025-10-21 14:38:02,201 - Knowledge - INFO - process ingested knowledge for /app/data/kaviademo4200/6784/b8996uu/RDK/DeviceInfo/DeviceInfoPlugin.json
2025-10-21 14:38:02,362 - Knowledge - INFO - process ingested knowledge for /app/data/kaviademo4200/6784/b8996uu/RDK/DeviceInfo/Module.cpp
2025-10-21 14:38:02,547 - Knowledge - INFO - process ingested knowledge for /app/data/kaviademo4200/6784/b8996uu/RDK/DeviceInfo/CHANGELOG.md
2025-10-21 14:38:02,710 - Knowledge - INFO - process ingested knowledge for /app/data/kaviademo4200/6784/b8996uu/RDK/UsbAccess/UsbAccess.json
2025-10-21 14:38:02,913 - Knowledge - INFO - process ingested knowledge for /app/data/kaviademo4200/6784/b8996uu/RDK/UsbAccess/Module.h
2025-10-21 14:38:03,103 - Knowledge - INFO - process ingested knowledge for /app/data/kaviademo4200/6784/b8996uu/RDK/UsbAccess/CMakeLists.txt
2025-10-21 14:38:03,276 - Knowledge - INFO - process ingested knowledge for /app/data/kaviademo4200/6784/b8996uu/RDK/UsbAccess/README.md
2025-10-21 14:38:03,452 - Knowledge - INFO - process ingested knowledge for /app/data/kaviademo4200/6784/b8996uu/RDK/UsbAccess/UsbAccessPlugin.json
2025-10-21 14:38:03,599 - Knowledge - ERROR - Timeout processing /app/data/kaviademo4200/6784/b8996uu/RDK/DeviceIdentification/Implementation/Linux/Linux.cpp after 90s
2025-10-21 14:38:03,665 - Knowledge - INFO - process ingested knowledge for /app/data/kaviademo4200/6784/b8996uu/RDK/UsbAccess/Module.cpp
2025-10-21 14:38:03,762 - Knowledge - ERROR - Timeout processing /app/data/kaviademo4200/6784/b8996uu/RDK/DeviceIdentification/Implementation/Realtek/Realtek.cpp after 90s
2025-10-21 14:38:03,914 - Knowledge - INFO - process ingested knowledge for /app/data/kaviademo4200/6784/b8996uu/RDK/UsbAccess/CHANGELOG.md
2025-10-21 14:38:03,983 - Knowledge - ERROR - Timeout processing /app/data/kaviademo4200/6784/b8996uu/RDK/DeviceIdentification/Implementation/Amlogic/Amlogic.cpp after 90s
2025-10-21 14:38:04,092 - Knowledge - INFO - process ingested knowledge for /app/data/kaviademo4200/6784/b8996uu/RDK/SharedStorage/SharedStorage.json
2025-10-21 14:38:04,218 - Knowledge - ERROR - Timeout processing /app/data/kaviademo4200/6784/b8996uu/RDK/DeviceIdentification/Implementation/MFR/MFR.cpp after 90s
2025-10-21 14:38:04,329 - Knowledge - INFO - process ingested knowledge for /app/data/kaviademo4200/6784/b8996uu/RDK/SharedStorage/Module.h
2025-10-21 14:38:04,411 - Knowledge - ERROR - Timeout processing /app/data/kaviademo4200/6784/b8996uu/RDK/DeviceIdentification/Implementation/RPI/RPI.cpp after 90s
2025-10-21 14:38:04,535 - Knowledge - INFO - process ingested knowledge for /app/data/kaviademo4200/6784/b8996uu/RDK/SharedStorage/CMakeLists.txt
2025-10-21 14:38:04,613 - Knowledge - ERROR - Timeout processing /app/data/kaviademo4200/6784/b8996uu/RDK/DeviceIdentification/Implementation/Broadcom/Broadcom.cpp after 90s
2025-10-21 14:38:04,693 - Knowledge - INFO - process ingested knowledge for /app/data/kaviademo4200/6784/b8996uu/RDK/SharedStorage/SharedStoragePlugin.json
2025-10-21 14:38:04,779 - Knowledge - ERROR - Timeout processing /app/data/kaviademo4200/6784/b8996uu/RDK/DeviceIdentification/cmake/FindMFRFWLibs.cmake after 90s
2025-10-21 14:38:04,899 - Knowledge - INFO - process ingested knowledge for /app/data/kaviademo4200/6784/b8996uu/RDK/SharedStorage/Module.cpp
2025-10-21 14:38:04,997 - Knowledge - ERROR - Timeout processing /app/data/kaviademo4200/6784/b8996uu/RDK/DeviceIdentification/DeviceIdentification.cpp after 90s
2025-10-21 14:38:05,147 - Knowledge - INFO - process ingested knowledge for /app/data/kaviademo4200/6784/b8996uu/RDK/SharedStorage/CHANGELOG.md
2025-10-21 14:38:05,214 - Knowledge - ERROR - Timeout processing /app/data/kaviademo4200/6784/b8996uu/RDK/WebKitBrowser/WebKitBrowser.h after 90s
2025-10-21 14:38:05,313 - Knowledge - INFO - process ingested knowledge for /app/data/kaviademo4200/6784/b8996uu/RDK/HelloWorld/Module.h
2025-10-21 14:38:05,467 - Knowledge - ERROR - Timeout processing /app/data/kaviademo4200/6784/b8996uu/RDK/WebKitBrowser/InjectedBundle/ClassDefinition.cpp after 90s
2025-10-21 14:38:05,658 - Knowledge - ERROR - Timeout processing /app/data/kaviademo4200/6784/b8996uu/RDK/WebKitBrowser/InjectedBundle/SecurityAgent.cpp after 90s
2025-10-21 14:38:05,821 - Knowledge - ERROR - Timeout processing /app/data/kaviademo4200/6784/b8996uu/RDK/WebKitBrowser/InjectedBundle/NotifyWPEFramework.cpp after 90s
2025-10-21 14:38:05,992 - Knowledge - ERROR - Timeout processing /app/data/kaviademo4200/6784/b8996uu/RDK/WebKitBrowser/InjectedBundle/Utils.cpp after 90s
2025-10-21 14:38:06,234 - Knowledge - ERROR - Timeout processing /app/data/kaviademo4200/6784/b8996uu/RDK/WebKitBrowser/InjectedBundle/WhiteListedOriginDomainsList.cpp after 90s
2025-10-21 14:38:06,425 - Knowledge - ERROR - Timeout processing /app/data/kaviademo4200/6784/b8996uu/RDK/WebKitBrowser/InjectedBundle/RequestHeaders.cpp after 90s
2025-10-21 14:38:06,596 - Knowledge - ERROR - Timeout processing /app/data/kaviademo4200/6784/b8996uu/RDK/WebKitBrowser/InjectedBundle/main.cpp after 90s
2025-10-21 14:38:06,765 - Knowledge - ERROR - Timeout processing /app/data/kaviademo4200/6784/b8996uu/RDK/HelloWorld/HelloWorld.h after 90s
2025-10-21 14:38:06,770 - Knowledge - ERROR - Timeout processing /app/data/kaviademo4200/6784/b8996uu/RDK/WebKitBrowser/InjectedBundle/JavaScriptFunction.cpp after 90s
2025-10-21 14:38:06,930 - Knowledge - ERROR - Timeout processing /app/data/kaviademo4200/6784/b8996uu/RDK/HelloWorld/HelloWorld.cpp after 90s
2025-10-21 14:38:07,064 - Knowledge - ERROR - Timeout processing /app/data/kaviademo4200/6784/b8996uu/RDK/WebKitBrowser/InjectedBundle/Milestone.cpp after 90s
2025-10-21 14:38:07,157 - Knowledge - ERROR - Timeout processing /app/data/kaviademo4200/6784/b8996uu/RDK/HelloWorld/HelloWorldImplementation.cpp after 90s
2025-10-21 14:38:07,263 - Knowledge - ERROR - Timeout processing /app/data/kaviademo4200/6784/b8996uu/RDK/WebKitBrowser/InjectedBundle/HawaiiMessage.cpp after 90s
2025-10-21 14:38:07,392 - Knowledge - ERROR - Timeout processing /app/data/kaviademo4200/6784/b8996uu/RDK/raspberrypi.cmake after 90s
2025-10-21 14:38:07,465 - Knowledge - ERROR - Timeout processing /app/data/kaviademo4200/6784/b8996uu/RDK/WebKitBrowser/InjectedBundle/ClassDefinition.h after 90s
2025-10-21 14:38:07,572 - Knowledge - ERROR - Timeout processing /app/data/kaviademo4200/6784/b8996uu/RDK/ControlService/ControlService.h after 90s
2025-10-21 14:38:07,697 - Knowledge - ERROR - Timeout processing /app/data/kaviademo4200/6784/b8996uu/RDK/WebKitBrowser/InjectedBundle/JavaScriptFunctionType.h after 90s
2025-10-21 14:38:07,825 - Knowledge - ERROR - Timeout processing /app/data/kaviademo4200/6784/b8996uu/RDK/ContentProtection/ContentProtection.h after 90s
2025-10-21 14:38:07,897 - Knowledge - ERROR - Timeout processing /app/data/kaviademo4200/6784/b8996uu/RDK/WebKitBrowser/InjectedBundle/BridgeObject.cpp after 90s
2025-10-21 14:38:08,033 - Knowledge - ERROR - Timeout processing /app/data/kaviademo4200/6784/b8996uu/RDK/ContentProtection/ContentProtection.cpp after 90s
2025-10-21 14:38:08,137 - Knowledge - ERROR - Timeout processing /app/data/kaviademo4200/6784/b8996uu/RDK/WebKitBrowser/InjectedBundle/AAMPJSBindings.cpp after 90s
2025-10-21 14:38:08,233 - Knowledge - ERROR - Timeout processing /app/data/kaviademo4200/6784/b8996uu/RDK/DisplayInfo/DisplayInfoTracing.h after 90s
2025-10-21 14:38:08,355 - Knowledge - ERROR - Timeout processing /app/data/kaviademo4200/6784/b8996uu/RDK/WebKitBrowser/CookieJar.cpp after 90s
2025-10-21 14:38:08,452 - Knowledge - ERROR - Timeout processing /app/data/kaviademo4200/6784/b8996uu/RDK/DisplayInfo/Linux/DRMConnector.h after 90s
2025-10-21 14:38:08,524 - Knowledge - ERROR - Timeout processing /app/data/kaviademo4200/6784/b8996uu/RDK/WebKitBrowser/CookieJarCrypto/CookieJarCryptoExample.h after 90s
2025-10-21 14:38:08,635 - Knowledge - ERROR - Timeout processing /app/data/kaviademo4200/6784/b8996uu/RDK/DisplayInfo/Linux/PlatformImplementation.cpp after 90s
2025-10-21 14:38:08,728 - Knowledge - ERROR - Timeout processing /app/data/kaviademo4200/6784/b8996uu/RDK/WebKitBrowser/WebKitBrowserJsonRpc.cpp after 90s
2025-10-21 14:38:08,818 - Knowledge - ERROR - Timeout processing /app/data/kaviademo4200/6784/b8996uu/RDK/DisplayInfo/DisplayInfo.h after 90s
2025-10-21 14:38:08,931 - Knowledge - ERROR - Timeout processing /app/data/kaviademo4200/6784/b8996uu/RDK/WebKitBrowser/Testing/westerosfocusmanager.cpp after 90s
2025-10-21 14:38:09,016 - Knowledge - ERROR - Timeout processing /app/data/kaviademo4200/6784/b8996uu/RDK/DisplayInfo/cmake/FindLibDRM.cmake after 90s
2025-10-21 14:38:09,135 - Knowledge - ERROR - Timeout processing /app/data/kaviademo4200/6784/b8996uu/RDK/WebKitBrowser/Testing/Extension/testrunnerextension.cpp after 90s
2025-10-21 14:38:09,218 - Knowledge - ERROR - Timeout processing /app/data/kaviademo4200/6784/b8996uu/RDK/DisplayInfo/cmake/FindGStreamer.cmake after 90s
2025-10-21 14:38:09,368 - Knowledge - ERROR - Timeout processing /app/data/kaviademo4200/6784/b8996uu/RDK/WebKitBrowser/Testing/testrunner.cpp after 90s
2025-10-21 14:38:09,468 - Knowledge - ERROR - Timeout processing /app/data/kaviademo4200/6784/b8996uu/RDK/DisplayInfo/cmake/FindNXCLIENT.cmake after 90s
2025-10-21 14:38:09,573 - Knowledge - ERROR - Timeout processing /app/data/kaviademo4200/6784/b8996uu/RDK/WebKitBrowser/cmake/FindWPEBackend.cmake after 90s
2025-10-21 14:38:09,687 - Knowledge - ERROR - Timeout processing /app/data/kaviademo4200/6784/b8996uu/RDK/DisplayInfo/cmake/FindNEXUS.cmake after 90s
2025-10-21 14:38:09,796 - Knowledge - ERROR - Timeout processing /app/data/kaviademo4200/6784/b8996uu/RDK/WebKitBrowser/cmake/FindWPEWebKit.cmake after 90s
2025-10-21 14:38:09,876 - Knowledge - ERROR - Timeout processing /app/data/kaviademo4200/6784/b8996uu/RDK/DisplayInfo/cmake/FindBCM_HOST.cmake after 90s
2025-10-21 14:38:09,954 - Knowledge - ERROR - Timeout processing /app/data/kaviademo4200/6784/b8996uu/RDK/WebKitBrowser/LoggingUtils.cpp after 90s
2025-10-21 14:38:10,074 - Knowledge - ERROR - Timeout processing /app/data/kaviademo4200/6784/b8996uu/RDK/DisplayInfo/DeviceSettings/Realtek/kms.c after 90s
2025-10-21 14:38:10,174 - Knowledge - ERROR - Timeout processing /app/data/kaviademo4200/6784/b8996uu/RDK/WebKitBrowser/Extension/SecurityAgent.cpp after 90s
2025-10-21 14:38:10,293 - Knowledge - ERROR - Timeout processing /app/data/kaviademo4200/6784/b8996uu/RDK/DisplayInfo/DeviceSettings/Realtek/kms.h after 90s
2025-10-21 14:38:10,391 - Knowledge - ERROR - Timeout processing /app/data/kaviademo4200/6784/b8996uu/RDK/WebKitBrowser/Extension/WhiteListedOriginDomainsList.cpp after 90s
2025-10-21 14:38:10,541 - Knowledge - ERROR - Timeout processing /app/data/kaviademo4200/6784/b8996uu/RDK/DisplayInfo/DeviceSettings/Realtek/SoC_abstraction.cpp after 90s
2025-10-21 14:38:10,622 - Knowledge - ERROR - Timeout processing /app/data/kaviademo4200/6784/b8996uu/RDK/WebKitBrowser/Extension/RequestHeaders.cpp after 90s
2025-10-21 14:38:10,722 - Knowledge - ERROR - Timeout processing /app/data/kaviademo4200/6784/b8996uu/RDK/DisplayInfo/DeviceSettings/PlatformImplementation.cpp after 90s
2025-10-21 14:38:10,799 - Knowledge - ERROR - Timeout processing /app/data/kaviademo4200/6784/b8996uu/RDK/WebKitBrowser/Extension/main.cpp after 90s
2025-10-21 14:38:10,906 - Knowledge - ERROR - Timeout processing /app/data/kaviademo4200/6784/b8996uu/RDK/DisplayInfo/DeviceSettings/Amlogic/kms.c after 90s
2025-10-21 14:38:11,012 - Knowledge - ERROR - Timeout processing /app/data/kaviademo4200/6784/b8996uu/RDK/WebKitBrowser/Extension/BridgeObject.cpp after 90s
2025-10-21 14:38:11,088 - Knowledge - ERROR - Timeout processing /app/data/kaviademo4200/6784/b8996uu/RDK/DisplayInfo/DeviceSettings/Amlogic/kms.h after 90s
2025-10-21 14:38:11,179 - Knowledge - ERROR - Timeout processing /app/data/kaviademo4200/6784/b8996uu/RDK/WebKitBrowser/Extension/AAMPJSBindings.cpp after 90s
2025-10-21 14:38:11,269 - Knowledge - ERROR - Timeout processing /app/data/kaviademo4200/6784/b8996uu/RDK/DisplayInfo/DeviceSettings/Amlogic/SoC_abstraction.cpp after 90s
2025-10-21 14:38:11,373 - Knowledge - ERROR - Timeout processing /app/data/kaviademo4200/6784/b8996uu/RDK/WebKitBrowser/WebKitBrowser.cpp after 90s
2025-10-21 14:38:11,536 - Knowledge - ERROR - Timeout processing /app/data/kaviademo4200/6784/b8996uu/RDK/DisplayInfo/DeviceSettings/RPI/kms.c after 90s
2025-10-21 14:38:11,613 - Knowledge - ERROR - Timeout processing /app/data/kaviademo4200/6784/b8996uu/RDK/WebKitBrowser/TimeZone/TimeZoneSupport.cpp after 90s
2025-10-21 14:38:11,730 - Knowledge - ERROR - Timeout processing /app/data/kaviademo4200/6784/b8996uu/RDK/DisplayInfo/DeviceSettings/RPI/kms.h after 90s
2025-10-21 14:38:11,885 - Knowledge - ERROR - Timeout processing /app/data/kaviademo4200/6784/b8996uu/RDK/WebKitBrowser/BrowserConsoleLog.h after 90s
2025-10-21 14:38:11,978 - Knowledge - ERROR - Timeout processing /app/data/kaviademo4200/6784/b8996uu/RDK/DisplayInfo/DeviceSettings/RPI/SoC_abstraction.cpp after 90s
2025-10-21 14:38:12,075 - Knowledge - ERROR - Timeout processing /app/data/kaviademo4200/6784/b8996uu/RDK/SystemMode/SystemMode.h after 90s
2025-10-21 14:38:12,189 - Knowledge - ERROR - Timeout processing /app/data/kaviademo4200/6784/b8996uu/RDK/DisplayInfo/DeviceSettings/Broadcom/SoC_abstraction.cpp after 90s
2025-10-21 14:38:12,271 - Knowledge - ERROR - Timeout processing /app/data/kaviademo4200/6784/b8996uu/RDK/SystemMode/SystemModeImplementation.h after 90s
2025-10-21 14:38:12,422 - Knowledge - ERROR - Timeout processing /app/data/kaviademo4200/6784/b8996uu/RDK/DisplayInfo/DisplayInfo.cpp after 90s
2025-10-21 14:38:12,505 - Knowledge - WARNING - File /app/data/kaviademo4200/6784/b8996uu/RDK/DeviceIdentification/Implementation/Linux/Linux.cpp not successfully processed
2025-10-21 14:38:12,633 - Knowledge - ERROR - Timeout processing /app/data/kaviademo4200/6784/b8996uu/RDK/DisplayInfo/RPI/PlatformImplementation.cpp after 90s
2025-10-21 14:38:12,737 - Knowledge - WARNING - File /app/data/kaviademo4200/6784/b8996uu/RDK/DeviceIdentification/Implementation/Realtek/Realtek.cpp not successfully processed
2025-10-21 14:38:12,834 - Knowledge - ERROR - Timeout processing /app/data/kaviademo4200/6784/b8996uu/RDK/HdmiCecSink/HdmiCecSink.h after 90s
2025-10-21 14:38:12,961 - Knowledge - WARNING - File /app/data/kaviademo4200/6784/b8996uu/RDK/DeviceIdentification/Implementation/Amlogic/Amlogic.cpp not successfully processed
2025-10-21 14:38:13,052 - Knowledge - ERROR - Timeout processing /app/data/kaviademo4200/6784/b8996uu/RDK/HdmiInput/HdmiInput.h after 90s
2025-10-21 14:38:13,154 - Knowledge - WARNING - File /app/data/kaviademo4200/6784/b8996uu/RDK/DeviceIdentification/Implementation/MFR/MFR.cpp not successfully processed
2025-10-21 14:38:13,256 - Knowledge - ERROR - Timeout processing /app/data/kaviademo4200/6784/b8996uu/RDK/HdmiInput/cmake/FindDS.cmake after 90s
2025-10-21 14:38:13,332 - Knowledge - WARNING - File /app/data/kaviademo4200/6784/b8996uu/RDK/DeviceIdentification/Implementation/RPI/RPI.cpp not successfully processed
2025-10-21 14:38:13,441 - Knowledge - ERROR - Timeout processing /app/data/kaviademo4200/6784/b8996uu/RDK/HdmiInput/HdmiInput.cpp after 90s
2025-10-21 14:38:13,544 - Knowledge - WARNING - File /app/data/kaviademo4200/6784/b8996uu/RDK/DeviceIdentification/Implementation/Broadcom/Broadcom.cpp not successfully processed
2025-10-21 14:38:13,652 - Knowledge - ERROR - Timeout processing /app/data/kaviademo4200/6784/b8996uu/RDK/Network/Network.h after 90s
2025-10-21 14:38:13,783 - Knowledge - WARNING - File /app/data/kaviademo4200/6784/b8996uu/RDK/DeviceIdentification/cmake/FindMFRFWLibs.cmake not successfully processed
2025-10-21 14:38:13,901 - Knowledge - ERROR - Timeout processing /app/data/kaviademo4200/6784/b8996uu/RDK/Network/NetworkConnectivity.cpp after 90s
2025-10-21 14:38:14,009 - Knowledge - WARNING - File /app/data/kaviademo4200/6784/b8996uu/RDK/DeviceIdentification/DeviceIdentification.cpp not successfully processed
2025-10-21 14:38:14,151 - Knowledge - ERROR - Timeout processing /app/data/kaviademo4200/6784/b8996uu/RDK/Network/NetUtils.h after 90s
2025-10-21 14:38:14,275 - Knowledge - WARNING - File /app/data/kaviademo4200/6784/b8996uu/RDK/WebKitBrowser/WebKitBrowser.h not successfully processed
2025-10-21 14:38:14,345 - Knowledge - ERROR - Timeout processing /app/data/kaviademo4200/6784/b8996uu/RDK/Network/NetUtilsNetlink.cpp after 90s
2025-10-21 14:38:14,511 - Knowledge - WARNING - File /app/data/kaviademo4200/6784/b8996uu/RDK/WebKitBrowser/InjectedBundle/ClassDefinition.cpp not successfully processed
2025-10-21 14:38:14,585 - Knowledge - ERROR - Timeout processing /app/data/kaviademo4200/6784/b8996uu/RDK/Network/NetUtils.cpp after 90s
2025-10-21 14:38:14,672 - Knowledge - WARNING - File /app/data/kaviademo4200/6784/b8996uu/RDK/WebKitBrowser/InjectedBundle/SecurityAgent.cpp not successfully processed
2025-10-21 14:38:14,767 - Knowledge - ERROR - Timeout processing /app/data/kaviademo4200/6784/b8996uu/RDK/Network/NetworkTraceroute.cpp after 90s
2025-10-21 14:38:14,853 - Knowledge - WARNING - File /app/data/kaviademo4200/6784/b8996uu/RDK/WebKitBrowser/InjectedBundle/NotifyWPEFramework.cpp not successfully processed
2025-10-21 14:38:14,957 - Knowledge - ERROR - Timeout processing /app/data/kaviademo4200/6784/b8996uu/RDK/Network/NetUtilsNetlink.h after 90s
2025-10-21 14:38:15,150 - Knowledge - WARNING - File /app/data/kaviademo4200/6784/b8996uu/RDK/WebKitBrowser/InjectedBundle/Utils.cpp not successfully processed
2025-10-21 14:38:15,200 - Knowledge - ERROR - Timeout processing /app/data/kaviademo4200/6784/b8996uu/RDK/Network/Network.cpp after 90s
2025-10-21 14:38:15,353 - Knowledge - WARNING - File /app/data/kaviademo4200/6784/b8996uu/RDK/WebKitBrowser/InjectedBundle/WhiteListedOriginDomainsList.cpp not successfully processed
2025-10-21 14:38:15,420 - Knowledge - ERROR - Timeout processing /app/data/kaviademo4200/6784/b8996uu/RDK/Network/PingNotifier.cpp after 90s
2025-10-21 14:38:15,563 - Knowledge - WARNING - File /app/data/kaviademo4200/6784/b8996uu/RDK/WebKitBrowser/InjectedBundle/RequestHeaders.cpp not successfully processed
2025-10-21 14:38:15,643 - Knowledge - ERROR - Timeout processing /app/data/kaviademo4200/6784/b8996uu/RDK/Network/NetworkConnectivity.h after 90s
2025-10-21 14:38:15,764 - Knowledge - WARNING - File /app/data/kaviademo4200/6784/b8996uu/RDK/WebKitBrowser/InjectedBundle/main.cpp not successfully processed
2025-10-21 14:38:15,882 - Knowledge - ERROR - Timeout processing /app/data/kaviademo4200/6784/b8996uu/RDK/DeviceIdentification/DeviceIdentification.h after 90s
2025-10-21 14:38:15,957 - Knowledge - WARNING - File /app/data/kaviademo4200/6784/b8996uu/RDK/WebKitBrowser/InjectedBundle/JavaScriptFunction.cpp not successfully processed
2025-10-21 14:38:16,072 - Knowledge - WARNING - File /app/data/kaviademo4200/6784/b8996uu/RDK/HelloWorld/HelloWorld.h not successfully processed
2025-10-21 14:38:16,147 - Knowledge - WARNING - File /app/data/kaviademo4200/6784/b8996uu/RDK/WebKitBrowser/InjectedBundle/Milestone.cpp not successfully processed
2025-10-21 14:38:16,226 - Knowledge - WARNING - File /app/data/kaviademo4200/6784/b8996uu/RDK/HelloWorld/HelloWorld.cpp not successfully processed
2025-10-21 14:38:16,373 - Knowledge - WARNING - File /app/data/kaviademo4200/6784/b8996uu/RDK/WebKitBrowser/InjectedBundle/HawaiiMessage.cpp not successfully processed
2025-10-21 14:38:16,442 - Knowledge - WARNING - File /app/data/kaviademo4200/6784/b8996uu/RDK/HelloWorld/HelloWorldImplementation.cpp not successfully processed
2025-10-21 14:38:16,589 - Knowledge - WARNING - File /app/data/kaviademo4200/6784/b8996uu/RDK/WebKitBrowser/InjectedBundle/ClassDefinition.h not successfully processed
2025-10-21 14:38:16,736 - Knowledge - WARNING - File /app/data/kaviademo4200/6784/b8996uu/RDK/raspberrypi.cmake not successfully processed
2025-10-21 14:38:16,798 - Knowledge - WARNING - File /app/data/kaviademo4200/6784/b8996uu/RDK/WebKitBrowser/InjectedBundle/JavaScriptFunctionType.h not successfully processed
2025-10-21 14:38:16,940 - Knowledge - WARNING - File /app/data/kaviademo4200/6784/b8996uu/RDK/ControlService/ControlService.h not successfully processed
2025-10-21 14:38:16,990 - Knowledge - WARNING - File /app/data/kaviademo4200/6784/b8996uu/RDK/WebKitBrowser/InjectedBundle/BridgeObject.cpp not successfully processed
2025-10-21 14:38:17,187 - Knowledge - WARNING - File /app/data/kaviademo4200/6784/b8996uu/RDK/ContentProtection/ContentProtection.h not successfully processed
2025-10-21 14:38:17,313 - Knowledge - WARNING - File /app/data/kaviademo4200/6784/b8996uu/RDK/WebKitBrowser/InjectedBundle/AAMPJSBindings.cpp not successfully processed
2025-10-21 14:38:17,373 - Knowledge - WARNING - File /app/data/kaviademo4200/6784/b8996uu/RDK/ContentProtection/ContentProtection.cpp not successfully processed
2025-10-21 14:38:17,535 - Knowledge - WARNING - File /app/data/kaviademo4200/6784/b8996uu/RDK/WebKitBrowser/CookieJar.cpp not successfully processed
2025-10-21 14:38:17,586 - Knowledge - WARNING - File /app/data/kaviademo4200/6784/b8996uu/RDK/DisplayInfo/DisplayInfoTracing.h not successfully processed
2025-10-21 14:38:17,730 - Knowledge - WARNING - File /app/data/kaviademo4200/6784/b8996uu/RDK/WebKitBrowser/CookieJarCrypto/CookieJarCryptoExample.h not successfully processed
2025-10-21 14:38:17,837 - Knowledge - WARNING - File /app/data/kaviademo4200/6784/b8996uu/RDK/DisplayInfo/Linux/DRMConnector.h not successfully processed
2025-10-21 14:38:17,978 - Knowledge - WARNING - File /app/data/kaviademo4200/6784/b8996uu/RDK/WebKitBrowser/WebKitBrowserJsonRpc.cpp not successfully processed
2025-10-21 14:38:18,022 - Knowledge - WARNING - File /app/data/kaviademo4200/6784/b8996uu/RDK/DisplayInfo/Linux/PlatformImplementation.cpp not successfully processed
2025-10-21 14:38:18,191 - Knowledge - WARNING - File /app/data/kaviademo4200/6784/b8996uu/RDK/WebKitBrowser/Testing/westerosfocusmanager.cpp not successfully processed
2025-10-21 14:38:18,285 - Knowledge - WARNING - File /app/data/kaviademo4200/6784/b8996uu/RDK/DisplayInfo/DisplayInfo.h not successfully processed
2025-10-21 14:38:18,415 - Knowledge - WARNING - File /app/data/kaviademo4200/6784/b8996uu/RDK/WebKitBrowser/Testing/Extension/testrunnerextension.cpp not successfully processed
2025-10-21 14:38:18,475 - Knowledge - WARNING - File /app/data/kaviademo4200/6784/b8996uu/RDK/DisplayInfo/cmake/FindLibDRM.cmake not successfully processed
2025-10-21 14:38:18,617 - Knowledge - WARNING - File /app/data/kaviademo4200/6784/b8996uu/RDK/WebKitBrowser/Testing/testrunner.cpp not successfully processed
2025-10-21 14:38:18,738 - Knowledge - WARNING - File /app/data/kaviademo4200/6784/b8996uu/RDK/DisplayInfo/cmake/FindGStreamer.cmake not successfully processed
2025-10-21 14:38:18,844 - Knowledge - WARNING - File /app/data/kaviademo4200/6784/b8996uu/RDK/WebKitBrowser/cmake/FindWPEBackend.cmake not successfully processed
2025-10-21 14:38:18,941 - Knowledge - WARNING - File /app/data/kaviademo4200/6784/b8996uu/RDK/DisplayInfo/cmake/FindNXCLIENT.cmake not successfully processed
2025-10-21 14:38:19,032 - Knowledge - WARNING - File /app/data/kaviademo4200/6784/b8996uu/RDK/WebKitBrowser/cmake/FindWPEWebKit.cmake not successfully processed
2025-10-21 14:38:19,132 - Knowledge - WARNING - File /app/data/kaviademo4200/6784/b8996uu/RDK/DisplayInfo/cmake/FindNEXUS.cmake not successfully processed
2025-10-21 14:38:19,272 - Knowledge - WARNING - File /app/data/kaviademo4200/6784/b8996uu/RDK/WebKitBrowser/LoggingUtils.cpp not successfully processed
2025-10-21 14:38:19,355 - Knowledge - WARNING - File /app/data/kaviademo4200/6784/b8996uu/RDK/DisplayInfo/cmake/FindBCM_HOST.cmake not successfully processed
2025-10-21 14:38:19,499 - Knowledge - WARNING - File /app/data/kaviademo4200/6784/b8996uu/RDK/WebKitBrowser/Extension/SecurityAgent.cpp not successfully processed
2025-10-21 14:38:19,548 - Knowledge - WARNING - File /app/data/kaviademo4200/6784/b8996uu/RDK/DisplayInfo/DeviceSettings/Realtek/kms.c not successfully processed
2025-10-21 14:38:19,717 - Knowledge - WARNING - File /app/data/kaviademo4200/6784/b8996uu/RDK/WebKitBrowser/Extension/WhiteListedOriginDomainsList.cpp not successfully processed
2025-10-21 14:38:19,765 - Knowledge - WARNING - File /app/data/kaviademo4200/6784/b8996uu/RDK/DisplayInfo/DeviceSettings/Realtek/kms.h not successfully processed
2025-10-21 14:38:19,951 - Knowledge - WARNING - File /app/data/kaviademo4200/6784/b8996uu/RDK/WebKitBrowser/Extension/RequestHeaders.cpp not successfully processed
2025-10-21 14:38:20,014 - Knowledge - WARNING - File /app/data/kaviademo4200/6784/b8996uu/RDK/DisplayInfo/DeviceSettings/Realtek/SoC_abstraction.cpp not successfully processed
2025-10-21 14:38:20,149 - Knowledge - WARNING - File /app/data/kaviademo4200/6784/b8996uu/RDK/WebKitBrowser/Extension/main.cpp not successfully processed
2025-10-21 14:38:20,259 - Knowledge - WARNING - File /app/data/kaviademo4200/6784/b8996uu/RDK/DisplayInfo/DeviceSettings/PlatformImplementation.cpp not successfully processed
2025-10-21 14:38:20,340 - Knowledge - WARNING - File /app/data/kaviademo4200/6784/b8996uu/RDK/WebKitBrowser/Extension/BridgeObject.cpp not successfully processed
2025-10-21 14:38:20,428 - Knowledge - WARNING - File /app/data/kaviademo4200/6784/b8996uu/RDK/DisplayInfo/DeviceSettings/Amlogic/kms.c not successfully processed
2025-10-21 14:38:20,571 - Knowledge - WARNING - File /app/data/kaviademo4200/6784/b8996uu/RDK/WebKitBrowser/Extension/AAMPJSBindings.cpp not successfully processed
2025-10-21 14:38:20,629 - Knowledge - WARNING - File /app/data/kaviademo4200/6784/b8996uu/RDK/DisplayInfo/DeviceSettings/Amlogic/kms.h not successfully processed
2025-10-21 14:38:20,787 - Knowledge - WARNING - File /app/data/kaviademo4200/6784/b8996uu/RDK/WebKitBrowser/WebKitBrowser.cpp not successfully processed
2025-10-21 14:38:20,868 - Knowledge - WARNING - File /app/data/kaviademo4200/6784/b8996uu/RDK/DisplayInfo/DeviceSettings/Amlogic/SoC_abstraction.cpp not successfully processed
2025-10-21 14:38:20,985 - Knowledge - WARNING - File /app/data/kaviademo4200/6784/b8996uu/RDK/WebKitBrowser/TimeZone/TimeZoneSupport.cpp not successfully processed
2025-10-21 14:38:21,037 - Knowledge - WARNING - File /app/data/kaviademo4200/6784/b8996uu/RDK/DisplayInfo/DeviceSettings/RPI/kms.c not successfully processed
2025-10-21 14:38:21,208 - Knowledge - WARNING - File /app/data/kaviademo4200/6784/b8996uu/RDK/WebKitBrowser/BrowserConsoleLog.h not successfully processed
2025-10-21 14:38:21,271 - Knowledge - WARNING - File /app/data/kaviademo4200/6784/b8996uu/RDK/DisplayInfo/DeviceSettings/RPI/kms.h not successfully processed
2025-10-21 14:38:21,360 - Knowledge - WARNING - File /app/data/kaviademo4200/6784/b8996uu/RDK/SystemMode/SystemMode.h not successfully processed
2025-10-21 14:38:21,467 - Knowledge - WARNING - File /app/data/kaviademo4200/6784/b8996uu/RDK/DisplayInfo/DeviceSettings/RPI/SoC_abstraction.cpp not successfully processed
2025-10-21 14:38:21,612 - Knowledge - WARNING - File /app/data/kaviademo4200/6784/b8996uu/RDK/SystemMode/SystemModeImplementation.h not successfully processed
2025-10-21 14:38:21,678 - Knowledge - WARNING - File /app/data/kaviademo4200/6784/b8996uu/RDK/DisplayInfo/DeviceSettings/Broadcom/SoC_abstraction.cpp not successfully processed
2025-10-21 14:38:21,818 - Knowledge - INFO - Processing batch of 57 files
2025-10-21 14:38:21,932 - Knowledge - WARNING - File /app/data/kaviademo4200/6784/b8996uu/RDK/DisplayInfo/DisplayInfo.cpp not successfully processed
2025-10-21 14:38:22,009 - Knowledge - INFO - process ingested knowledge for /app/data/kaviademo4200/6784/b8996uu/RDK/DeviceIdentification/CMakeLists.txt
2025-10-21 14:38:22,155 - Knowledge - WARNING - File /app/data/kaviademo4200/6784/b8996uu/RDK/DisplayInfo/RPI/PlatformImplementation.cpp not successfully processed
2025-10-21 14:38:22,264 - Knowledge - INFO - process ingested knowledge for /app/data/kaviademo4200/6784/b8996uu/RDK/DeviceIdentification/cmake/FindNXCLIENT.cmake
2025-10-21 14:38:22,394 - Knowledge - WARNING - File /app/data/kaviademo4200/6784/b8996uu/RDK/HdmiCecSink/HdmiCecSink.h not successfully processed
2025-10-21 14:38:22,487 - Knowledge - INFO - process ingested knowledge for /app/data/kaviademo4200/6784/b8996uu/RDK/DeviceIdentification/cmake/FindNEXUS.cmake
2025-10-21 14:38:22,667 - Knowledge - WARNING - File /app/data/kaviademo4200/6784/b8996uu/RDK/HdmiInput/HdmiInput.h not successfully processed
2025-10-21 14:38:22,694 - Knowledge - INFO - process ingested knowledge for /app/data/kaviademo4200/6784/b8996uu/RDK/DeviceIdentification/cmake/FindBCM_HOST.cmake
2025-10-21 14:38:22,866 - Knowledge - WARNING - File /app/data/kaviademo4200/6784/b8996uu/RDK/HdmiInput/cmake/FindDS.cmake not successfully processed
2025-10-21 14:38:22,947 - Knowledge - INFO - process ingested knowledge for /app/data/kaviademo4200/6784/b8996uu/RDK/DeviceIdentification/DeviceIdentificationPlugin.json
2025-10-21 14:38:23,031 - Knowledge - WARNING - File /app/data/kaviademo4200/6784/b8996uu/RDK/HdmiInput/HdmiInput.cpp not successfully processed
2025-10-21 14:38:23,148 - Knowledge - INFO - process ingested knowledge for /app/data/kaviademo4200/6784/b8996uu/RDK/DeviceIdentification/IdentityProvider.h
2025-10-21 14:38:23,274 - Knowledge - WARNING - File /app/data/kaviademo4200/6784/b8996uu/RDK/Network/Network.h not successfully processed
2025-10-21 14:38:23,356 - Knowledge - INFO - process ingested knowledge for /app/data/kaviademo4200/6784/b8996uu/RDK/DeviceIdentification/Module.cpp
2025-10-21 14:38:23,513 - Knowledge - WARNING - File /app/data/kaviademo4200/6784/b8996uu/RDK/Network/NetworkConnectivity.cpp not successfully processed
2025-10-21 14:38:23,603 - Knowledge - INFO - process ingested knowledge for /app/data/kaviademo4200/6784/b8996uu/RDK/DeviceIdentification/CHANGELOG.md
2025-10-21 14:38:23,696 - Knowledge - WARNING - File /app/data/kaviademo4200/6784/b8996uu/RDK/Network/NetUtils.h not successfully processed
2025-10-21 14:38:23,826 - Knowledge - INFO - process ingested knowledge for /app/data/kaviademo4200/6784/b8996uu/RDK/WebKitBrowser/Tags.cpp
2025-10-21 14:38:23,924 - Knowledge - WARNING - File /app/data/kaviademo4200/6784/b8996uu/RDK/Network/NetUtilsNetlink.cpp not successfully processed
2025-10-21 14:38:24,002 - Knowledge - INFO - process ingested knowledge for /app/data/kaviademo4200/6784/b8996uu/RDK/WebKitBrowser/InjectedBundle/AAMPJSBindings.h
2025-10-21 14:38:24,076 - Knowledge - WARNING - File /app/data/kaviademo4200/6784/b8996uu/RDK/Network/NetUtils.cpp not successfully processed
2025-10-21 14:38:24,170 - Knowledge - INFO - process ingested knowledge for /app/data/kaviademo4200/6784/b8996uu/RDK/WebKitBrowser/InjectedBundle/Module.h
2025-10-21 14:38:24,256 - Knowledge - WARNING - File /app/data/kaviademo4200/6784/b8996uu/RDK/Network/NetworkTraceroute.cpp not successfully processed
2025-10-21 14:38:24,369 - Knowledge - INFO - process ingested knowledge for /app/data/kaviademo4200/6784/b8996uu/RDK/WebKitBrowser/InjectedBundle/BridgeObject.h
2025-10-21 14:38:24,440 - Knowledge - WARNING - File /app/data/kaviademo4200/6784/b8996uu/RDK/Network/NetUtilsNetlink.h not successfully processed
2025-10-21 14:38:24,564 - Knowledge - INFO - process ingested knowledge for /app/data/kaviademo4200/6784/b8996uu/RDK/WebKitBrowser/InjectedBundle/Milestone.h
2025-10-21 14:38:24,633 - Knowledge - WARNING - File /app/data/kaviademo4200/6784/b8996uu/RDK/Network/Network.cpp not successfully processed
2025-10-21 14:38:24,759 - Knowledge - INFO - process ingested knowledge for /app/data/kaviademo4200/6784/b8996uu/RDK/WebKitBrowser/InjectedBundle/CMakeLists.txt
2025-10-21 14:38:24,919 - Knowledge - WARNING - File /app/data/kaviademo4200/6784/b8996uu/RDK/Network/PingNotifier.cpp not successfully processed
2025-10-21 14:38:24,959 - Knowledge - INFO - process ingested knowledge for /app/data/kaviademo4200/6784/b8996uu/RDK/WebKitBrowser/InjectedBundle/NotifyWPEFramework.h
2025-10-21 14:38:25,099 - Knowledge - WARNING - File /app/data/kaviademo4200/6784/b8996uu/RDK/Network/NetworkConnectivity.h not successfully processed
2025-10-21 14:38:25,178 - Knowledge - INFO - process ingested knowledge for /app/data/kaviademo4200/6784/b8996uu/RDK/WebKitBrowser/InjectedBundle/JavaScriptFunction.h
2025-10-21 14:38:25,326 - Knowledge - WARNING - File /app/data/kaviademo4200/6784/b8996uu/RDK/DeviceIdentification/DeviceIdentification.h not successfully processed
2025-10-21 14:38:25,418 - Knowledge - INFO - process ingested knowledge for /app/data/kaviademo4200/6784/b8996uu/RDK/WebKitBrowser/InjectedBundle/RequestHeaders.h
2025-10-21 14:38:25,564 - Knowledge - INFO - Processing batch of 56 files
2025-10-21 14:38:25,606 - Knowledge - INFO - process ingested knowledge for /app/data/kaviademo4200/6784/b8996uu/RDK/WebKitBrowser/InjectedBundle/WhiteListedOriginDomainsList.h
2025-10-21 14:38:25,756 - Knowledge - INFO - process ingested knowledge for /app/data/kaviademo4200/6784/b8996uu/RDK/HelloWorld/CMakeLists.txt
2025-10-21 14:38:25,882 - Knowledge - INFO - process ingested knowledge for /app/data/kaviademo4200/6784/b8996uu/RDK/WebKitBrowser/InjectedBundle/Utils.h
2025-10-21 14:38:25,972 - Knowledge - INFO - process ingested knowledge for /app/data/kaviademo4200/6784/b8996uu/RDK/HelloWorld/README.md
2025-10-21 14:38:26,119 - Knowledge - INFO - process ingested knowledge for /app/data/kaviademo4200/6784/b8996uu/RDK/WebKitBrowser/CookieJarCrypto/CMakeLists.txt
2025-10-21 14:38:26,192 - Knowledge - INFO - process ingested knowledge for /app/data/kaviademo4200/6784/b8996uu/RDK/HelloWorld/Module.cpp
2025-10-21 14:38:26,321 - Knowledge - INFO - process ingested knowledge for /app/data/kaviademo4200/6784/b8996uu/RDK/WebKitBrowser/Module.h
2025-10-21 14:38:26,464 - Knowledge - INFO - process ingested knowledge for /app/data/kaviademo4200/6784/b8996uu/RDK/HelloWorld/CHANGELOG.md
2025-10-21 14:38:26,547 - Knowledge - INFO - process ingested knowledge for /app/data/kaviademo4200/6784/b8996uu/RDK/WebKitBrowser/WebKitBrowser.json
2025-10-21 14:38:26,656 - Knowledge - INFO - process ingested knowledge for /app/data/kaviademo4200/6784/b8996uu/RDK/ControlService/test/Module.h
2025-10-21 14:38:26,762 - Knowledge - INFO - process ingested knowledge for /app/data/kaviademo4200/6784/b8996uu/RDK/WebKitBrowser/doc/WebKitBrowserPlugin.md
2025-10-21 14:38:26,855 - Knowledge - INFO - process ingested knowledge for /app/data/kaviademo4200/6784/b8996uu/RDK/ControlService/test/CMakeLists.txt
2025-10-21 14:38:26,963 - Knowledge - INFO - process ingested knowledge for /app/data/kaviademo4200/6784/b8996uu/RDK/WebKitBrowser/doc/javascript/CORS/test.html
2025-10-21 14:38:27,087 - Knowledge - INFO - process ingested knowledge for /app/data/kaviademo4200/6784/b8996uu/RDK/ControlService/test/controlSvcTestClient.cpp
2025-10-21 14:38:27,204 - Knowledge - INFO - process ingested knowledge for /app/data/kaviademo4200/6784/b8996uu/RDK/WebKitBrowser/Testing/testrunner.h
2025-10-21 14:38:27,343 - Knowledge - INFO - process ingested knowledge for /app/data/kaviademo4200/6784/b8996uu/RDK/ControlService/Module.h
2025-10-21 14:38:27,418 - Knowledge - INFO - process ingested knowledge for /app/data/kaviademo4200/6784/b8996uu/RDK/WebKitBrowser/Testing/mockfocusmanager.cpp
2025-10-21 14:38:27,555 - Knowledge - INFO - process ingested knowledge for /app/data/kaviademo4200/6784/b8996uu/RDK/ControlService/ControlService.json
2025-10-21 14:38:27,634 - Knowledge - INFO - process ingested knowledge for /app/data/kaviademo4200/6784/b8996uu/RDK/WebKitBrowser/Testing/CMakeLists.txt
2025-10-21 14:38:27,717 - Knowledge - INFO - process ingested knowledge for /app/data/kaviademo4200/6784/b8996uu/RDK/ControlService/CMakeLists.txt
2025-10-21 14:38:27,827 - Knowledge - INFO - process ingested knowledge for /app/data/kaviademo4200/6784/b8996uu/RDK/WebKitBrowser/Testing/focusmanager.h
2025-10-21 14:38:27,921 - Knowledge - INFO - process ingested knowledge for /app/data/kaviademo4200/6784/b8996uu/RDK/ControlService/cmake/FindCTRLM.cmake
2025-10-21 14:38:28,038 - Knowledge - INFO - process ingested knowledge for /app/data/kaviademo4200/6784/b8996uu/RDK/WebKitBrowser/Testing/tags.h
2025-10-21 14:38:28,105 - Knowledge - INFO - process ingested knowledge for /app/data/kaviademo4200/6784/b8996uu/RDK/ControlService/cmake/FindIARMBus.cmake
2025-10-21 14:38:28,257 - Knowledge - INFO - process ingested knowledge for /app/data/kaviademo4200/6784/b8996uu/RDK/WebKitBrowser/Testing/Extension/TestRunnerJS.h
2025-10-21 14:38:28,345 - Knowledge - INFO - process ingested knowledge for /app/data/kaviademo4200/6784/b8996uu/RDK/ControlService/ControlServicePlugin.json
2025-10-21 14:38:28,418 - Knowledge - INFO - process ingested knowledge for /app/data/kaviademo4200/6784/b8996uu/RDK/WebKitBrowser/CMakeLists.txt
2025-10-21 14:38:28,523 - Knowledge - INFO - process ingested knowledge for /app/data/kaviademo4200/6784/b8996uu/RDK/ControlService/README.md
2025-10-21 14:38:28,641 - Knowledge - INFO - process ingested knowledge for /app/data/kaviademo4200/6784/b8996uu/RDK/WebKitBrowser/LoggingUtils.h
2025-10-21 14:38:28,740 - Knowledge - INFO - process ingested knowledge for /app/data/kaviademo4200/6784/b8996uu/RDK/ControlService/ControlService.cpp
2025-10-21 14:38:28,836 - Knowledge - INFO - process ingested knowledge for /app/data/kaviademo4200/6784/b8996uu/RDK/WebKitBrowser/cmake/FindAampJSBindings.cmake
2025-10-21 14:38:28,998 - Knowledge - INFO - process ingested knowledge for /app/data/kaviademo4200/6784/b8996uu/RDK/ControlService/Module.cpp
2025-10-21 14:38:29,101 - Knowledge - INFO - process ingested knowledge for /app/data/kaviademo4200/6784/b8996uu/RDK/WebKitBrowser/WebKitBrowserPlugin.json
2025-10-21 14:38:29,188 - Knowledge - INFO - process ingested knowledge for /app/data/kaviademo4200/6784/b8996uu/RDK/ControlService/CHANGELOG.md
2025-10-21 14:38:29,293 - Knowledge - INFO - process ingested knowledge for /app/data/kaviademo4200/6784/b8996uu/RDK/WebKitBrowser/Tags.h
2025-10-21 14:38:29,386 - Knowledge - INFO - process ingested knowledge for /app/data/kaviademo4200/6784/b8996uu/RDK/ContentProtection/Module.h
2025-10-21 14:38:29,462 - Knowledge - INFO - process ingested knowledge for /app/data/kaviademo4200/6784/b8996uu/RDK/WebKitBrowser/CookieJar.h
2025-10-21 14:38:29,592 - Knowledge - INFO - process ingested knowledge for /app/data/kaviademo4200/6784/b8996uu/RDK/ContentProtection/CMakeLists.txt
2025-10-21 14:38:29,682 - Knowledge - INFO - process ingested knowledge for /app/data/kaviademo4200/6784/b8996uu/RDK/WebKitBrowser/Extension/AAMPJSBindings.h
2025-10-21 14:38:29,839 - Knowledge - INFO - process ingested knowledge for /app/data/kaviademo4200/6784/b8996uu/RDK/ContentProtection/ContentProtectionPlugin.json
2025-10-21 14:38:29,932 - Knowledge - INFO - process ingested knowledge for /app/data/kaviademo4200/6784/b8996uu/RDK/WebKitBrowser/Extension/NotifyWPEFramework.cpp
2025-10-21 14:38:30,019 - Knowledge - INFO - process ingested knowledge for /app/data/kaviademo4200/6784/b8996uu/RDK/ContentProtection/Module.cpp
2025-10-21 14:38:30,149 - Knowledge - INFO - process ingested knowledge for /app/data/kaviademo4200/6784/b8996uu/RDK/WebKitBrowser/Extension/Module.h
2025-10-21 14:38:30,233 - Knowledge - INFO - process ingested knowledge for /app/data/kaviademo4200/6784/b8996uu/RDK/ContentProtection/CHANGELOG.md
2025-10-21 14:38:30,343 - Knowledge - INFO - process ingested knowledge for /app/data/kaviademo4200/6784/b8996uu/RDK/WebKitBrowser/Extension/ProcessInfo.cpp
2025-10-21 14:38:30,484 - Knowledge - INFO - process ingested knowledge for /app/data/kaviademo4200/6784/b8996uu/RDK/DisplayInfo/Module.h
2025-10-21 14:38:30,610 - Knowledge - INFO - process ingested knowledge for /app/data/kaviademo4200/6784/b8996uu/RDK/WebKitBrowser/Extension/BridgeObject.h
2025-10-21 14:38:30,677 - Knowledge - INFO - process ingested knowledge for /app/data/kaviademo4200/6784/b8996uu/RDK/DisplayInfo/DisplayInfoJsonRpc.cpp
2025-10-21 14:38:30,812 - Knowledge - INFO - process ingested knowledge for /app/data/kaviademo4200/6784/b8996uu/RDK/WebKitBrowser/Extension/Milestone.h
2025-10-21 14:38:30,906 - Knowledge - INFO - process ingested knowledge for /app/data/kaviademo4200/6784/b8996uu/RDK/DisplayInfo/DisplayInfo.json
2025-10-21 14:38:31,014 - Knowledge - INFO - process ingested knowledge for /app/data/kaviademo4200/6784/b8996uu/RDK/WebKitBrowser/Extension/CMakeLists.txt
2025-10-21 14:38:31,113 - Knowledge - INFO - process ingested knowledge for /app/data/kaviademo4200/6784/b8996uu/RDK/DisplayInfo/CMakeLists.txt
2025-10-21 14:38:31,184 - Knowledge - INFO - process ingested knowledge for /app/data/kaviademo4200/6784/b8996uu/RDK/WebKitBrowser/Extension/Milestone.cpp
2025-10-21 14:38:31,304 - Knowledge - INFO - process ingested knowledge for /app/data/kaviademo4200/6784/b8996uu/RDK/DisplayInfo/DeviceSettings/SoC_abstraction.h
2025-10-21 14:38:31,446 - Knowledge - INFO - process ingested knowledge for /app/data/kaviademo4200/6784/b8996uu/RDK/WebKitBrowser/Extension/ProcessInfo.h
2025-10-21 14:38:31,541 - Knowledge - INFO - process ingested knowledge for /app/data/kaviademo4200/6784/b8996uu/RDK/DisplayInfo/DisplayInfoPlugin.json
2025-10-21 14:38:31,640 - Knowledge - INFO - process ingested knowledge for /app/data/kaviademo4200/6784/b8996uu/RDK/WebKitBrowser/Extension/NotifyWPEFramework.h
2025-10-21 14:38:31,714 - Knowledge - INFO - process ingested knowledge for /app/data/kaviademo4200/6784/b8996uu/RDK/DisplayInfo/Module.cpp
2025-10-21 14:38:31,868 - Knowledge - INFO - process ingested knowledge for /app/data/kaviademo4200/6784/b8996uu/RDK/WebKitBrowser/Extension/SecurityAgent.h
2025-10-21 14:38:31,952 - Knowledge - INFO - process ingested knowledge for /app/data/kaviademo4200/6784/b8996uu/RDK/DisplayInfo/CHANGELOG.md
2025-10-21 14:38:32,069 - Knowledge - INFO - process ingested knowledge for /app/data/kaviademo4200/6784/b8996uu/RDK/WebKitBrowser/Extension/RequestHeaders.h
2025-10-21 14:38:32,159 - Knowledge - INFO - process ingested knowledge for /app/data/kaviademo4200/6784/b8996uu/RDK/HdmiCecSink/Module.h
2025-10-21 14:38:32,269 - Knowledge - INFO - process ingested knowledge for /app/data/kaviademo4200/6784/b8996uu/RDK/WebKitBrowser/Extension/WhiteListedOriginDomainsList.h
2025-10-21 14:38:32,356 - Knowledge - INFO - process ingested knowledge for /app/data/kaviademo4200/6784/b8996uu/RDK/HdmiCecSink/HdmiCecSink.json
2025-10-21 14:38:32,482 - Knowledge - INFO - process ingested knowledge for /app/data/kaviademo4200/6784/b8996uu/RDK/WebKitBrowser/WebKitImplementation.cpp
2025-10-21 14:38:32,614 - Knowledge - INFO - process ingested knowledge for /app/data/kaviademo4200/6784/b8996uu/RDK/HdmiCecSink/CMakeLists.txt
2025-10-21 14:38:32,721 - Knowledge - INFO - process ingested knowledge for /app/data/kaviademo4200/6784/b8996uu/RDK/WebKitBrowser/TimeZone/TimeZoneSupport.h
2025-10-21 14:38:32,852 - Knowledge - INFO - process ingested knowledge for /app/data/kaviademo4200/6784/b8996uu/RDK/HdmiCecSink/HdmiCecSinkPlugin.json
2025-10-21 14:38:32,939 - Knowledge - INFO - process ingested knowledge for /app/data/kaviademo4200/6784/b8996uu/RDK/WebKitBrowser/HTML5Notification.h
2025-10-21 14:38:33,065 - Knowledge - INFO - process ingested knowledge for /app/data/kaviademo4200/6784/b8996uu/RDK/HdmiCecSink/README.md
2025-10-21 14:38:33,195 - Knowledge - INFO - process ingested knowledge for /app/data/kaviademo4200/6784/b8996uu/RDK/WebKitBrowser/Module.cpp
2025-10-21 14:38:33,275 - Knowledge - INFO - process ingested knowledge for /app/data/kaviademo4200/6784/b8996uu/RDK/HdmiCecSink/HdmiCecSink.cpp
2025-10-21 14:38:33,398 - Knowledge - INFO - process ingested knowledge for /app/data/kaviademo4200/6784/b8996uu/RDK/WebKitBrowser/CHANGELOG.md
2025-10-21 14:38:33,488 - Knowledge - INFO - process ingested knowledge for /app/data/kaviademo4200/6784/b8996uu/RDK/HdmiCecSink/Module.cpp
2025-10-21 14:38:33,567 - Knowledge - INFO - process ingested knowledge for /app/data/kaviademo4200/6784/b8996uu/RDK/SystemMode/Module.h
2025-10-21 14:38:33,664 - Knowledge - INFO - process ingested knowledge for /app/data/kaviademo4200/6784/b8996uu/RDK/HdmiCecSink/CHANGELOG.md
2025-10-21 14:38:33,749 - Knowledge - INFO - process ingested knowledge for /app/data/kaviademo4200/6784/b8996uu/RDK/SystemMode/SystemMode.json
2025-10-21 14:38:33,859 - Knowledge - INFO - process ingested knowledge for /app/data/kaviademo4200/6784/b8996uu/RDK/HdmiInput/Module.h
2025-10-21 14:38:33,922 - Knowledge - INFO - process ingested knowledge for /app/data/kaviademo4200/6784/b8996uu/RDK/SystemMode/CMakeLists.txt
2025-10-21 14:38:34,030 - Knowledge - INFO - process ingested knowledge for /app/data/kaviademo4200/6784/b8996uu/RDK/HdmiInput/HdmiInput.json
2025-10-21 14:38:34,345 - Knowledge - INFO - process ingested knowledge for /app/data/kaviademo4200/6784/b8996uu/RDK/HdmiInput/CMakeLists.txt
2025-10-21 14:38:34,573 - Knowledge - INFO - process ingested knowledge for /app/data/kaviademo4200/6784/b8996uu/RDK/HdmiInput/cmake/FindIARMBus.cmake
2025-10-21 14:38:34,801 - Knowledge - INFO - process ingested knowledge for /app/data/kaviademo4200/6784/b8996uu/RDK/HdmiInput/HdmiInputPlugin.json
2025-10-21 14:38:35,036 - Knowledge - INFO - process ingested knowledge for /app/data/kaviademo4200/6784/b8996uu/RDK/HdmiInput/README.md
2025-10-21 14:38:35,266 - Knowledge - INFO - process ingested knowledge for /app/data/kaviademo4200/6784/b8996uu/RDK/HdmiInput/Module.cpp
2025-10-21 14:38:35,499 - Knowledge - INFO - process ingested knowledge for /app/data/kaviademo4200/6784/b8996uu/RDK/HdmiInput/CHANGELOG.md
2025-10-21 14:38:35,751 - Knowledge - INFO - process ingested knowledge for /app/data/kaviademo4200/6784/b8996uu/RDK/Network/Module.h
2025-10-21 14:38:35,993 - Knowledge - INFO - process ingested knowledge for /app/data/kaviademo4200/6784/b8996uu/RDK/Network/Network.json
2025-10-21 14:38:36,214 - Knowledge - INFO - process ingested knowledge for /app/data/kaviademo4200/6784/b8996uu/RDK/Network/CMakeLists.txt
2025-10-21 14:38:36,439 - Knowledge - INFO - process ingested knowledge for /app/data/kaviademo4200/6784/b8996uu/RDK/Network/NetworkPlugin.json
2025-10-21 14:38:36,683 - Knowledge - INFO - process ingested knowledge for /app/data/kaviademo4200/6784/b8996uu/RDK/Network/README.md
2025-10-21 14:38:36,905 - Knowledge - INFO - process ingested knowledge for /app/data/kaviademo4200/6784/b8996uu/RDK/Network/Module.cpp
2025-10-21 14:38:37,099 - Knowledge - INFO - process ingested knowledge for /app/data/kaviademo4200/6784/b8996uu/RDK/Network/CHANGELOG.md
2025-10-21 14:38:37,287 - Knowledge - INFO - process ingested knowledge for /app/data/kaviademo4200/6784/b8996uu/RDK/DeviceIdentification/Module.h
2025-10-21 14:38:37,515 - Knowledge - INFO - process ingested knowledge for /app/data/kaviademo4200/6784/b8996uu/RDK/DeviceIdentification/DeviceIdentification.json
2025-10-21 14:38:37,720 - Knowledge - INFO - process ingested knowledge for /app/data/kaviademo4200/6784/b8996uu/RDK/DeviceIdentification/DeviceIdentificationJsonRpc.cpp
2025-10-21 14:38:41,356 - Knowledge - INFO - [WEBSOCKET] Sent: Type=progress_update, Size: 292, Duration: 0ms
2025-10-21 14:38:41,567 - Knowledge - INFO - [WEBSOCKET] Sent: Type=unknown, Size: ?, Duration: 211ms
2025-10-21 14:38:41,733 - Knowledge - INFO - Progress: 63.4% | Files: 880/1389 | Rate: 1.53 files/sec | Queue: 0
2025-10-21 14:38:48,620 - Knowledge - ERROR - Timeout processing /app/data/kaviademo4200/6784/b8996uu/RDK/UserSettings/UserSettingsImplementation.h after 90s
2025-10-21 14:38:48,768 - Knowledge - ERROR - Timeout processing /app/data/kaviademo4200/6784/b8996uu/RDK/UserSettings/UserSettings.h after 90s
2025-10-21 14:38:48,955 - Knowledge - ERROR - Timeout processing /app/data/kaviademo4200/6784/b8996uu/RDK/UserSettings/UserSettings.cpp after 90s
2025-10-21 14:38:49,167 - Knowledge - ERROR - Timeout processing /app/data/kaviademo4200/6784/b8996uu/RDK/UserSettings/UserSettingsImplementation.cpp after 90s
2025-10-21 14:38:49,315 - Knowledge - ERROR - Timeout processing /app/data/kaviademo4200/6784/b8996uu/RDK/TraceControl/TraceControlJsonRpc.cpp after 90s
2025-10-21 14:38:49,499 - Knowledge - ERROR - Timeout processing /app/data/kaviademo4200/6784/b8996uu/RDK/TraceControl/TraceOutput.h after 90s
2025-10-21 14:38:49,710 - Knowledge - ERROR - Timeout processing /app/data/kaviademo4200/6784/b8996uu/RDK/TraceControl/TraceControl.h after 90s
2025-10-21 14:38:49,902 - Knowledge - ERROR - Timeout processing /app/data/kaviademo4200/6784/b8996uu/RDK/TraceControl/TraceControl.cpp after 90s
2025-10-21 14:38:50,099 - Knowledge - ERROR - Timeout processing /app/data/kaviademo4200/6784/b8996uu/RDK/TextToSpeech/TextToSpeechJsonRpc.cpp after 90s
2025-10-21 14:38:50,278 - Knowledge - ERROR - Timeout processing /app/data/kaviademo4200/6784/b8996uu/RDK/TextToSpeech/TextToSpeechImplementation.h after 90s
2025-10-21 14:38:50,497 - Knowledge - ERROR - Timeout processing /app/data/kaviademo4200/6784/b8996uu/RDK/TextToSpeech/TextToSpeechValidator.h after 90s
2025-10-21 14:38:50,705 - Knowledge - ERROR - Timeout processing /app/data/kaviademo4200/6784/b8996uu/RDK/TextToSpeech/impl/TTSManager.h after 90s
2025-10-21 14:38:50,882 - Knowledge - ERROR - Timeout processing /app/data/kaviademo4200/6784/b8996uu/RDK/TextToSpeech/impl/TTSSpeaker.h after 90s
2025-10-21 14:38:51,090 - Knowledge - ERROR - Timeout processing /app/data/kaviademo4200/6784/b8996uu/RDK/TextToSpeech/impl/SatToken.cpp after 90s
2025-10-21 14:38:51,250 - Knowledge - ERROR - Timeout processing /app/data/kaviademo4200/6784/b8996uu/RDK/TextToSpeech/impl/TTSCommon.h after 90s
2025-10-21 14:38:51,425 - Knowledge - ERROR - Timeout processing /app/data/kaviademo4200/6784/b8996uu/RDK/TextToSpeech/impl/logger.h after 90s
2025-10-21 14:38:51,608 - Knowledge - ERROR - Timeout processing /app/data/kaviademo4200/6784/b8996uu/RDK/TextToSpeech/impl/logger.cpp after 90s
2025-10-21 14:38:51,803 - Knowledge - ERROR - Timeout processing /app/data/kaviademo4200/6784/b8996uu/RDK/TextToSpeech/impl/TTSConfiguration.h after 90s
2025-10-21 14:38:52,027 - Knowledge - ERROR - Timeout processing /app/data/kaviademo4200/6784/b8996uu/RDK/TextToSpeech/impl/TTSURLConstructer.cpp after 90s
2025-10-21 14:38:52,242 - Knowledge - ERROR - Timeout processing /app/data/kaviademo4200/6784/b8996uu/RDK/TextToSpeech/impl/TTSDownloader.cpp after 90s
2025-10-21 14:38:52,413 - Knowledge - ERROR - Timeout processing /app/data/kaviademo4200/6784/b8996uu/RDK/TextToSpeech/impl/TTSSpeaker.cpp after 90s
2025-10-21 14:38:52,619 - Knowledge - ERROR - Timeout processing /app/data/kaviademo4200/6784/b8996uu/RDK/TextToSpeech/impl/TTSManager.cpp after 90s
2025-10-21 14:38:52,840 - Knowledge - ERROR - Timeout processing /app/data/kaviademo4200/6784/b8996uu/RDK/TextToSpeech/impl/NetworkStatusObserver.cpp after 90s
2025-10-21 14:38:52,998 - Knowledge - ERROR - Timeout processing /app/data/kaviademo4200/6784/b8996uu/RDK/TextToSpeech/TextToSpeech.h after 90s
2025-10-21 14:38:53,222 - Knowledge - ERROR - Timeout processing /app/data/kaviademo4200/6784/b8996uu/RDK/TextToSpeech/TextToSpeech.cpp after 90s
2025-10-21 14:38:53,431 - Knowledge - ERROR - Timeout processing /app/data/kaviademo4200/6784/b8996uu/RDK/TextToSpeech/TextToSpeechImplementation.cpp after 90s
2025-10-21 14:38:53,633 - Knowledge - ERROR - Timeout processing /app/data/kaviademo4200/6784/b8996uu/RDK/l2tests.cmake after 90s
2025-10-21 14:38:53,869 - Knowledge - ERROR - Timeout processing /app/data/kaviademo4200/6784/b8996uu/RDK/HdcpProfile/HdcpProfile.h after 90s
2025-10-21 14:38:54,077 - Knowledge - ERROR - Timeout processing /app/data/kaviademo4200/6784/b8996uu/RDK/HdcpProfile/HdcpProfile.cpp after 90s
2025-10-21 14:38:54,251 - Knowledge - ERROR - Timeout processing /app/data/kaviademo4200/6784/b8996uu/RDK/UnifiedCASManagement/LibMediaPlayerImpl.h after 90s
2025-10-21 14:38:54,415 - Knowledge - ERROR - Timeout processing /app/data/kaviademo4200/6784/b8996uu/RDK/UnifiedCASManagement/UnifiedCASManagement.h after 90s
2025-10-21 14:38:54,599 - Knowledge - ERROR - Timeout processing /app/data/kaviademo4200/6784/b8996uu/RDK/UnifiedCASManagement/UnifiedCASManagement.cpp after 90s
2025-10-21 14:38:54,795 - Knowledge - ERROR - Timeout processing /app/data/kaviademo4200/6784/b8996uu/RDK/UnifiedCASManagement/MediaPlayer.h after 90s
2025-10-21 14:38:54,999 - Knowledge - ERROR - Timeout processing /app/data/kaviademo4200/6784/b8996uu/RDK/UnifiedCASManagement/LibMediaPlayerImpl.cpp after 90s
2025-10-21 14:38:55,153 - Knowledge - ERROR - Timeout processing /app/data/kaviademo4200/6784/b8996uu/RDK/Monitor/MonitorJsonRpc.cpp after 90s
2025-10-21 14:38:55,326 - Knowledge - ERROR - Timeout processing /app/data/kaviademo4200/6784/b8996uu/RDK/Monitor/Monitor.h after 90s
2025-10-21 14:38:55,545 - Knowledge - ERROR - Timeout processing /app/data/kaviademo4200/6784/b8996uu/RDK/Monitor/Monitor.cpp after 90s
2025-10-21 14:38:55,697 - Knowledge - ERROR - Timeout processing /app/data/kaviademo4200/6784/b8996uu/RDK/DeviceDiagnostics/DeviceDiagnostics.h after 90s
2025-10-21 14:38:55,866 - Knowledge - ERROR - Timeout processing /app/data/kaviademo4200/6784/b8996uu/RDK/DeviceDiagnostics/DeviceDiagnostics.cpp after 90s
2025-10-21 14:38:56,041 - Knowledge - ERROR - Timeout processing /app/data/kaviademo4200/6784/b8996uu/RDK/AVOutput/AVOutputTV.h after 90s
2025-10-21 14:38:56,193 - Knowledge - ERROR - Timeout processing /app/data/kaviademo4200/6784/b8996uu/RDK/AVOutput/AVOutputTVHelper.cpp after 90s
2025-10-21 14:38:56,405 - Knowledge - ERROR - Timeout processing /app/data/kaviademo4200/6784/b8996uu/RDK/Analytics/Implementation/Backend/Sift/SiftUploader.h after 90s
2025-10-21 14:38:56,598 - Knowledge - ERROR - Timeout processing /app/data/kaviademo4200/6784/b8996uu/RDK/Analytics/Implementation/Backend/Sift/SiftBackend.h after 90s
2025-10-21 14:38:56,810 - Knowledge - ERROR - Timeout processing /app/data/kaviademo4200/6784/b8996uu/RDK/Analytics/Implementation/Backend/Sift/SiftStore.cpp after 90s
2025-10-21 14:38:56,951 - Knowledge - ERROR - Timeout processing /app/data/kaviademo4200/6784/b8996uu/RDK/Analytics/Implementation/Backend/Sift/SiftConfig.h after 90s
2025-10-21 14:38:57,103 - Knowledge - ERROR - Timeout processing /app/data/kaviademo4200/6784/b8996uu/RDK/Analytics/Implementation/Backend/Sift/SiftConfig.cpp after 90s
2025-10-21 14:38:57,279 - Knowledge - ERROR - Timeout processing /app/data/kaviademo4200/6784/b8996uu/RDK/Analytics/Implementation/Backend/Sift/SiftUploader.cpp after 90s
2025-10-21 14:38:57,502 - Knowledge - ERROR - Timeout processing /app/data/kaviademo4200/6784/b8996uu/RDK/Analytics/Implementation/Backend/Sift/SiftBackend.cpp after 90s
2025-10-21 14:38:57,712 - Knowledge - ERROR - Timeout processing /app/data/kaviademo4200/6784/b8996uu/RDK/Analytics/Implementation/LocalStore/DatabaseInterface.h after 90s
2025-10-21 14:38:57,916 - Knowledge - ERROR - Timeout processing /app/data/kaviademo4200/6784/b8996uu/RDK/Analytics/Implementation/LocalStore/DatabaseConnection.cpp after 90s
2025-10-21 14:38:58,135 - Knowledge - ERROR - Timeout processing /app/data/kaviademo4200/6784/b8996uu/RDK/Analytics/Implementation/LocalStore/LocalStore.cpp after 90s
2025-10-21 14:38:58,307 - Knowledge - ERROR - Timeout processing /app/data/kaviademo4200/6784/b8996uu/RDK/Analytics/Implementation/LocalStore/DatabaseConnection.h after 90s
2025-10-21 14:38:58,516 - Knowledge - ERROR - Timeout processing /app/data/kaviademo4200/6784/b8996uu/RDK/Analytics/Implementation/SystemTime/SystemTime.h after 90s
2025-10-21 14:38:58,691 - Knowledge - ERROR - Timeout processing /app/data/kaviademo4200/6784/b8996uu/RDK/Analytics/Implementation/SystemTime/SystemTime.cpp after 90s
2025-10-21 14:38:58,939 - Knowledge - ERROR - Timeout processing /app/data/kaviademo4200/6784/b8996uu/RDK/Analytics/Implementation/AnalyticsImplementation.h after 90s
2025-10-21 14:38:59,106 - Knowledge - ERROR - Timeout processing /app/data/kaviademo4200/6784/b8996uu/RDK/Analytics/Implementation/AnalyticsImplementation.cpp after 90s
2025-10-21 14:38:59,310 - Knowledge - ERROR - Timeout processing /app/data/kaviademo4200/6784/b8996uu/RDK/Analytics/Analytics.h after 90s
2025-10-21 14:38:59,487 - Knowledge - ERROR - Timeout processing /app/data/kaviademo4200/6784/b8996uu/RDK/Analytics/Analytics.cpp after 90s
2025-10-21 14:38:59,658 - Knowledge - ERROR - Timeout processing /app/data/kaviademo4200/6784/b8996uu/RDK/Miracast/MiracastPlayer/Amlogic/SoC_GstPlayer.cpp after 90s
2025-10-21 14:38:59,811 - Knowledge - ERROR - Timeout processing /app/data/kaviademo4200/6784/b8996uu/RDK/Miracast/MiracastPlayer/MiracastPlayer.cpp after 90s
2025-10-21 14:39:00,015 - Knowledge - ERROR - Timeout processing /app/data/kaviademo4200/6784/b8996uu/RDK/Miracast/MiracastPlayer/RTSP/MiracastRTSPMsg.h after 90s
2025-10-21 14:39:00,223 - Knowledge - ERROR - Timeout processing /app/data/kaviademo4200/6784/b8996uu/RDK/Miracast/MiracastPlayer/RTSP/MiracastRTSPMsg.cpp after 90s
2025-10-21 14:39:00,437 - Knowledge - ERROR - Timeout processing /app/data/kaviademo4200/6784/b8996uu/RDK/Miracast/MiracastPlayer/SoC_GstPlayer.h after 90s
2025-10-21 14:39:00,602 - Knowledge - ERROR - Timeout processing /app/data/kaviademo4200/6784/b8996uu/RDK/Miracast/MiracastPlayer/MiracastPlayer.h after 90s
2025-10-21 14:39:00,785 - Knowledge - ERROR - Timeout processing /app/data/kaviademo4200/6784/b8996uu/RDK/Miracast/common/MiracastLogger.h after 90s
2025-10-21 14:39:00,977 - Knowledge - ERROR - Timeout processing /app/data/kaviademo4200/6784/b8996uu/RDK/Miracast/common/MiracastCommon.cpp after 90s
2025-10-21 14:39:01,187 - Knowledge - ERROR - Timeout processing /app/data/kaviademo4200/6784/b8996uu/RDK/Miracast/common/MiracastLogger.cpp after 90s
2025-10-21 14:39:01,367 - Knowledge - ERROR - Timeout processing /app/data/kaviademo4200/6784/b8996uu/RDK/Miracast/common/MiracastCommon.h after 90s
2025-10-21 14:39:01,592 - Knowledge - ERROR - Timeout processing /app/data/kaviademo4200/6784/b8996uu/RDK/Miracast/MiracastService/P2P/MiracastP2P.h after 90s
2025-10-21 14:39:01,755 - Knowledge - ERROR - Timeout processing /app/data/kaviademo4200/6784/b8996uu/RDK/Miracast/MiracastService/P2P/MiracastP2P.cpp after 90s
2025-10-21 14:39:01,978 - Knowledge - ERROR - Timeout processing /app/data/kaviademo4200/6784/b8996uu/RDK/Miracast/MiracastService/MiracastService.cpp after 90s
2025-10-21 14:39:02,168 - Knowledge - ERROR - Timeout processing /app/data/kaviademo4200/6784/b8996uu/RDK/Miracast/MiracastService/MiracastController.h after 90s
2025-10-21 14:39:02,362 - Knowledge - ERROR - Timeout processing /app/data/kaviademo4200/6784/b8996uu/RDK/Miracast/MiracastService/MiracastController.cpp after 90s
2025-10-21 14:39:02,587 - Knowledge - ERROR - Timeout processing /app/data/kaviademo4200/6784/b8996uu/RDK/Miracast/MiracastService/MiracastService.h after 90s
2025-10-21 14:39:02,765 - Knowledge - ERROR - Timeout processing /app/data/kaviademo4200/6784/b8996uu/RDK/SystemAudioPlayer/SystemAudioPlayerImplementation.h after 90s
2025-10-21 14:39:02,929 - Knowledge - ERROR - Timeout processing /app/data/kaviademo4200/6784/b8996uu/RDK/SystemAudioPlayer/SystemAudioPlayerJsonRpc.cpp after 90s
2025-10-21 14:39:03,120 - Knowledge - ERROR - Timeout processing /app/data/kaviademo4200/6784/b8996uu/RDK/SystemAudioPlayer/impl/BufferQueue.cpp after 90s
2025-10-21 14:39:03,293 - Knowledge - ERROR - Timeout processing /app/data/kaviademo4200/6784/b8996uu/RDK/SystemAudioPlayer/impl/AudioPlayer.cpp after 90s
2025-10-21 14:39:03,505 - Knowledge - ERROR - Timeout processing /app/data/kaviademo4200/6784/b8996uu/RDK/SystemAudioPlayer/impl/amlogic/SoC_abstraction.cpp after 90s
2025-10-21 14:39:03,709 - Knowledge - ERROR - Timeout processing /app/data/kaviademo4200/6784/b8996uu/RDK/SystemAudioPlayer/impl/Helper.h after 90s
2025-10-21 14:39:03,905 - Knowledge - ERROR - Timeout processing /app/data/kaviademo4200/6784/b8996uu/RDK/SystemAudioPlayer/impl/logger.h after 90s
2025-10-21 14:39:04,066 - Knowledge - ERROR - Timeout processing /app/data/kaviademo4200/6784/b8996uu/RDK/SystemAudioPlayer/impl/WebSocketClientImpl.h after 90s
2025-10-21 14:39:04,246 - Knowledge - ERROR - Timeout processing /app/data/kaviademo4200/6784/b8996uu/RDK/SystemAudioPlayer/impl/logger.cpp after 90s
2025-10-21 14:39:04,441 - Knowledge - ERROR - Timeout processing /app/data/kaviademo4200/6784/b8996uu/RDK/SystemAudioPlayer/impl/AudioPlayer.h after 90s
2025-10-21 14:39:04,655 - Knowledge - ERROR - Timeout processing /app/data/kaviademo4200/6784/b8996uu/RDK/SystemAudioPlayer/SystemAudioPlayer.h after 90s
2025-10-21 14:39:04,808 - Knowledge - ERROR - Timeout processing /app/data/kaviademo4200/6784/b8996uu/RDK/SystemAudioPlayer/SystemAudioPlayer.cpp after 90s
2025-10-21 14:39:04,950 - Knowledge - ERROR - Timeout processing /app/data/kaviademo4200/6784/b8996uu/RDK/SystemAudioPlayer/SystemAudioPlayerImplementation.cpp after 90s
2025-10-21 14:39:05,198 - Knowledge - WARNING - File /app/data/kaviademo4200/6784/b8996uu/RDK/UserSettings/UserSettingsImplementation.h not successfully processed
2025-10-21 14:39:05,384 - Knowledge - WARNING - File /app/data/kaviademo4200/6784/b8996uu/RDK/UserSettings/UserSettings.h not successfully processed
2025-10-21 14:39:05,611 - Knowledge - WARNING - File /app/data/kaviademo4200/6784/b8996uu/RDK/UserSettings/UserSettings.cpp not successfully processed
2025-10-21 14:39:05,821 - Knowledge - WARNING - File /app/data/kaviademo4200/6784/b8996uu/RDK/UserSettings/UserSettingsImplementation.cpp not successfully processed
2025-10-21 14:39:05,997 - Knowledge - WARNING - File /app/data/kaviademo4200/6784/b8996uu/RDK/TraceControl/TraceControlJsonRpc.cpp not successfully processed
2025-10-21 14:39:06,218 - Knowledge - WARNING - File /app/data/kaviademo4200/6784/b8996uu/RDK/TraceControl/TraceOutput.h not successfully processed
2025-10-21 14:39:06,412 - Knowledge - WARNING - File /app/data/kaviademo4200/6784/b8996uu/RDK/TraceControl/TraceControl.h not successfully processed
2025-10-21 14:39:06,609 - Knowledge - WARNING - File /app/data/kaviademo4200/6784/b8996uu/RDK/TraceControl/TraceControl.cpp not successfully processed
2025-10-21 14:39:06,838 - Knowledge - WARNING - File /app/data/kaviademo4200/6784/b8996uu/RDK/TextToSpeech/TextToSpeechJsonRpc.cpp not successfully processed
2025-10-21 14:39:07,071 - Knowledge - WARNING - File /app/data/kaviademo4200/6784/b8996uu/RDK/TextToSpeech/TextToSpeechImplementation.h not successfully processed
2025-10-21 14:39:07,264 - Knowledge - WARNING - File /app/data/kaviademo4200/6784/b8996uu/RDK/TextToSpeech/TextToSpeechValidator.h not successfully processed
2025-10-21 14:39:07,445 - Knowledge - WARNING - File /app/data/kaviademo4200/6784/b8996uu/RDK/TextToSpeech/impl/TTSManager.h not successfully processed
2025-10-21 14:39:07,633 - Knowledge - WARNING - File /app/data/kaviademo4200/6784/b8996uu/RDK/TextToSpeech/impl/TTSSpeaker.h not successfully processed
2025-10-21 14:39:07,817 - Knowledge - WARNING - File /app/data/kaviademo4200/6784/b8996uu/RDK/TextToSpeech/impl/SatToken.cpp not successfully processed
2025-10-21 14:39:08,017 - Knowledge - WARNING - File /app/data/kaviademo4200/6784/b8996uu/RDK/TextToSpeech/impl/TTSCommon.h not successfully processed
2025-10-21 14:39:08,190 - Knowledge - WARNING - File /app/data/kaviademo4200/6784/b8996uu/RDK/TextToSpeech/impl/logger.h not successfully processed
2025-10-21 14:39:08,374 - Knowledge - WARNING - File /app/data/kaviademo4200/6784/b8996uu/RDK/TextToSpeech/impl/logger.cpp not successfully processed
2025-10-21 14:39:08,581 - Knowledge - WARNING - File /app/data/kaviademo4200/6784/b8996uu/RDK/TextToSpeech/impl/TTSConfiguration.h not successfully processed
2025-10-21 14:39:08,772 - Knowledge - WARNING - File /app/data/kaviademo4200/6784/b8996uu/RDK/TextToSpeech/impl/TTSURLConstructer.cpp not successfully processed
2025-10-21 14:39:08,931 - Knowledge - WARNING - File /app/data/kaviademo4200/6784/b8996uu/RDK/TextToSpeech/impl/TTSDownloader.cpp not successfully processed
2025-10-21 14:39:09,117 - Knowledge - WARNING - File /app/data/kaviademo4200/6784/b8996uu/RDK/TextToSpeech/impl/TTSSpeaker.cpp not successfully processed
2025-10-21 14:39:09,275 - Knowledge - WARNING - File /app/data/kaviademo4200/6784/b8996uu/RDK/TextToSpeech/impl/TTSManager.cpp not successfully processed
2025-10-21 14:39:09,497 - Knowledge - WARNING - File /app/data/kaviademo4200/6784/b8996uu/RDK/TextToSpeech/impl/NetworkStatusObserver.cpp not successfully processed
2025-10-21 14:39:09,717 - Knowledge - WARNING - File /app/data/kaviademo4200/6784/b8996uu/RDK/TextToSpeech/TextToSpeech.h not successfully processed
2025-10-21 14:39:09,906 - Knowledge - WARNING - File /app/data/kaviademo4200/6784/b8996uu/RDK/TextToSpeech/TextToSpeech.cpp not successfully processed
2025-10-21 14:39:10,095 - Knowledge - WARNING - File /app/data/kaviademo4200/6784/b8996uu/RDK/TextToSpeech/TextToSpeechImplementation.cpp not successfully processed
2025-10-21 14:39:10,334 - Knowledge - WARNING - File /app/data/kaviademo4200/6784/b8996uu/RDK/l2tests.cmake not successfully processed
2025-10-21 14:39:10,536 - Knowledge - WARNING - File /app/data/kaviademo4200/6784/b8996uu/RDK/HdcpProfile/HdcpProfile.h not successfully processed
2025-10-21 14:39:10,710 - Knowledge - WARNING - File /app/data/kaviademo4200/6784/b8996uu/RDK/HdcpProfile/HdcpProfile.cpp not successfully processed
2025-10-21 14:39:10,892 - Knowledge - WARNING - File /app/data/kaviademo4200/6784/b8996uu/RDK/UnifiedCASManagement/LibMediaPlayerImpl.h not successfully processed
2025-10-21 14:39:11,071 - Knowledge - WARNING - File /app/data/kaviademo4200/6784/b8996uu/RDK/UnifiedCASManagement/UnifiedCASManagement.h not successfully processed
2025-10-21 14:39:11,235 - Knowledge - WARNING - File /app/data/kaviademo4200/6784/b8996uu/RDK/UnifiedCASManagement/UnifiedCASManagement.cpp not successfully processed
2025-10-21 14:39:11,427 - Knowledge - WARNING - File /app/data/kaviademo4200/6784/b8996uu/RDK/UnifiedCASManagement/MediaPlayer.h not successfully processed
2025-10-21 14:39:11,669 - Knowledge - WARNING - File /app/data/kaviademo4200/6784/b8996uu/RDK/UnifiedCASManagement/LibMediaPlayerImpl.cpp not successfully processed
2025-10-21 14:39:11,866 - Knowledge - WARNING - File /app/data/kaviademo4200/6784/b8996uu/RDK/Monitor/MonitorJsonRpc.cpp not successfully processed
2025-10-21 14:39:12,102 - Knowledge - WARNING - File /app/data/kaviademo4200/6784/b8996uu/RDK/Monitor/Monitor.h not successfully processed
2025-10-21 14:39:12,277 - Knowledge - WARNING - File /app/data/kaviademo4200/6784/b8996uu/RDK/Monitor/Monitor.cpp not successfully processed
2025-10-21 14:39:12,497 - Knowledge - WARNING - File /app/data/kaviademo4200/6784/b8996uu/RDK/DeviceDiagnostics/DeviceDiagnostics.h not successfully processed
2025-10-21 14:39:12,723 - Knowledge - WARNING - File /app/data/kaviademo4200/6784/b8996uu/RDK/DeviceDiagnostics/DeviceDiagnostics.cpp not successfully processed
2025-10-21 14:39:12,921 - Knowledge - WARNING - File /app/data/kaviademo4200/6784/b8996uu/RDK/AVOutput/AVOutputTV.h not successfully processed
2025-10-21 14:39:13,143 - Knowledge - WARNING - File /app/data/kaviademo4200/6784/b8996uu/RDK/AVOutput/AVOutputTVHelper.cpp not successfully processed
2025-10-21 14:39:13,369 - Knowledge - WARNING - File /app/data/kaviademo4200/6784/b8996uu/RDK/Analytics/Implementation/Backend/Sift/SiftUploader.h not successfully processed
2025-10-21 14:39:13,576 - Knowledge - WARNING - File /app/data/kaviademo4200/6784/b8996uu/RDK/Analytics/Implementation/Backend/Sift/SiftBackend.h not successfully processed
2025-10-21 14:39:13,794 - Knowledge - WARNING - File /app/data/kaviademo4200/6784/b8996uu/RDK/Analytics/Implementation/Backend/Sift/SiftStore.cpp not successfully processed
2025-10-21 14:39:13,987 - Knowledge - WARNING - File /app/data/kaviademo4200/6784/b8996uu/RDK/Analytics/Implementation/Backend/Sift/SiftConfig.h not successfully processed
2025-10-21 14:39:14,199 - Knowledge - WARNING - File /app/data/kaviademo4200/6784/b8996uu/RDK/Analytics/Implementation/Backend/Sift/SiftConfig.cpp not successfully processed
2025-10-21 14:39:14,372 - Knowledge - WARNING - File /app/data/kaviademo4200/6784/b8996uu/RDK/Analytics/Implementation/Backend/Sift/SiftUploader.cpp not successfully processed
2025-10-21 14:39:14,531 - Knowledge - WARNING - File /app/data/kaviademo4200/6784/b8996uu/RDK/Analytics/Implementation/Backend/Sift/SiftBackend.cpp not successfully processed
2025-10-21 14:39:14,721 - Knowledge - WARNING - File /app/data/kaviademo4200/6784/b8996uu/RDK/Analytics/Implementation/LocalStore/DatabaseInterface.h not successfully processed
2025-10-21 14:39:14,925 - Knowledge - WARNING - File /app/data/kaviademo4200/6784/b8996uu/RDK/Analytics/Implementation/LocalStore/DatabaseConnection.cpp not successfully processed
2025-10-21 14:39:15,150 - Knowledge - WARNING - File /app/data/kaviademo4200/6784/b8996uu/RDK/Analytics/Implementation/LocalStore/LocalStore.cpp not successfully processed
2025-10-21 14:39:15,345 - Knowledge - WARNING - File /app/data/kaviademo4200/6784/b8996uu/RDK/Analytics/Implementation/LocalStore/DatabaseConnection.h not successfully processed
2025-10-21 14:39:15,526 - Knowledge - WARNING - File /app/data/kaviademo4200/6784/b8996uu/RDK/Analytics/Implementation/SystemTime/SystemTime.h not successfully processed
2025-10-21 14:39:15,725 - Knowledge - WARNING - File /app/data/kaviademo4200/6784/b8996uu/RDK/Analytics/Implementation/SystemTime/SystemTime.cpp not successfully processed
2025-10-21 14:39:15,880 - Knowledge - WARNING - File /app/data/kaviademo4200/6784/b8996uu/RDK/Analytics/Implementation/AnalyticsImplementation.h not successfully processed
2025-10-21 14:39:16,042 - Knowledge - WARNING - File /app/data/kaviademo4200/6784/b8996uu/RDK/Analytics/Implementation/AnalyticsImplementation.cpp not successfully processed
2025-10-21 14:39:16,211 - Knowledge - WARNING - File /app/data/kaviademo4200/6784/b8996uu/RDK/Analytics/Analytics.h not successfully processed
2025-10-21 14:39:16,440 - Knowledge - WARNING - File /app/data/kaviademo4200/6784/b8996uu/RDK/Analytics/Analytics.cpp not successfully processed
2025-10-21 14:39:16,655 - Knowledge - WARNING - File /app/data/kaviademo4200/6784/b8996uu/RDK/Miracast/MiracastPlayer/Amlogic/SoC_GstPlayer.cpp not successfully processed
2025-10-21 14:39:16,831 - Knowledge - WARNING - File /app/data/kaviademo4200/6784/b8996uu/RDK/Miracast/MiracastPlayer/MiracastPlayer.cpp not successfully processed
2025-10-21 14:39:17,025 - Knowledge - WARNING - File /app/data/kaviademo4200/6784/b8996uu/RDK/Miracast/MiracastPlayer/RTSP/MiracastRTSPMsg.h not successfully processed
2025-10-21 14:39:17,227 - Knowledge - WARNING - File /app/data/kaviademo4200/6784/b8996uu/RDK/Miracast/MiracastPlayer/RTSP/MiracastRTSPMsg.cpp not successfully processed
2025-10-21 14:39:17,401 - Knowledge - WARNING - File /app/data/kaviademo4200/6784/b8996uu/RDK/Miracast/MiracastPlayer/SoC_GstPlayer.h not successfully processed
2025-10-21 14:39:17,599 - Knowledge - WARNING - File /app/data/kaviademo4200/6784/b8996uu/RDK/Miracast/MiracastPlayer/MiracastPlayer.h not successfully processed
2025-10-21 14:39:17,783 - Knowledge - WARNING - File /app/data/kaviademo4200/6784/b8996uu/RDK/Miracast/common/MiracastLogger.h not successfully processed
2025-10-21 14:39:18,007 - Knowledge - WARNING - File /app/data/kaviademo4200/6784/b8996uu/RDK/Miracast/common/MiracastCommon.cpp not successfully processed
2025-10-21 14:39:18,188 - Knowledge - WARNING - File /app/data/kaviademo4200/6784/b8996uu/RDK/Miracast/common/MiracastLogger.cpp not successfully processed
2025-10-21 14:39:18,392 - Knowledge - WARNING - File /app/data/kaviademo4200/6784/b8996uu/RDK/Miracast/common/MiracastCommon.h not successfully processed
2025-10-21 14:39:18,611 - Knowledge - WARNING - File /app/data/kaviademo4200/6784/b8996uu/RDK/Miracast/MiracastService/P2P/MiracastP2P.h not successfully processed
2025-10-21 14:39:18,815 - Knowledge - WARNING - File /app/data/kaviademo4200/6784/b8996uu/RDK/Miracast/MiracastService/P2P/MiracastP2P.cpp not successfully processed
2025-10-21 14:39:19,021 - Knowledge - WARNING - File /app/data/kaviademo4200/6784/b8996uu/RDK/Miracast/MiracastService/MiracastService.cpp not successfully processed
2025-10-21 14:39:19,256 - Knowledge - WARNING - File /app/data/kaviademo4200/6784/b8996uu/RDK/Miracast/MiracastService/MiracastController.h not successfully processed
2025-10-21 14:39:19,424 - Knowledge - WARNING - File /app/data/kaviademo4200/6784/b8996uu/RDK/Miracast/MiracastService/MiracastController.cpp not successfully processed
2025-10-21 14:39:19,618 - Knowledge - WARNING - File /app/data/kaviademo4200/6784/b8996uu/RDK/Miracast/MiracastService/MiracastService.h not successfully processed
2025-10-21 14:39:19,844 - Knowledge - WARNING - File /app/data/kaviademo4200/6784/b8996uu/RDK/SystemAudioPlayer/SystemAudioPlayerImplementation.h not successfully processed
2025-10-21 14:39:20,057 - Knowledge - WARNING - File /app/data/kaviademo4200/6784/b8996uu/RDK/SystemAudioPlayer/SystemAudioPlayerJsonRpc.cpp not successfully processed
2025-10-21 14:39:20,267 - Knowledge - WARNING - File /app/data/kaviademo4200/6784/b8996uu/RDK/SystemAudioPlayer/impl/BufferQueue.cpp not successfully processed
2025-10-21 14:39:20,461 - Knowledge - WARNING - File /app/data/kaviademo4200/6784/b8996uu/RDK/SystemAudioPlayer/impl/AudioPlayer.cpp not successfully processed
2025-10-21 14:39:20,653 - Knowledge - WARNING - File /app/data/kaviademo4200/6784/b8996uu/RDK/SystemAudioPlayer/impl/amlogic/SoC_abstraction.cpp not successfully processed
2025-10-21 14:39:20,918 - Knowledge - WARNING - File /app/data/kaviademo4200/6784/b8996uu/RDK/SystemAudioPlayer/impl/Helper.h not successfully processed
2025-10-21 14:39:21,124 - Knowledge - WARNING - File /app/data/kaviademo4200/6784/b8996uu/RDK/SystemAudioPlayer/impl/logger.h not successfully processed
2025-10-21 14:39:21,317 - Knowledge - WARNING - File /app/data/kaviademo4200/6784/b8996uu/RDK/SystemAudioPlayer/impl/WebSocketClientImpl.h not successfully processed
2025-10-21 14:39:21,512 - Knowledge - WARNING - File /app/data/kaviademo4200/6784/b8996uu/RDK/SystemAudioPlayer/impl/logger.cpp not successfully processed
2025-10-21 14:39:21,726 - Knowledge - WARNING - File /app/data/kaviademo4200/6784/b8996uu/RDK/SystemAudioPlayer/impl/AudioPlayer.h not successfully processed
2025-10-21 14:39:21,901 - Knowledge - WARNING - File /app/data/kaviademo4200/6784/b8996uu/RDK/SystemAudioPlayer/SystemAudioPlayer.h not successfully processed
2025-10-21 14:39:22,074 - Knowledge - WARNING - File /app/data/kaviademo4200/6784/b8996uu/RDK/SystemAudioPlayer/SystemAudioPlayer.cpp not successfully processed
2025-10-21 14:39:22,287 - Knowledge - WARNING - File /app/data/kaviademo4200/6784/b8996uu/RDK/SystemAudioPlayer/SystemAudioPlayerImplementation.cpp not successfully processed
2025-10-21 14:39:22,502 - Knowledge - INFO - Processing batch of 113 files
2025-10-21 14:39:22,681 - Knowledge - INFO - process ingested knowledge for /app/data/kaviademo4200/6784/b8996uu/RDK/UserSettings/UserSettings.json
2025-10-21 14:39:22,893 - Knowledge - INFO - process ingested knowledge for /app/data/kaviademo4200/6784/b8996uu/RDK/UserSettings/Module.h
2025-10-21 14:39:23,090 - Knowledge - INFO - process ingested knowledge for /app/data/kaviademo4200/6784/b8996uu/RDK/UserSettings/CMakeLists.txt
2025-10-21 14:39:23,274 - Knowledge - INFO - process ingested knowledge for /app/data/kaviademo4200/6784/b8996uu/RDK/UserSettings/Module.cpp
2025-10-21 14:39:23,455 - Knowledge - INFO - process ingested knowledge for /app/data/kaviademo4200/6784/b8996uu/RDK/UserSettings/CHANGELOG.md
2025-10-21 14:39:23,659 - Knowledge - INFO - process ingested knowledge for /app/data/kaviademo4200/6784/b8996uu/RDK/UserSettings/UserSettingsPlugin.json
2025-10-21 14:39:23,867 - Knowledge - INFO - process ingested knowledge for /app/data/kaviademo4200/6784/b8996uu/RDK/TraceControl/TraceControl.json
2025-10-21 14:39:24,048 - Knowledge - INFO - process ingested knowledge for /app/data/kaviademo4200/6784/b8996uu/RDK/TraceControl/Module.h
2025-10-21 14:39:24,234 - Knowledge - INFO - process ingested knowledge for /app/data/kaviademo4200/6784/b8996uu/RDK/TraceControl/doc/TraceControlPlugin.md
2025-10-21 14:39:24,423 - Knowledge - INFO - process ingested knowledge for /app/data/kaviademo4200/6784/b8996uu/RDK/TraceControl/CMakeLists.txt
2025-10-21 14:39:24,639 - Knowledge - INFO - process ingested knowledge for /app/data/kaviademo4200/6784/b8996uu/RDK/TraceControl/Module.cpp
2025-10-21 14:39:24,860 - Knowledge - INFO - process ingested knowledge for /app/data/kaviademo4200/6784/b8996uu/RDK/TraceControl/TraceControlPlugin.json
2025-10-21 14:39:25,062 - Knowledge - INFO - process ingested knowledge for /app/data/kaviademo4200/6784/b8996uu/RDK/TraceControl/CHANGELOG.md
2025-10-21 14:39:25,240 - Knowledge - INFO - process ingested knowledge for /app/data/kaviademo4200/6784/b8996uu/RDK/TextToSpeech/test/TTSThunderAPITest.cpp
2025-10-21 14:39:25,437 - Knowledge - INFO - process ingested knowledge for /app/data/kaviademo4200/6784/b8996uu/RDK/TextToSpeech/test/Module.h
2025-10-21 14:39:25,668 - Knowledge - INFO - process ingested knowledge for /app/data/kaviademo4200/6784/b8996uu/RDK/TextToSpeech/test/CMakeLists.txt
2025-10-21 14:39:25,872 - Knowledge - INFO - process ingested knowledge for /app/data/kaviademo4200/6784/b8996uu/RDK/TextToSpeech/TextToSpeech.json
2025-10-21 14:39:26,089 - Knowledge - INFO - process ingested knowledge for /app/data/kaviademo4200/6784/b8996uu/RDK/TextToSpeech/Module.h
2025-10-21 14:39:26,272 - Knowledge - INFO - process ingested knowledge for /app/data/kaviademo4200/6784/b8996uu/RDK/TextToSpeech/impl/TTSURLConstructer.h
2025-10-21 14:39:26,484 - Knowledge - INFO - process ingested knowledge for /app/data/kaviademo4200/6784/b8996uu/RDK/TextToSpeech/impl/TTSDownloader.h
2025-10-21 14:39:26,679 - Knowledge - INFO - process ingested knowledge for /app/data/kaviademo4200/6784/b8996uu/RDK/TextToSpeech/impl/NetworkStatusObserver.h
2025-10-21 14:39:26,844 - Knowledge - INFO - process ingested knowledge for /app/data/kaviademo4200/6784/b8996uu/RDK/TextToSpeech/impl/SatToken.h
2025-10-21 14:39:27,040 - Knowledge - INFO - process ingested knowledge for /app/data/kaviademo4200/6784/b8996uu/RDK/TextToSpeech/CMakeLists.txt
2025-10-21 14:39:27,232 - Knowledge - INFO - process ingested knowledge for /app/data/kaviademo4200/6784/b8996uu/RDK/TextToSpeech/TextToSpeechPlugin.json
2025-10-21 14:39:27,418 - Knowledge - INFO - process ingested knowledge for /app/data/kaviademo4200/6784/b8996uu/RDK/TextToSpeech/Module.cpp
2025-10-21 14:39:27,576 - Knowledge - INFO - process ingested knowledge for /app/data/kaviademo4200/6784/b8996uu/RDK/TextToSpeech/CHANGELOG.md
2025-10-21 14:39:27,740 - Knowledge - INFO - process ingested knowledge for /app/data/kaviademo4200/6784/b8996uu/RDK/HdcpProfile/HdcpProfile.json
2025-10-21 14:39:27,919 - Knowledge - INFO - process ingested knowledge for /app/data/kaviademo4200/6784/b8996uu/RDK/HdcpProfile/Module.h
2025-10-21 14:39:28,108 - Knowledge - INFO - process ingested knowledge for /app/data/kaviademo4200/6784/b8996uu/RDK/HdcpProfile/CMakeLists.txt
2025-10-21 14:39:28,284 - Knowledge - INFO - process ingested knowledge for /app/data/kaviademo4200/6784/b8996uu/RDK/HdcpProfile/README.md
2025-10-21 14:39:28,519 - Knowledge - INFO - process ingested knowledge for /app/data/kaviademo4200/6784/b8996uu/RDK/HdcpProfile/HdcpProfilePlugin.json
2025-10-21 14:39:28,715 - Knowledge - INFO - process ingested knowledge for /app/data/kaviademo4200/6784/b8996uu/RDK/HdcpProfile/Module.cpp
2025-10-21 14:39:28,899 - Knowledge - INFO - process ingested knowledge for /app/data/kaviademo4200/6784/b8996uu/RDK/HdcpProfile/CHANGELOG.md
2025-10-21 14:39:29,119 - Knowledge - INFO - process ingested knowledge for /app/data/kaviademo4200/6784/b8996uu/RDK/UnifiedCASManagement/Module.h
2025-10-21 14:39:29,275 - Knowledge - INFO - process ingested knowledge for /app/data/kaviademo4200/6784/b8996uu/RDK/UnifiedCASManagement/doc/UnifiedCASManagementService.md
2025-10-21 14:39:29,461 - Knowledge - INFO - process ingested knowledge for /app/data/kaviademo4200/6784/b8996uu/RDK/UnifiedCASManagement/CMakeLists.txt
2025-10-21 14:39:29,673 - Knowledge - INFO - process ingested knowledge for /app/data/kaviademo4200/6784/b8996uu/RDK/UnifiedCASManagement/Module.cpp
2025-10-21 14:39:29,886 - Knowledge - INFO - process ingested knowledge for /app/data/kaviademo4200/6784/b8996uu/RDK/UnifiedCASManagement/CHANGELOG.md
2025-10-21 14:39:30,073 - Knowledge - INFO - process ingested knowledge for /app/data/kaviademo4200/6784/b8996uu/RDK/UnifiedCASManagement/UnifiedCASManagementPlugin.json
2025-10-21 14:39:30,280 - Knowledge - INFO - process ingested knowledge for /app/data/kaviademo4200/6784/b8996uu/RDK/Monitor/Monitor.json
2025-10-21 14:39:30,460 - Knowledge - INFO - process ingested knowledge for /app/data/kaviademo4200/6784/b8996uu/RDK/Monitor/Module.h
2025-10-21 14:39:30,657 - Knowledge - INFO - process ingested knowledge for /app/data/kaviademo4200/6784/b8996uu/RDK/Monitor/doc/MonitorPlugin.md
2025-10-21 14:39:30,860 - Knowledge - INFO - process ingested knowledge for /app/data/kaviademo4200/6784/b8996uu/RDK/Monitor/CMakeLists.txt
2025-10-21 14:39:31,056 - Knowledge - INFO - process ingested knowledge for /app/data/kaviademo4200/6784/b8996uu/RDK/Monitor/Module.cpp
2025-10-21 14:39:31,230 - Knowledge - INFO - process ingested knowledge for /app/data/kaviademo4200/6784/b8996uu/RDK/Monitor/CHANGELOG.md
2025-10-21 14:39:31,430 - Knowledge - INFO - process ingested knowledge for /app/data/kaviademo4200/6784/b8996uu/RDK/Monitor/MonitorPlugin.json
2025-10-21 14:39:31,655 - Knowledge - INFO - process ingested knowledge for /app/data/kaviademo4200/6784/b8996uu/RDK/DeviceDiagnostics/DeviceDiagnostics.json
2025-10-21 14:39:31,845 - Knowledge - INFO - process ingested knowledge for /app/data/kaviademo4200/6784/b8996uu/RDK/DeviceDiagnostics/Module.h
2025-10-21 14:39:32,019 - Knowledge - INFO - process ingested knowledge for /app/data/kaviademo4200/6784/b8996uu/RDK/DeviceDiagnostics/CMakeLists.txt
2025-10-21 14:39:32,196 - Knowledge - INFO - process ingested knowledge for /app/data/kaviademo4200/6784/b8996uu/RDK/DeviceDiagnostics/README.md
2025-10-21 14:39:32,338 - Knowledge - INFO - process ingested knowledge for /app/data/kaviademo4200/6784/b8996uu/RDK/DeviceDiagnostics/Module.cpp
2025-10-21 14:39:32,543 - Knowledge - INFO - process ingested knowledge for /app/data/kaviademo4200/6784/b8996uu/RDK/DeviceDiagnostics/CHANGELOG.md
2025-10-21 14:39:32,712 - Knowledge - INFO - process ingested knowledge for /app/data/kaviademo4200/6784/b8996uu/RDK/DeviceDiagnostics/DeviceDiagnosticsPlugin.json
2025-10-21 14:39:32,876 - Knowledge - INFO - process ingested knowledge for /app/data/kaviademo4200/6784/b8996uu/RDK/AVOutput/AVOutput.json
2025-10-21 14:39:33,083 - Knowledge - INFO - process ingested knowledge for /app/data/kaviademo4200/6784/b8996uu/RDK/AVOutput/AVOutputBase.cpp
2025-10-21 14:39:33,258 - Knowledge - INFO - process ingested knowledge for /app/data/kaviademo4200/6784/b8996uu/RDK/AVOutput/Module.h
2025-10-21 14:39:33,437 - Knowledge - INFO - process ingested knowledge for /app/data/kaviademo4200/6784/b8996uu/RDK/AVOutput/AVOutputSTB.cpp
2025-10-21 14:39:33,600 - Knowledge - INFO - process ingested knowledge for /app/data/kaviademo4200/6784/b8996uu/RDK/AVOutput/AVOutput.h
2025-10-21 14:39:33,784 - Knowledge - INFO - process ingested knowledge for /app/data/kaviademo4200/6784/b8996uu/RDK/AVOutput/CMakeLists.txt
2025-10-21 14:39:33,977 - Knowledge - INFO - process ingested knowledge for /app/data/kaviademo4200/6784/b8996uu/RDK/AVOutput/AVOutput.cpp
2025-10-21 14:39:34,178 - Knowledge - INFO - process ingested knowledge for /app/data/kaviademo4200/6784/b8996uu/RDK/AVOutput/AVOutputBase.h
2025-10-21 14:39:34,408 - Knowledge - INFO - process ingested knowledge for /app/data/kaviademo4200/6784/b8996uu/RDK/AVOutput/AVOutputTV.cpp
2025-10-21 14:39:34,616 - Knowledge - INFO - process ingested knowledge for /app/data/kaviademo4200/6784/b8996uu/RDK/AVOutput/Module.cpp
2025-10-21 14:39:34,807 - Knowledge - INFO - process ingested knowledge for /app/data/kaviademo4200/6784/b8996uu/RDK/AVOutput/CHANGELOG.md
2025-10-21 14:39:35,007 - Knowledge - INFO - process ingested knowledge for /app/data/kaviademo4200/6784/b8996uu/RDK/AVOutput/AVOutputSTB.h
2025-10-21 14:39:35,186 - Knowledge - INFO - process ingested knowledge for /app/data/kaviademo4200/6784/b8996uu/RDK/Analytics/Analytics.json
2025-10-21 14:39:35,393 - Knowledge - INFO - process ingested knowledge for /app/data/kaviademo4200/6784/b8996uu/RDK/Analytics/Module.h
2025-10-21 14:39:35,584 - Knowledge - INFO - process ingested knowledge for /app/data/kaviademo4200/6784/b8996uu/RDK/Analytics/Implementation/Backend/Sift/CMakeLists.txt
2025-10-21 14:39:35,780 - Knowledge - INFO - process ingested knowledge for /app/data/kaviademo4200/6784/b8996uu/RDK/Analytics/Implementation/Backend/Sift/SiftStore.h
2025-10-21 14:39:35,982 - Knowledge - INFO - process ingested knowledge for /app/data/kaviademo4200/6784/b8996uu/RDK/Analytics/Implementation/Backend/AnalyticsBackend.h
2025-10-21 14:39:36,158 - Knowledge - INFO - process ingested knowledge for /app/data/kaviademo4200/6784/b8996uu/RDK/Analytics/Implementation/Backend/CMakeLists.txt
2025-10-21 14:39:36,387 - Knowledge - INFO - process ingested knowledge for /app/data/kaviademo4200/6784/b8996uu/RDK/Analytics/Implementation/Backend/AnalyticsBackend.cpp
2025-10-21 14:39:36,570 - Knowledge - INFO - process ingested knowledge for /app/data/kaviademo4200/6784/b8996uu/RDK/Analytics/Implementation/LocalStore/CMakeLists.txt
2025-10-21 14:39:36,739 - Knowledge - INFO - process ingested knowledge for /app/data/kaviademo4200/6784/b8996uu/RDK/Analytics/Implementation/LocalStore/LocalStore.h
2025-10-21 14:39:36,927 - Knowledge - INFO - process ingested knowledge for /app/data/kaviademo4200/6784/b8996uu/RDK/Analytics/Implementation/SystemTime/CMakeLists.txt
2025-10-21 14:39:37,144 - Knowledge - INFO - process ingested knowledge for /app/data/kaviademo4200/6784/b8996uu/RDK/Analytics/CMakeLists.txt
2025-10-21 14:39:37,317 - Knowledge - INFO - process ingested knowledge for /app/data/kaviademo4200/6784/b8996uu/RDK/Analytics/Module.cpp
2025-10-21 14:39:37,482 - Knowledge - INFO - process ingested knowledge for /app/data/kaviademo4200/6784/b8996uu/RDK/Analytics/CHANGELOG.md
2025-10-21 14:39:37,669 - Knowledge - INFO - process ingested knowledge for /app/data/kaviademo4200/6784/b8996uu/RDK/Analytics/AnalyticsPlugin.json
2025-10-21 14:39:37,863 - Knowledge - INFO - process ingested knowledge for /app/data/kaviademo4200/6784/b8996uu/RDK/Miracast/MiracastPlayerPlugin.json
2025-10-21 14:39:38,064 - Knowledge - INFO - process ingested knowledge for /app/data/kaviademo4200/6784/b8996uu/RDK/Miracast/MiracastServicePlugin.json
2025-10-21 14:39:38,225 - Knowledge - INFO - process ingested knowledge for /app/data/kaviademo4200/6784/b8996uu/RDK/Miracast/CMakeLists.txt
2025-10-21 14:39:38,406 - Knowledge - INFO - process ingested knowledge for /app/data/kaviademo4200/6784/b8996uu/RDK/Miracast/MiracastPlayer/Test/SoC_GstPlayer.cpp
2025-10-21 14:39:38,630 - Knowledge - INFO - process ingested knowledge for /app/data/kaviademo4200/6784/b8996uu/RDK/Miracast/MiracastPlayer/MiracastPlayerPlugin.json
2025-10-21 14:39:38,782 - Knowledge - INFO - process ingested knowledge for /app/data/kaviademo4200/6784/b8996uu/RDK/Miracast/MiracastPlayer/Module.h
2025-10-21 14:39:38,961 - Knowledge - INFO - process ingested knowledge for /app/data/kaviademo4200/6784/b8996uu/RDK/Miracast/MiracastPlayer/CMakeLists.txt
2025-10-21 14:39:39,159 - Knowledge - INFO - process ingested knowledge for /app/data/kaviademo4200/6784/b8996uu/RDK/Miracast/MiracastPlayer/MiracastPlayer.json
2025-10-21 14:39:39,334 - Knowledge - INFO - process ingested knowledge for /app/data/kaviademo4200/6784/b8996uu/RDK/Miracast/MiracastPlayer/Module.cpp
2025-10-21 14:39:39,520 - Knowledge - INFO - process ingested knowledge for /app/data/kaviademo4200/6784/b8996uu/RDK/Miracast/MiracastService/Module.h
2025-10-21 14:39:39,719 - Knowledge - INFO - process ingested knowledge for /app/data/kaviademo4200/6784/b8996uu/RDK/Miracast/MiracastService/MiracastServicePlugin.json
2025-10-21 14:39:39,916 - Knowledge - INFO - process ingested knowledge for /app/data/kaviademo4200/6784/b8996uu/RDK/Miracast/MiracastService/CMakeLists.txt
2025-10-21 14:39:40,123 - Knowledge - INFO - process ingested knowledge for /app/data/kaviademo4200/6784/b8996uu/RDK/Miracast/MiracastService/MiracastService.json
2025-10-21 14:39:40,304 - Knowledge - INFO - process ingested knowledge for /app/data/kaviademo4200/6784/b8996uu/RDK/Miracast/MiracastService/Module.cpp
2025-10-21 14:39:40,506 - Knowledge - INFO - process ingested knowledge for /app/data/kaviademo4200/6784/b8996uu/RDK/Miracast/CHANGELOG.md
2025-10-21 14:39:40,700 - Knowledge - INFO - process ingested knowledge for /app/data/kaviademo4200/6784/b8996uu/RDK/SystemAudioPlayer/test/Module.h
2025-10-21 14:39:40,860 - Knowledge - INFO - process ingested knowledge for /app/data/kaviademo4200/6784/b8996uu/RDK/SystemAudioPlayer/test/CMakeLists.txt
2025-10-21 14:39:41,076 - Knowledge - INFO - process ingested knowledge for /app/data/kaviademo4200/6784/b8996uu/RDK/SystemAudioPlayer/test/SAPThunderAPITest.cpp
2025-10-21 14:39:41,279 - Knowledge - INFO - process ingested knowledge for /app/data/kaviademo4200/6784/b8996uu/RDK/SystemAudioPlayer/test/SoC_abstraction.cpp
2025-10-21 14:39:41,473 - Knowledge - INFO - process ingested knowledge for /app/data/kaviademo4200/6784/b8996uu/RDK/SystemAudioPlayer/Module.h
2025-10-21 14:39:41,664 - Knowledge - INFO - process ingested knowledge for /app/data/kaviademo4200/6784/b8996uu/RDK/SystemAudioPlayer/SystemAudioPlayer.json
2025-10-21 14:39:41,866 - Knowledge - INFO - process ingested knowledge for /app/data/kaviademo4200/6784/b8996uu/RDK/SystemAudioPlayer/impl/realtek/SoC_abstraction.cpp
2025-10-21 14:39:42,073 - Knowledge - INFO - process ingested knowledge for /app/data/kaviademo4200/6784/b8996uu/RDK/SystemAudioPlayer/impl/SoC_abstraction.h
2025-10-21 14:39:42,254 - Knowledge - INFO - process ingested knowledge for /app/data/kaviademo4200/6784/b8996uu/RDK/SystemAudioPlayer/impl/SecuredWebSocketClient.cpp
2025-10-21 14:39:42,430 - Knowledge - INFO - process ingested knowledge for /app/data/kaviademo4200/6784/b8996uu/RDK/SystemAudioPlayer/impl/SecurityParameters.h
2025-10-21 14:39:42,644 - Knowledge - INFO - process ingested knowledge for /app/data/kaviademo4200/6784/b8996uu/RDK/SystemAudioPlayer/impl/UnsecuredWebSocketClient.h
2025-10-21 14:39:42,818 - Knowledge - INFO - process ingested knowledge for /app/data/kaviademo4200/6784/b8996uu/RDK/SystemAudioPlayer/impl/BufferQueue.h
2025-10-21 14:39:42,984 - Knowledge - INFO - process ingested knowledge for /app/data/kaviademo4200/6784/b8996uu/RDK/SystemAudioPlayer/impl/IWebSocketClient.h
2025-10-21 14:39:43,189 - Knowledge - INFO - process ingested knowledge for /app/data/kaviademo4200/6784/b8996uu/RDK/SystemAudioPlayer/impl/UnsecuredWebSocketClient.cpp
2025-10-21 14:39:43,348 - Knowledge - INFO - process ingested knowledge for /app/data/kaviademo4200/6784/b8996uu/RDK/SystemAudioPlayer/impl/SecuredWebSocketClient.h
2025-10-21 14:39:43,543 - Knowledge - INFO - process ingested knowledge for /app/data/kaviademo4200/6784/b8996uu/RDK/SystemAudioPlayer/impl/broadcom/SoC_abstraction.cpp
2025-10-21 14:39:43,718 - Knowledge - INFO - process ingested knowledge for /app/data/kaviademo4200/6784/b8996uu/RDK/SystemAudioPlayer/CMakeLists.txt
2025-10-21 14:39:43,955 - Knowledge - INFO - process ingested knowledge for /app/data/kaviademo4200/6784/b8996uu/RDK/SystemAudioPlayer/ISystemAudioPlayer.h
2025-10-21 14:39:44,171 - Knowledge - INFO - process ingested knowledge for /app/data/kaviademo4200/6784/b8996uu/RDK/SystemAudioPlayer/SystemAudioPlayerPlugin.json
2025-10-21 14:39:53,662 - Knowledge - INFO - Knowledge creation complete
2025-10-21 14:39:53,870 - Knowledge - INFO - ==================================================
2025-10-21 14:39:54,041 - Knowledge - INFO - KNOWLEDGE GRAPH GENERATION PERFORMANCE SUMMARY
2025-10-21 14:39:54,264 - Knowledge - INFO - ==================================================
2025-10-21 14:39:54,440 - Knowledge - INFO - Total processing time: 647.41 seconds (10.79 minutes)
2025-10-21 14:39:54,627 - Knowledge - INFO - Files processed: 0
2025-10-21 14:39:54,773 - Knowledge - INFO - Processing rate: 0.00 files/second
2025-10-21 14:39:54,938 - Knowledge - INFO - 
[TIME_BREAKDOWN]
2025-10-21 14:39:55,092 - Knowledge - INFO - File Reading: 0.00s (0.0%)
2025-10-21 14:39:55,306 - Knowledge - INFO - LLM Processing: 1151.76s (177.9%)
2025-10-21 14:39:55,538 - Knowledge - INFO - MongoDB Operations: 0.00s (0.0%)
2025-10-21 14:39:55,711 - Knowledge - INFO - Redis Operations: 0.00s (0.0%)
2025-10-21 14:39:55,869 - Knowledge - INFO - WebSocket Communication: 4.80s (0.7%)
2025-10-21 14:39:56,026 - Knowledge - INFO - 
[LLM_STATS]
2025-10-21 14:39:56,235 - Knowledge - INFO - Total LLM calls: 31
2025-10-21 14:39:56,450 - Knowledge - INFO - Average LLM response time: 37154ms
2025-10-21 14:39:56,650 - Knowledge - INFO - Average prompt tokens: 84476.6
2025-10-21 14:39:56,864 - Knowledge - INFO - Average completion tokens: 12241.5
2025-10-21 14:39:57,056 - Knowledge - INFO - Total prompt tokens: 2618774
2025-10-21 14:39:57,258 - Knowledge - INFO - Total completion tokens: 379487
2025-10-21 14:39:57,401 - Knowledge - INFO - Total LLM cost: $0.0000
2025-10-21 14:39:57,574 - Knowledge - INFO - 
[DATABASE_STATS]
2025-10-21 14:39:57,795 - Knowledge - INFO - MongoDB operations: 0
2025-10-21 14:39:57,950 - Knowledge - INFO - Redis operations: 0
2025-10-21 14:39:58,149 - Knowledge - INFO - 
[COMMUNICATION_STATS]
2025-10-21 14:39:58,325 - Knowledge - INFO - WebSocket messages sent: 10
2025-10-21 14:39:58,524 - Knowledge - INFO - Average message size: 147.4 bytes
2025-10-21 14:39:58,687 - Knowledge - INFO - 
[WORKER_STATS]
2025-10-21 14:39:58,897 - Knowledge - INFO - 
[FILE_TYPE_STATS]
2025-10-21 14:39:59,076 - Knowledge - INFO - 
[SLOWEST_FILES]
2025-10-21 14:39:59,265 - Knowledge - INFO - ==================================================
2025-10-21 14:39:59,448 - Knowledge - INFO - ==================================================
2025-10-21 14:39:59,619 - Knowledge - INFO - KNOWLEDGE GRAPH GENERATION PERFORMANCE SUMMARY
2025-10-21 14:39:59,798 - Knowledge - INFO - ==================================================
2025-10-21 14:40:00,000 - Knowledge - INFO - Total processing time: 653.01 seconds (10.88 minutes)
2025-10-21 14:40:00,191 - Knowledge - INFO - Files processed: 993 of 1389
2025-10-21 14:40:00,388 - Knowledge - INFO - Processing rate: 1.52 files/second
2025-10-21 14:40:00,586 - Knowledge - INFO - WebSocket messages sent: 5
2025-10-21 14:40:00,778 - Knowledge - INFO - MongoDB operations: 993
2025-10-21 14:40:00,935 - Knowledge - INFO - Average MongoDB ops per file: 1.00
2025-10-21 14:40:01,112 - Knowledge - INFO - LLM costs: $0.0281
2025-10-21 14:40:01,317 - Knowledge - INFO - Prompt tokens: 181728
2025-10-21 14:40:01,513 - Knowledge - INFO - Completion tokens: 24777
2025-10-21 14:40:01,704 - Knowledge - INFO - Updating org costs, total cost: 0.0280836
2025-10-21 14:40:02,288 - Knowledge - INFO - [WEBSOCKET] Sent: Type=progress_update, Size: 290, Duration: 0ms
2025-10-21 14:40:02,515 - Knowledge - INFO - Saving knowledge to Redis...
2025-10-21 14:40:03,110 - Knowledge - INFO - Knowledge saved to Redis successfully
